{
"type": "FeatureCollection",
"name": "KALBAR A",
"crs": { "type": "name", "properties": { "name": "urn:ogc:def:crs:EPSG::3857" } },
"features": [
{"type":"Feature","properties":{"CompanyCode":"KALBAR - A"},"geometry":{"type":"MultiPolygon","coordinates":[[[[12134976.3327,75444.129599999636412],[12134938.0405,75279.787900000810623],[12134768.543499998748302,75250.821299999952316],[12134768.622000001370907,75057.901000000536442],[12134768.7088,74844.002599999308586],[12134572.953200001269579,74821.949999999254942],[12134566.7597,74819.043099999427795],[12134564.5662,74818.950699999928474],[12134528.7681,74817.442499998956919],[12134496.303599998354912,74816.966299999505281],[12134457.5685,74815.299400001764297],[12134424.9454,74813.632500000298023],[12134395.259100001305342,74813.711899999529123],[12134369.462000001221895,74813.870600000023842],[12134329.218899998813868,74814.50560000166297],[12134303.3264,74815.966400001198053],[12134294.185899998992682,74816.48200000077486],[12134269.256099998950958,74816.135400000959635],[12134233.9481,74814.88569999858737],[12134174.0464,74810.440699998289347],[12134146.9043,74807.368000000715256],[12134146.9043,74756.507399998605251],[12134141.801,74718.936500001698732],[12134141.666900001466274,74716.76410000026226],[12134140.478100001811981,74697.505199998617172],[12134139.155299998819828,74670.782200001180172],[12134139.155299998819828,74648.028000000864267],[12134140.4782,74609.134100001305342],[12134134.6573,74513.090199999511242],[12134134.5466,74509.608300000429153],[12134133.5882,74479.465900000184774],[12134131.7465,74445.266399998217821],[12134129.8548,74412.880100000649691],[12134127.9624,74382.411400001496077],[12134126.1237,74349.865299999713898],[12134124.1778,74320.781399998813868],[12134122.7086,74290.366099998354912],[12134121.503199998289347,74261.761900000274181],[12134119.353,74214.567699998617172],[12134118.305599998682737,74187.934500001370907],[12134115.5834,74135.214200001209974],[12134115.313099998980761,74129.980099998414516],[12134111.809799998998642,74073.718100000172853],[12134111.615600001066923,74070.599899999797344],[12134111.559099998325109,74069.693500000983477],[12134111.3059,74065.62779999896884],[12134111.253400001674891,74064.783500000834465],[12134110.80290000140667,74057.551500000059605],[12133970.0799,74056.338599998503923],[12133969.9243,74057.878199998289347],[12133966.961,74086.241500001400709],[12133966.8567,74087.83500000089407],[12133966.4534,74093.999400001019239],[12133966.304699998348951,74093.979699999094009],[12133966.156100001186132,74093.958399999886751],[12133963.377999998629093,74093.402800001204014],[12133960.679200001060963,74092.291499998420477],[12133959.190900001674891,74091.38569999858737],[12133958.8536,74091.180300001055002],[12133957.151,74089.60869999974966],[12133956.7898,74089.275299999862909],[12133955.123,74087.290899999439716],[12133950.5192,74081.734700001776218],[12133948.5038,74079.937199998646975],[12133947.5823,74079.115200001746416],[12133946.274099998176098,74077.2837999984622],[12133945.994800001382828,74076.892700001597404],[12133944.804200001060963,74074.828999999910593],[12133943.931000001728535,74073.797100000083447],[12133941.5497,74072.130199998617172],[12133939.009799998253584,74070.701400000602007],[12133936.3904,74069.510899998247623],[12133934.485399998724461,74068.875900000333786],[12133932.262899998575449,74068.320199999958277],[12133930.040399998426437,74067.923300001770258],[12133927.0242,74067.605799999088049],[12133924.9604,74067.526500001549721],[12133923.4522,74067.526399999856949],[12133921.5473,74067.36769999936223],[12133919.801,74066.653299998492002],[12133918.134100001305342,74065.700800001621246],[12133917.1816,74064.907000001519918],[12133916.253199998289347,74063.80460000038147],[12133915.91160000115633,74063.399000000208616],[12133914.641600001603365,74062.128899998962879],[12133914.074,74061.313099998980761],[12133913.371599998325109,74060.303399998694658],[12133912.022300001233816,74059.19200000166893],[12133910.752300001680851,74058.398299999535084],[12133909.879099998623133,74058.001499999314547],[12133908.847199998795986,74057.684000000357628],[12133907.81529999896884,74057.525199998170137],[12133907.100900001823902,74057.525199998170137],[12133906.0691,74057.922100000083447],[12133905.195999998599291,74058.636399999260902],[12133904.402199998497963,74059.50959999859333],[12133903.5291,74060.700199998915195],[12133902.41780000180006,74062.049499999731779],[12133901.1479,74063.637099999934435],[12133899.560400001704693,74065.145300000905991],[12133898.1316,74066.335900001227856],[12133896.4782,74067.782600000500679],[12133896.226599998772144,74068.002700001001358],[12133894.401,74069.272700000554323],[12133892.495900001376867,74070.542700000107288],[12133891.975000001490116,74070.846599999815226],[12133890.590999998152256,74071.653900001198053],[12133888.2097,74072.527100000530481],[12133886.1459,74073.320900000631809],[12133883.2091,74074.035199999809265],[12133878.2084,74074.273400001227856],[12133872.3717,74074.056400001049042],[12133869.766399998217821,74074.140500001609325],[12133869.0909,74074.162300001829863],[12133867.257199998944998,74074.261399999260902],[12133865.175,74074.37390000000596],[12133862.1059,74075.008900001645088],[12133857.3433,74076.173099998384714],[12133852.051600001752377,74077.2314000017941],[12133845.640700001269579,74078.17850000038743],[12133842.738200001418591,74078.607299998402596],[12133841.429499998688698,74078.652399998158216],[12133827.5799,74079.129999998956919],[12133826.1805,74079.178199999034405],[12133818.8842,74079.429800000041723],[12133815.1157,74079.55970000103116],[12133786.3468,74079.848400000482798],[12133786.330400001257658,74079.848600000143051],[12133783.471500001847744,74079.877300001680851],[12133759.447299998253584,74079.877199999988079],[12133755.5315,74080.194699998944998],[12133750.6631,74079.982999999076128],[12133745.7947,74079.136399999260902],[12133741.0323,74078.289700001478195],[12133736.7989999987185,74077.125599998980761],[12133733.0948,74075.749800000339746],[12133729.919799998402596,74074.162200000137091],[12133726.8506,74072.786299999803305],[12133721.9822,74070.775600001215935],[12133717.392499998211861,74069.276900000870228],[12133716.796300001442432,74069.08219999819994],[12133711.293000001460314,74068.129700001329184],[12133706.0013,74067.600499998778105],[12133700.858,74067.811900001019239],[12133698.2755,74067.918099999427795],[12133690.338,74068.447200000286102],[12133682.6048,74069.694499999284744],[12133680.49549999833107,74070.034699998795986],[12133674.6747,74070.987199999392033],[12133671.7205,74071.157600000500679],[12133669.1712,74071.304699998348951],[12133662.186299998313189,74072.257199998944998],[12133655.0955,74073.421399999409914],[12133649.380399998277426,74074.903099998831749],[12133646.0321,74075.615499999374151],[12133644.4062,74075.961399998515844],[12133642.586599998176098,74076.188799999654293],[12133637.6329,74076.808100000023842],[12133628.954599998891354,74077.44310000166297],[12133620.376200001686811,74079.182500001043081],[12133615.887899998575449,74080.092500001192093],[12133605.988699998706579,74082.099800001829863],[12133590.1466,74082.781100001186132],[12133590.114799998700619,74136.335799999535084],[12133589.7973,74223.489700000733137],[12133589.0035,74293.657400000840425],[12133588.2099,74369.222500000149012],[12133587.892299998551607,74446.534000001847744],[12133587.892299998551607,74523.210299998521805],[12133587.5748,74588.61540000140667],[12133586.997499998658895,74625.395500000566244],[12133586.463599998503923,74659.418099999427795],[12133585.669799998402596,74711.488200001418591],[12133585.987300001084805,74745.778299998492002],[12133585.9874,74753.557000000029802],[12133586.772100001573563,74760.199599999934435],[12133548.7817,74757.947200000286102],[12133490.149999998509884,74752.443999998271465],[12133418.524099998176098,74745.977800000458956],[12133398.709800001233816,74744.188900001347065],[12133333.264199998229742,74738.2668999992311],[12133310.314599998295307,74736.190200001001358],[12133307.481199998408556,74735.933899998664856],[12133214.946400001645088,74730.139800000935793],[12133177.96339999884367,74726.565999999642372],[12133164.597199998795986,74725.429900001734495],[12133103.927000001072884,74719.57490000128746],[12133085.0898,74717.756900001317263],[12133049.635499998927116,74714.185100000351667],[12133047.915800001472235,74714.449599999934435],[12133033.401299998164177,74714.449700001627207],[12133029.7883,74751.662999998778105],[12133028.2977,74774.0337999984622],[12133028.501400001347065,74793.422499999403954],[12133029.3358,74823.038400001823902],[12133028.687199998646975,74856.488899998366833],[12133028.040800001472235,74884.825800001621246],[12133026.121800001710653,74919.767099998891354],[12133025.905000001192093,74932.550700001418591],[12133026.0927,74990.716600000858307],[12133025.870000001043081,75017.988400001078844],[12133024.80689999833703,75029.91950000077486],[12133024.316100001335144,75033.204100001603365],[12133022.896899998188019,75042.702300000935793],[12133022.442699998617172,75106.348099999129772],[12133022.223299998790026,75137.08839999884367],[12133019.7275,75256.774000000208616],[12132968.2115,75246.153599999845028],[12132921.656,75235.694099999964237],[12132890.758699998259544,75232.272300001233816],[12132864.5163,75231.196100000292063],[12132852.6646,75231.404199998825788],[12132832.92790000140667,75235.497299998998642],[12132817.761300001293421,75240.253499999642372],[12132817.583500001579523,75248.006000000983477],[12132815.996,75248.958399999886751],[12132813.2443,75251.075199998915195],[12132812.186,75253.826799999922514],[12132811.551,75256.578499998897314],[12132811.127700001001358,75260.17680000141263],[12132810.916000001132488,75263.351799998432398],[12132810.916000001132488,75267.373500000685453],[12132811.1276,75270.760200001299381],[12132811.551,75288.328600000590086],[12132811.551,75360.413400001823902],[12132811.551,75368.338700000196695],[12132809.646000001579523,75467.187199998646975],[12132809.434300001710653,75576.407499998807907],[12132806.2593,75689.437699999660254],[12132805.785500001162291,75734.156100001186132],[12132730.4599,75729.16499999910593],[12132721.7289,75731.398400001227856],[12132701.570500001311302,75731.709600001573563],[12132638.080899998545647,75729.285999998450279],[12132617.129099998623133,75728.957699999213219],[12132599.0922,75736.0439000017941],[12132600.113699998706579,75742.905299998819828],[12132603.027199998497963,75752.331399999558926],[12132603.712000001221895,75754.546900000423193],[12132607.945300001651049,75764.812800001353025],[12132612.6021,75776.031199999153614],[12132615.776999998837709,75782.698600001633167],[12132617.1529,75785.450300000607967],[12132619.2696,75788.625399999320507],[12132621.3862,75792.223700001835823],[12132624.8787,75796.562899999320507],[12132628.2654,75799.843600001186132],[12132633.345400001853704,75803.6537000015378],[12132639.589499998837709,75808.098700001835823],[12132649.5379,75815.401200000196695],[12132664.778,75827.148699998855591],[12132688.5905,75845.987100001424551],[12132702.877999998629093,75856.252999998629093],[12132717.165600001811981,75865.672100000083447],[12132731.029800001531839,75872.763000000268221],[12132750.1857,75881.547200001776218],[12132789.026500001549721,75896.258000001311302],[12132800.3893,75900.289900001138449],[12132821.8349,75907.899700000882149],[12132847.9758,75916.048900000751019],[12132857.395100001245737,75918.694699998944998],[12132865.4384,75920.388099998235703],[12132870.73,75921.446400001645088],[12132877.503400001674891,75922.081399999558926],[12132884.276700001209974,75922.504799999296665],[12132887.6105,75922.187199998646975],[12132890.9443,75921.869699999690056],[12132902.056699998676777,75918.906399998813868],[12132918.0376,75912.87390000000596],[12132942.4852,75901.549699999392033],[12132951.8361,75896.787200000137091],[12132962.5517,75889.511100001633167],[12132978.2944,75876.546500001102686],[12132998.667399998754263,75858.290199998766184],[12133012.7564,75845.986999999731779],[12133026.8455,75833.684000000357628],[12133043.5143,75819.793299999088049],[12133057.0081,75810.003699999302626],[12133071.428,75804.182900000363588],[12133088.3613,75798.626600001007318],[12133099.54,75796.245299998670816],[12133105.129299998283386,75795.054800000041723],[12133110.7187,75793.864100001752377],[12133132.1499,75791.482799999415874],[12133148.1573,75789.498500000685453],[12133168.662500001490116,75788.704700000584126],[12133179.5104,75790.02760000154376],[12133186.389600001275539,75791.482799999415874],[12133207.4239999987185,75796.377599999308586],[12133212.1877,75797.462999999523163],[12133228.3262,75801.140099998563528],[12133242.613699998706579,75805.770399998873472],[12133251.212699998170137,75808.548500001430511],[12133255.9751,75811.32660000026226],[12133262.854400001466274,75816.089099999517202],[12133275.025199998170137,75828.392299998551607],[12133289.445,75844.135000001639128],[12133323.4012,75884.25450000166893],[12133328.074299998581409,75889.775699999183416],[12133367.6296,75942.295699998736382],[12133384.827599998563528,75961.213300000876188],[12133393.0297,75969.944600000977516],[12133401.6074,75978.621100001037121],[12133404.539,75981.586399998515844],[12133416.7099,75991.508200000971556],[12133426.7641,75998.651999998837709],[12133432.0557,76001.826999999582767],[12133438.2735,76004.472800001502037],[12133445.814100001007318,76007.647900000214577],[12133471.743299998342991,76015.453099999576807],[12133510.108,76024.316599998623133],[12133536.185899998992682,76028.690499998629093],[12133551.912300001829863,76031.328099999576807],[12133573.078899998217821,76036.090599998831749],[12133583.92680000141263,76039.794799998402596],[12133592.52589999884367,76042.572900000959635],[12133597.6853,76044.821899998933077],[12133602.8446,76047.070799998939037],[12133612.6343,76052.494800001382828],[12133636.314399998635054,76067.972899999469519],[12133654.4384,76083.451099999248981],[12133672.297899998724461,76099.590700000524521],[12133676.134399998933077,76103.162599999457598],[12133679.177000001072884,76106.469900000840425],[12133682.616700001060963,76111.232400000095367],[12133687.5115,76123.800200000405312],[12133697.0365,76155.94709999859333],[12133708.545899998396635,76186.241900000721216],[12133717.9386,76209.39299999922514],[12133723.4949,76221.563900001347065],[12133726.934500001370907,76227.649300001561642],[12133730.241700001060963,76232.676399998366833],[12133734.4751,76239.555599998682737],[12133742.8094,76251.726500000804663],[12133747.7042,76258.208799999207258],[12133754.433899998664856,76265.472600001841784],[12133756.038600001484156,76267.204599998891354],[12133763.711599998176098,76273.55460000038147],[12133773.633499998599291,76280.301500000059605],[12133787.391800001263618,76286.7837999984622],[12133796.9608,76289.346900001168251],[12133802.2086,76290.752599999308586],[12133833.032499998807907,76300.013000000268221],[12133867.5608000010252,76312.183899998664856],[12133897.3264,76319.989100001752377],[12133904.5447,76321.720100000500679],[12133926.563000001013279,76327.000500001013279],[12133941.511999998241663,76331.763099998235703],[12133967.250599998980761,76342.178300000727177],[12133969.9547,76343.27250000089407],[12133983.183899998664856,76348.564100001007318],[12133985.912500001490116,76349.973900001496077],[12133999.059,76356.76630000025034],[12134005.0121,76361.925599999725819],[12134011.626600001007318,76368.010999999940395],[12134022.474599998444319,76378.197500001639128],[12134032.925700001418591,76392.088199999183416],[12134046.0225,76408.624699998646975],[12134066.660100001841784,76433.098700001835823],[12134081.21229999884963,76445.798700001090765],[12134098.9393,76462.070700000971556],[12134104.4956,76467.626899998635054],[12134111.6393,76474.109200000762939],[12134120.7676,76480.326900001615286],[12134132.6738,76487.33839999884367],[12134135.7377,76489.861600000411272],[12134150.0433,76472.751400001347065],[12134165.4421,76453.22520000115037],[12134179.2287,76434.374200001358986],[12134248.9602,76354.289500001817942],[12134397.351599998772144,76171.115299999713898],[12134405.7797,76160.711800001561642],[12134549.228300001472235,75961.014400001615286],[12134590.7445,75902.325599998235703],[12134590.7676,75897.61259999871254],[12134613.5233,75886.968899998813868],[12134722.1549,75748.675900001078844],[12134762.0117,75697.93640000000596],[12134658.9701,75698.942299999296665],[12134667.1232,75479.650699999183416],[12134668.131700001657009,75452.524500001221895],[12134942.7242,75471.547499999403954],[12134976.3327,75444.129599999636412]]],[[[12132728.8548,81284.771899998188019],[12132729.0299,81284.77140000090003],[12132803.006299998611212,81284.509899999946356],[12132828.8398,81284.418499998748302],[12132965.2154,81282.811200000345707],[12133160.9707,81280.504099998623133],[12133190.831799998879433,81280.152199998497963],[12133235.0706,81279.630800001323223],[12133357.9916,81278.182000000029802],[12133390.9421,81277.793699998408556],[12133517.886799998581409,81261.428199999034405],[12133604.36540000140667,81250.279500000178814],[12133659.606199998408556,81243.157999999821186],[12133737.3021,81221.218699999153614],[12134027.456,81139.286699999123812],[12134058.156399998813868,81130.617800001055002],[12134149.706300001591444,81104.76630000025034],[12134211.478999998420477,81087.32319999858737],[12134449.594099998474121,81020.085200000554323],[12134644.1723,80965.140900000929832],[12134899.903299998492002,80892.928199999034405],[12134903.6631,80889.05009999871254],[12134905.345400001853704,80887.314899999648333],[12134938.9947,80852.606199998408556],[12135057.446199998259544,80730.425400000065565],[12135056.8578,80258.616399999707937],[12135261.831500001251698,80254.885299999266863],[12135271.1452,80254.715799998492002],[12135268.7011,79833.0912000015378],[12135268.700199998915195,79832.932300001382828],[12135267.877300001680851,79691.031899999827147],[12135268.7945,79665.399300001561642],[12135266.865899998694658,79667.259300000965595],[12135258.649999998509884,79675.182900000363588],[12135258.888099998235703,79673.317499998956919],[12135258.967500001192093,79671.84910000115633],[12135258.9676,79670.658500000834465],[12135258.8882,79669.269499998539686],[12135258.8484,79667.920099999755621],[12135258.2839,79663.833299998193979],[12135255.7727,79643.492400001734495],[12135253.7883,79632.776700001209974],[12135252.333099998533726,79618.092300001531839],[12135250.87779999896884,79601.291200000792742],[12135248.232,79553.930700000375509],[12135247.0414,79511.597300000488758],[12135246.379999998956919,79464.501400001347065],[12135246.2067,79419.816300000995398],[12135246.1153,79396.238699998706579],[12135246.9091,79347.819899998605251],[12135246.783100001513958,79343.917500000447035],[12135246.512200001627207,79335.516800001263618],[12135246.512200001627207,79335.061999998986721],[12135246.5123,79285.066399998962879],[12135227.7848,79276.71000000089407],[12135223.8184,79272.713300000876188],[12135220.6455,79268.717000000178814],[12135220.246599998325109,79267.801399998366833],[12135215.8882,79257.795299999415874],[12135208.7509,79245.008200000971556],[12135200.8189,79234.617800001055002],[12135189.1842,79221.562399998307228],[12135162.0748,79197.829100001603365],[12135156.9212,79193.317299999296665],[12135143.1686,79184.256000000983477],[12135133.91270000115037,79176.261999998241663],[12135128.359900001436472,79169.867600001394749],[12135124.659200001507998,79162.941399998962879],[12135122.546,79155.4831000007689],[12135120.698399998247623,79145.627999998629093],[12135119.1146,79137.370999999344349],[12135119.1537000015378,79124.892099998891354],[12135119.747499998658895,79121.017799999564886],[12135121.143399998545647,79111.909299999475479],[12135119.608,79103.646200001239777],[12135119.163800001144409,79101.255100000649691],[12135118.3272,79098.121500000357628],[12135116.852699998766184,79092.598400000482798],[12135108.5922,79076.947700001299381],[12135085.458099998533726,79044.311999998986721],[12134996.3693,78931.240800000727177],[12134993.258699998259544,78929.000900000333786],[12134990.0141,78926.664599999785423],[12134983.6587999984622,78922.088199999183416],[12134974.0704,78918.421900000423193],[12134966.135000001639128,78916.088100001215935],[12134926.386999998241663,78911.66160000115633],[12134920.036899998784065,78911.397100001573563],[12134915.671300001442432,78910.206500001251698],[12134907.4692,78908.486699998378754],[12134898.7379,78905.973099999129772],[12134888.9483,78902.401299998164177],[12134878.3649,78898.432500001043081],[12134856.5368,78891.156399998813868],[12134841.4555,78885.732500001788139],[12134833.518,78882.557399999350309],[12134827.5649,78880.176199998706579],[12134823.8607,78877.927299998700619],[12134819.2304,78874.48759999871254],[12134814.8649,78870.386599998921156],[12134810.763799998909235,78866.41780000180006],[12134807.456500001251698,78863.639699999243021],[12134803.88459999859333,78861.522999998182058],[12134800.445099998265505,78860.067800000309944],[12134797.1378,78858.744899999350309],[12134794.3596,78856.892799999564886],[12134791.581500001251698,78854.776200000196695],[12134789.464699998497963,78852.262600000947714],[12134788.00959999859333,78849.749000001698732],[12134786.9512,78847.896899998188019],[12134783.21229999884963,78842.007599998265505],[12134780.566399998962879,78838.832499999552965],[12134777.7883,78835.657600000500679],[12134774.7456,78832.614799998700619],[12134771.9146,78830.582299999892712],[12134769.5861,78828.910700000822544],[12134766.0143,78826.7939000017941],[12134763.236200001090765,78825.603300001472235],[12134760.722600001841784,78825.338700000196695],[12134757.547600001096725,78825.735700000077486],[12134754.5049,78826.529399998486042],[12134750.5361,78828.381499998271465],[12134747.890299998223782,78829.57209999859333],[12134744.0539,78832.350299999117851],[12134736.116300001740456,78839.626299999654293],[12134732.5444,78842.536699999123812],[12134728.5757,78844.785700000822544],[12134723.813099998980761,78846.637699998915195],[12134719.1829,78847.696100000292063],[12134714.552700001746416,78847.696100000292063],[12134707.541299998760223,78847.166900001466274],[12134701.0203,78846.574099998921156],[12134700.2652,78846.505399998277426],[12134694.973499998450279,78845.5793999992311],[12134689.8141999989748,78844.256499998271465],[12134687.8596,78843.517000000923872],[12134627.0916,78844.894000001251698],[12134627.423099998384714,78832.270899999886751],[12134618.746,78784.280299998819828],[12134583.798099998384714,78590.993500001728535],[12134563.3941,78540.614999998360872],[12134561.0136,78534.737500000745058],[12134545.969700001180172,78517.27479999884963],[12134547.8748,78512.618200000375509],[12134549.2507,78507.749800000339746],[12134549.46229999884963,78505.950599998235703],[12134549.779800001531839,78500.658900000154972],[12134549.779800001531839,78498.330699998885393],[12134549.3565,78495.155600000172853],[12134548.721500001847744,78492.086399998515844],[12134547.8748,78489.334800001233816],[12134547.028099998831749,78486.900600001215935],[12134546.0757,78484.783900000154972],[12134544.3823,78481.185600001364946],[12134543.429699998348951,78479.068900000303984],[12134541.7364,78476.105599999427795],[12134534.9445,78462.185400001704693],[12134515.5856,78471.722500000149012],[12134506.4575,78460.212999999523163],[12134501.298099998384714,78455.318199999630451],[12134495.874200001358986,78449.761900000274181],[12134491.508499998599291,78444.999400001019239],[12134472.590799998492002,78428.198399998247623],[12134465.447,78422.509899999946356],[12134457.2449,78416.159800000488758],[12134451.2918,78411.397300001233816],[12134446.5293,78408.486900001764297],[12134442.4282,78405.708799999207258],[12134438.988699998706579,78402.269200000911951],[12134435.5491,78397.903499998152256],[12134432.7709,78394.331599999219179],[12134430.2573,78391.6858000010252],[12134426.9501,78389.833700001239777],[12134424.0396,78388.775299999862909],[12134420.997000001370907,78387.981600001454353],[12134417.821899998933077,78387.981699999421835],[12134413.853100001811981,78387.981699999421835],[12134412.824499998241663,78387.910799998790026],[12134412.533100001513958,78395.412900000810623],[12134403.9283,78390.77309999987483],[12134397.3162,78387.041600000113249],[12134393.3492,78383.977099999785423],[12134390.8371,78381.578999999910593],[12134389.647599998861551,78379.181600000709295],[12134388.591400001198053,78374.520300000905991],[12134387.932,78369.992400001734495],[12134386.3468,78364.931400001049042],[12134383.5715,78359.070999998599291],[12134379.473299998790026,78353.875799998641014],[12134329.4949,78303.784000001847744],[12134327.2469,78302.451400000602007],[12134325.13060000166297,78302.050999999046326],[12134323.807500001043081,78303.115800000727177],[12134322.4841,78304.713199999183416],[12134321.424800001084805,78307.109700001776218],[12134320.3651,78310.704700000584126],[12134318.11540000140667,78313.10080000013113],[12134315.4696,78314.031700000166893],[12134312.2951,78313.763999998569489],[12134308.327399998903275,78312.563799999654293],[12134303.8306,78311.363499999046326],[12134301.581799998879433,78311.628699999302626],[12134295.099599998444319,78313.357099998742342],[12134291.528,78314.154599998146296],[12134285.311099998652935,78313.885600000619888],[12134276.5817,78312.550200000405312],[12134267.1913,78309.88289999961853],[12134253.305100001394749,78304.017599999904633],[12134247.6188,78300.286499999463558],[12134234.793499998748302,78287.896600000560284],[12134231.2243,78282.834800001233816],[12134230.1672,78280.304099999368191],[12134230.5698,78266.721500001847744],[12134203.802499998360872,78244.577799998223782],[12134203.802499998360872,78198.876600001007318],[12134202.847600001841784,78198.539500001817942],[12134200.069400001317263,78197.481199998408556],[12134196.365200001746416,78196.6875],[12134193.5871,78196.6875],[12134190.6767,78197.216699998825788],[12134188.8246,78198.010400000959635],[12134185.914099998772144,78199.333299998193979],[12134182.8715,78200.920800000429153],[12134179.9611,78203.037599999457598],[12134177.712000001221895,78205.021899998188019],[12134174.933899998664856,78207.800000000745058],[12134171.891199998557568,78209.916700001806021],[12134168.186999998986721,78211.901000000536442],[12134163.821400001645088,78213.488600000739098],[12134159.3235,78213.885499998927116],[12134155.09010000154376,78213.753199998289347],[12134149.136999998241663,78212.959399998188019],[12134144.242199998348951,78211.768699999898672],[12134139.7443,78210.18129999935627],[12134136.436999998986721,78208.725999999791384],[12134133.3942,78207.270799998193979],[12134130.4839,78206.212499998509884],[12134127.573399998247623,78206.080200001597404],[12134124.001600001007318,78206.477099999785423],[12134121.7526,78207.535500001162291],[12134119.9005,78209.387499999254942],[12134119.3713,78211.107400000095367],[12134119.5037,78213.356300000101328],[12134119.9005,78214.546900000423193],[12134120.429699998348951,78215.869800001382828],[12134121.7526,78217.325100000947714],[12134123.47239999845624,78219.441700000315905],[12134126.912,78223.807399999350309],[12134128.367199998348951,78225.9239999987185],[12134130.087000001221895,78229.098999999463558],[12134131.6745,78232.141800001263618],[12134132.7328,78234.655299998819828],[12134133.7912,78238.359400000423193],[12134133.7911,78241.005300000309944],[12134133.394299998879433,78244.048000000417233],[12134132.2036,78246.296999998390675],[12134130.219300001859665,78248.413600001484156],[12134128.3671,78249.604299999773502],[12134125.192200001329184,78250.530299998819828],[12134121.488000001758337,78250.794900000095367],[12134116.8578,78250.662599999457598],[12134111.169300001114607,78250.133499998599291],[12134106.6712,78249.7364999987185],[12134100.056699998676777,78248.810499999672174],[12134094.632800001651049,78247.48759999871254],[12134090.796300001442432,78246.296999998390675],[12134084.578499998897314,78245.106300000101328],[12134078.360800001770258,78244.312600001692772],[12134072.0108,78244.312600001692772],[12134068.3066,78244.577199999243021],[12134061.824299998581409,78245.635600000619888],[12134057.1941,78246.826200000941753],[12134053.2253,78248.678199999034405],[12134048.727400001138449,78250.794900000095367],[12134044.8909,78252.250100001692772],[12134040.6576,78253.440799999982119],[12134036.027399998158216,78254.234499998390675],[12134032.4555,78254.631400000303984],[12134029.4128,78254.631400000303984],[12134027.5607,78254.234499998390675],[12134025.179499998688698,78252.91160000115633],[12134023.592,78251.456399999558926],[12134022.269000001251698,78249.471999999135733],[12134021.210700001567602,78247.090700000524521],[12134020.152399998158216,78243.915699999779463],[12134019.6232,78241.137600000947714],[12134019.2264,78237.697999998927116],[12134018.8295,78234.787599999457598],[12134018.8295,78225.527100000530481],[12134019.094,78221.426100000739098],[12134019.094,78218.25109999999404],[12134018.9617,78215.340700000524521],[12134018.4326,78213.091699998825788],[12134017.5066,78211.901099998503923],[12134015.125300001353025,78209.784400001168251],[12134012.744,78208.593800000846386],[12134010.3627,78207.932300001382828],[12134007.187800001353025,78207.403200000524521],[12134003.748100001364946,78207.006299998611212],[12134001.102400001138449,78206.609400000423193],[12133997.3981,78205.551100000739098],[12133994.487799998372793,78203.831199999898672],[12133991.97410000115633,78201.846799999475479],[12133989.0638,78199.465599998831749],[12133985.624200001358986,78196.422899998724461],[12133978.9852,78191.518899999558926],[12133978.1675,78158.5912000015378],[12133977.1041,78113.642700001597404],[12133976.7746,78031.784000001847744],[12133976.6408,77998.528000000864267],[12133975.7542,77778.276299998164177],[12133812.25450000166893,77778.018699999898672],[12133797.3207,77778.317299999296665],[12133788.127700001001358,77778.501200001686811],[12133781.0367,77778.64299999922514],[12133781.110100001096725,77773.133299998939037],[12133780.6472,77727.312300000339746],[12133780.544599998742342,77717.151900000870228],[12133780.278099998831749,77690.765099998563528],[12133779.7117,77634.697500001639128],[12133778.788600001484156,77543.316799998283386],[12133778.2912,77494.07490000128746],[12133778.264199998229742,77491.398299999535084],[12133777.6365,77474.139899998903275],[12133777.659200001507998,77420.2347999997437],[12133779.493700001388788,77398.147599998861551],[12133767.916000001132488,77391.961599998176098],[12133755.2383,77385.187600001692772],[12133735.5603,77375.058699999004602],[12133719.4797,77365.783599998801947],[12133693.877500001341105,77351.81700000166893],[12133682.134100001305342,77345.952799998223782],[12133681.6398,77345.705899998545647],[12133670.3908,77340.088500000536442],[12133637.4886,77322.283700000494719],[12133626.7386,77315.842500001192093],[12133625.745700001716614,77315.247600000351667],[12133608.1829,77307.782900001853704],[12133586.2815,77300.742400001734495],[12133582.768399998545647,77299.671500001102686],[12133581.7319,77299.355599999427795],[12133576.1809,77299.525299999862909],[12133574.8536,77299.565799999982119],[12133564.2205,77295.513000000268221],[12133562.1928,77294.007500000298023],[12133555.1758,77288.797699999064207],[12133546.131499998271465,77281.602899998426437],[12133537.324099998921156,77276.96510000154376],[12133528.516600001603365,77272.327100001275539],[12133515.343400001525879,77269.285399999469519],[12133494.550299998372793,77268.797100000083447],[12133490.604600001126528,77268.829300001263618],[12133473.1477,77268.971400000154972],[12133457.2491,77269.10080000013113],[12133402.6466,77269.716699998825788],[12133370.7797,77269.953999999910593],[12133363.560600001364946,77269.662200000137091],[12133363.4144,77232.975999999791384],[12133363.096900001168251,77195.352099999785423],[12133361.509399998933077,77158.839600000530481],[12133361.509399998933077,77116.929499998688698],[12133361.6681,77078.035700000822544],[12133361.119,77049.205600000917912],[12133361.2003,77045.264299999922514],[12133361.041499998420477,77044.470499999821186],[12133360.776999998837709,77043.729600001126528],[12133360.274300001561642,77042.909499999135733],[12133359.6393,77042.009899999946356],[12133358.951299998909235,77041.136799998581409],[12133358.1576,77040.237199999392033],[12133357.3374,77039.390599999576807],[12133356.6362,77038.808499999344349],[12133355.4589,77037.975000001490116],[12133354.9826,77037.723700001835823],[12133353.7126,77037.247400000691414],[12133352.469,77036.744699999690056],[12133351.3843,77036.427099999040365],[12133349.214699998497963,77035.977400001138449],[12133340.536400001496077,77034.753299999982119],[12133334.987300001084805,77034.528299998492002],[12133332.704599998891354,77034.435699999332428],[12133306.775400001555681,77032.742400001734495],[12133276.2953,77032.742499999701977],[12133272.37950000166893,77032.636599998921156],[12133267.4054,77032.319099999964237],[12133266.231800001114607,77032.054099999368191],[12133266.9441,77024.656100001186132],[12133267.8387,77015.364399999380112],[12133266.781800001859665,77012.594300001859665],[12133257.6815,77012.377300001680851],[12133247.946199998259544,77012.373100001364946],[12133236.941399998962879,77011.516199998557568],[12133233.9789,77010.66270000115037],[12133232.2874,77006.613800000399351],[12133225.947999998927116,76983.600299999117851],[12133223.2023,76970.389299999922514],[12133222.471099998801947,76964.512499999254942],[12133217.3310999982059,76957.42509999871254],[12133214.085099998861551,76952.246100001037121],[12133207.5515,76945.880399998277426],[12133202.685400001704693,76942.043200001120567],[12133199.5119,76939.484999999403954],[12133198.0319,76936.288499999791384],[12133197.186999998986721,76932.239999998360872],[12133194.2271,76924.994600001722574],[12133191.056200001388788,76916.257599998265505],[12133187.882800001651049,76913.4864999987185],[12133183.016600001603365,76910.288499999791384],[12133178.784699998795986,76908.156100001186132],[12133174.129299998283386,76906.875700000673532],[12133166.933600001037121,76906.872699998319149],[12133161.430100001394749,76909.000999998301268],[12133154.7271,76912.112199999392033],[12133151.23,76912.735800001770258],[12133148.4791,76911.882399998605251],[12133145.3052,76910.283100001513958],[12133140.414500001817942,76910.828099999576807],[12133137.686,76911.132100000977516],[12133134.405000001192093,76912.728700000792742],[12133131.970199998468161,76915.071299999952316],[12133129.6419,76915.496500000357628],[12133125.516399998217821,76912.298799999058247],[12133124.142,76909.31529999896884],[12133116.1868,76900.604699999094009],[12133115.419300001114607,76899.764299999922514],[12133114.9929,76899.297499999403954],[12133100.629299998283386,76884.949599999934435],[12133089.7476,76874.079700000584126],[12133084.3185,76868.656700000166893],[12133076.7819,76861.595899999141693],[12133073.874400001019239,76855.735399998724461],[12133072.289500001817942,76850.008699998259544],[12133072.7146,76841.183699999004602],[12133072.9567,76836.15989999845624],[12133073.894299998879433,76827.003699999302626],[12133075.5024,76811.299199998378754],[12133076.1384,76808.636300001293421],[12133074.71339999884367,76800.113099999725819],[12133070.8521,76797.607999999076128],[12133065.932500001043081,76795.315499998629093],[12133060.80009999871254,76795.845899999141693],[12133047.5724,76796.745799999684095],[12133029.16,76797.004299998283386],[12133016.1972,76797.318399999290705],[12133009.083299998193979,76797.457899998873472],[12133005.802499998360872,76797.522300001233816],[12133005.5623,76797.526999998837709],[12132998.7896,76798.16330000013113],[12132990.0592,76799.438000001013279],[12132981.6992,76800.073600001633167],[12132970.6941,76800.12220000103116],[12132957.2022,76800.595800001174212],[12132943.48,76800.012299999594688],[12132941.200399998575449,76737.161499999463558],[12132940.9892,76731.336399998515844],[12132940.1998,76721.215599998831749],[12132938.511100001633167,76710.774900000542402],[12132936.1864,76702.890599999576807],[12132932.8032,76695.645100001245737],[12132925.6122,76684.562800001353025],[12132921.381900001317263,76679.02140000090003],[12132916.728,76673.905900001525879],[12132911.862100001424551,76669.855700001120567],[12132906.149300001561642,76666.657299999147654],[12132902.7636,76665.377500001341105],[12132899.5893,76664.736999999731779],[12132844.1393,76668.122400000691414],[12132753.353999998420477,76675.380800001323223],[12132738.1061,76676.599800001829863],[12132727.1008,76677.234400000423193],[12132724.3497,76676.807100001722574],[12132722.2339,76675.527800001204014],[12132719.483399998396635,76673.609099999070168],[12132695.5773,76652.718899998813868],[12132669.342300001531839,76633.958299998193979],[12132663.2066,76629.694499999284744],[12132658.339899998158216,76627.561799999326468],[12132633.156,76625.846599999815226],[12132604.796500001102686,76626.473700001835823],[12132600.352400001138449,76626.045699998736382],[12132596.9665,76625.192099999636412],[12132593.581,76623.912200000137091],[12132586.386999998241663,76619.861000001430511],[12132534.761799998581409,76586.814500000327826],[12132534.4668,76586.220199998468161],[12132533.9159,76585.109600000083447],[12132533.7058,76581.487500000745058],[12132528.6734,76469.627999998629093],[12132526.3103,76375.50109999999404],[12132526.1754,76370.127199999988079],[12132524.313499998301268,76267.430599998682737],[12132523.267499998211861,76238.240699999034405],[12132522.2117,76232.48759999871254],[12132520.731800001114607,76228.864999998360872],[12132519.3076,76227.429999999701977],[12132518.8279,76226.946600001305342],[12132516.205200001597404,76226.133000001311302],[12132516.076900001615286,76226.093199998140335],[12132514.383900001645088,76226.092500001192093],[12132511.6318,76228.008900001645088],[12132496.0707,76242.170899998396635],[12132494.6946,76243.448699999600649],[12132491.836800001561642,76245.045499999076128],[12132469.0823,76253.771299999207258],[12132453.102200001478195,76257.812800001353025],[12132449.508699998259544,76257.883600000292063],[12132431.515700001269579,76256.951299998909235],[12132408.1307,76255.343499999493361],[12132399.136300001293421,76255.233199998736382],[12132386.6496,76255.653999999165535],[12132381.3585,76256.078000001609325],[12132367.177700001746416,76259.054800000041723],[12132361.463,76260.437199998646975],[12132358.3942,76260.649000000208616],[12132356.1633,76260.33729999884963],[12132352.1435,76257.565799999982119],[12132324.6395,76236.674199998378754],[12132318.504700001329184,76230.492800001055002],[12132311.5233,76224.524099998176098],[12132307.0805,76220.900199998170137],[12132287.8281,76205.551699999719858],[12132225.624699998646975,76163.765399999916553],[12132182.8534,76136.574999999254942],[12132128.3319,76101.638799998909235],[12132124.3453,76098.739999998360872],[12132117.664900001138449,76093.882399998605251],[12132117.8624,76073.442099999636412],[12132118.076699998229742,76051.26410000026226],[12132118.3666,76021.265099998563528],[12132118.3781,76020.070599999278784],[12132118.3935,76018.467999998480082],[12132118.518800001591444,76005.500900000333786],[12132118.577399998903275,75999.42960000038147],[12132119.9965,75852.537900000810623],[12132120.5678,75793.392900001257658],[12132120.611000001430511,75788.925000000745058],[12132120.9225,75756.670400001108646],[12132120.7357,75737.495799999684095],[12132119.2047,75580.377999998629093],[12132117.169799998402596,75371.57209999859333],[12132116.3547,75287.934500001370907],[12132118.275400001555681,75115.689800001680851],[12132118.511300001293421,75094.521999999880791],[12132120.321899998933077,74932.133200000971556],[12132120.7496,74893.77419999986887],[12132116.0647,74382.337799999862909],[12132115.6849,74340.880199998617172],[12132112.3743,74000.80629999935627],[12132112.246,73987.636900000274181],[12132112.218400001525879,73984.797800000756979],[12132111.1138,73871.346700001507998],[12132112.855700001120567,73522.915199998766184],[12132112.8746,73519.129599999636412],[12132112.9184,73510.36769999936223],[12132112.147999998182058,73471.334300000220537],[12132112.0984,73468.826499998569489],[12132112.0046,73464.071400001645088],[12132111.9852,73463.094300001859665],[12132110.9487,73410.578999999910593],[12132109.8182,73353.3108000010252],[12132059.124000001698732,73353.581300001591444],[12132059.0816,73353.581599999219179],[12132011.325599998235703,73353.836399998515844],[12131901.21339999884367,73353.337000001221895],[12131898.367199998348951,73353.324000000953674],[12131894.1147,73353.304800000041723],[12131891.420400001108646,73353.292500000447035],[12131844.1294,73353.077899999916553],[12131826.0585,73352.995999999344349],[12131639.0698,73352.147599998861551],[12131484.4401,73351.446100000292063],[12131012.9012,73346.803599998354912],[12130982.7113,73346.247600000351667],[12130517.3545,73337.67850000038743],[12130283.279199998825788,73341.676199998706579],[12130182.4677,73343.397900000214577],[12130133.2084,73344.239199999719858],[12130040.3129,73345.825599998235703],[12130011.022300001233816,73346.325800001621246],[12129821.392299998551607,73341.752900000661612],[12129809.1023,73341.456500001251698],[12129752.32319999858737,73340.087200000882149],[12129544.783,73335.082299999892712],[12129505.427299998700619,73334.133299998939037],[12129360.44029999896884,73716.480500001460314],[12129308.2001,73854.243299998342991],[12129270.6052,73954.860399998724461],[12129263.356199998408556,73974.261300001293421],[12129140.8118,74302.232999999076128],[12129109.5115,74386.003499999642372],[12129076.883900001645088,74472.717700000852346],[12128954.3317,74798.425200000405312],[12128914.4639,74904.381799999624491],[12128825.3482,75141.298900000751019],[12128799.3838,75084.671300001442432],[12128764.4386,75008.456700000911951],[12128871.1882,74925.036800000816584],[12128763.732500001788139,74798.435899998992682],[12128643.3455,74846.554200001060963],[12128597.820099998265505,74894.766399998217821],[12128588.5024,74904.63399999961257],[12128533.952599998563528,74962.403299998492002],[12128480.6116,74946.368599999696016],[12128282.2511,74886.739999998360872],[12128111.497499998658895,74835.410300001502037],[12128107.5674,74861.903999999165535],[12128082.9214,75028.042599998414516],[12128384.6807,75087.613099999725819],[12128347.3008,75183.162799999117851],[12128325.165199998766184,75239.745400000363588],[12128468.64469999819994,75292.416900001466274],[12128525.0561,75323.828600000590086],[12128716.695300001651049,75430.539700001478195],[12128640.406,75646.37220000103116],[12128627.501600001007318,75682.880199998617172],[12128532.0968,75952.791200000792742],[12128393.080200001597404,76316.678199999034405],[12128339.9608,76455.722100000828505],[12128319.086199998855591,76482.740699999034405],[12128126.67680000141263,76731.781599998474121],[12128092.7896,76775.642400000244379],[12127993.4225,76904.255899999290705],[12127647.9784,77342.218899998813868],[12127299.845600001513958,77778.680700000375509],[12127038.1855,78108.578200001269579],[12127025.0082,78125.192099999636412],[12126939.8548,78232.552099999040365],[12126532.351,77975.985199999064207],[12126132.8574,77712.526799999177456],[12125802.13569999858737,78241.592099998146296],[12125776.7245,78282.242899999022484],[12125776.555,78282.51410000026226],[12125769.6628,78293.539599999785423],[12125741.471099998801947,78338.638599999248981],[12125706.2062,78395.052600000053644],[12125852.716699998825788,78491.974700000137091],[12125958.659000001847744,78562.059599999338388],[12125961.5882,78563.99720000103116],[12125981.1864,78576.962200000882149],[12126056.000100001692772,78626.454199999570847],[12126057.916000001132488,78627.721700001507998],[12126037.678800001740456,78659.570099998265505],[12126035.576900001615286,78662.877599999308586],[12126035.147100001573563,78663.554299999028444],[12126030.6618,78670.612900000065565],[12126030.5192,78670.837499998509884],[12126028.7806,78673.573499999940395],[12126000.5444,78718.009700000286102],[12125789.092300001531839,79050.780699998140335],[12125505.4362,79511.915300000458956],[12125473.3809,79533.287399999797344],[12124881.7042,79927.77589999884367],[12125248.137899998575449,80269.521200001239777],[12125671.5654,80670.8310999982059],[12125701.8864,80699.568399999290705],[12125686.985,80710.253100000321865],[12125667.540600001811981,80724.195300001651049],[12125665.9096,80725.364599999040365],[12125585.1257,80783.289200000464916],[12125573.305799998342991,80791.76410000026226],[12125531.4494,80821.776399999856949],[12125457.195099998265505,80875.018699999898672],[12125455.148899998515844,80876.486000001430511],[12125418.8345,80963.041499998420477],[12125367.624899998307228,81085.100000001490116],[12125336.706,81158.795499999076128],[12125283.0832,81223.775499999523163],[12125281.7843,81225.349599998444319],[12125231.9263,81252.669300001114607],[12125186.887699998915195,81277.348099999129772],[12125157.022599998861551,81336.076299998909235],[12125148.8726,81336.331000000238419],[12125144.935199998319149,81336.453999999910593],[12125136.019499998539686,81336.732599999755621],[12125089.068799998611212,81392.76069999858737],[12125088.8739,81393.056000001728535],[12125087.183899998664856,81395.618000000715256],[12125038.9837,81468.691399998962879],[12125039.0587,81468.991399999707937],[12125040.0959,81473.140799999237061],[12125049.2775,81509.873799998313189],[12125049.870900001376867,81512.247999999672174],[12125052.0883,81521.119300000369549],[12125052.3933,81522.339400000870228],[12125055.658599998801947,81535.4037000015378],[12125054.1723,81538.326799999922514],[12125051.9172,81542.761300001293421],[12125051.8416,81542.909800000488758],[12125050.2438,81546.051899999380112],[12125026.7496,81592.252000000327826],[12124896.375500001013279,81848.625],[12125214.1639,82245.589299999177456],[12125265.9183,82591.17960000038147],[12125266.958999998867512,82598.129399999976158],[12125656.651,82607.03660000115633],[12125656.7427,82676.155099999159575],[12125656.868500001728535,82770.932900000363588],[12125656.868500001728535,82770.944299999624491],[12125656.894000001251698,82790.138700000941753],[12125657.0621,82916.887800000607967],[12125657.0713,82923.830099999904633],[12125657.13459999859333,82971.467099998146296],[12125657.211800001561642,83029.807500001043081],[12125657.292399998754263,83090.559599999338388],[12125657.401299998164177,83172.773899998515844],[12125657.401500001549721,83172.927000001072884],[12125657.4236,83189.599700000137091],[12125657.5414,83278.588799998164177],[12125657.6268,83343.000300001353025],[12125657.6543,83363.818799998611212],[12125657.7126,83407.921500001102686],[12125657.819899998605251,83488.943999998271465],[12125657.827,83494.292300000786781],[12125657.946600001305342,83584.815999999642372],[12125657.985,83613.83390000090003],[12125657.2812,83614.559200000017881],[12125657.1136,83655.280699998140335],[12125610.0682,83643.541200000792742],[12125553.0026,83625.936700001358986],[12125490.2493,83608.063299998641014],[12125446.3319,83595.579599998891354],[12125426.901099998503923,83590.056400001049042],[12125383.455899998545647,83579.249699998646975],[12125354.8997,83572.323399998247623],[12125351.818300001323223,83571.411499999463558],[12125350.0247,83570.731100000441074],[12125348.2311,83570.050700001418591],[12125347.4833,83569.711500000208616],[12125344.706300001591444,83568.445199999958277],[12125341.665,83566.712600000202656],[12125336.8383,83564.180300001055002],[12125333.6716,83562.9831000007689],[12125331.7287,83562.534699998795986],[12125328.2988,83562.355900000780821],[12125321.7276,83562.275499999523163],[12125318.5861,83562.37390000000596],[12125260.386799998581409,83564.6097999997437],[12125248.021200001239777,83564.548000000417233],[12125244.746100001037121,83564.702199999243021],[12125243.853100001811981,83564.868200000375509],[12125241.6041,83565.865899998694658],[12125239.6026,83567.878899998962879],[12125235.3163,83560.773499999195337],[12125228.5704,83561.209600001573563],[12125221.0704,83561.96510000154376],[12125213.2132,83562.800200000405312],[12125207.538600001484156,83563.396800000220537],[12125202.022799998521805,83563.753600001335144],[12125198.451299998909235,83564.231300000101328],[12125195.236900001764297,83564.868900001049042],[12125189.6813,83565.665300000458956],[12125184.9589,83566.66160000115633],[12125180.2758,83568.057599999010563],[12125177.81529999896884,83568.855399999767542],[12125174.7597,83569.293299999088049],[12125172.5374,83569.611900001764297],[12125169.6406,83569.929999999701977],[12125168.1327,83570.009199999272823],[12125165.3151,83570.527199998497963],[12125159.243500001728535,83571.602899998426437],[12125151.425700001418591,83573.117199998348951],[12125143.131900001317263,83574.391499999910593],[12125137.9333,83575.26799999922514],[12125131.7823,83576.223799999803305],[12125125.1948,83577.49890000000596],[12125117.019900001585484,83578.893100000917912],[12125112.416700001806021,83579.490100000053644],[12125105.3532,83580.325699999928474],[12125101.1864,83580.962900001555681],[12125095.035500001162291,83581.918699998408556],[12125084.955899998545647,83583.55180000141263],[12125077.812800001353025,83584.746700000017881],[12125073.050900001078844,83585.223900001496077],[12125070.0845,83585.439599998295307],[12125064.690200001001358,83585.831799998879433],[12125067.6014,83569.1722999997437],[12125072.9074,83537.083299998193979],[12125078.414,83500.000900000333786],[12125085.8416,83456.461199998855591],[12125094.594500001519918,83407.262899998575449],[12125095.7971,83398.904899999499321],[12125095.9641,83395.409499999135733],[12125095.866099998354912,83392.87950000166893],[12125095.701299998909235,83391.614399999380112],[12125095.305100001394749,83390.282600000500679],[12125094.6446,83388.750900000333786],[12125094.182,83387.918499998748302],[12125092.662099998444319,83385.454300001263618],[12125090.9764,83383.922200001776218],[12125089.7533,83383.022700000554323],[12125080.100499998778105,83377.292199999094009],[12125058.4478,83363.899399999529123],[12125045.2793,83354.802700001746416],[12125030.7029,83345.034200001507998],[12125024.481800001114607,83341.233399998396635],[12125016.887200001627207,83336.917599998414516],[12125005.3576,83330.750599998980761],[12125002.6138,83329.2179000005126],[12124994.4155,83324.153900001198053],[12125028.708500001579523,83308.722500000149012],[12125049.3222,83299.44649999961257],[12125124.2533,83268.962099999189377],[12125188.707899998873472,83240.789500001817942],[12125216.331500001251698,83228.099300000816584],[12125201.061500001698732,83183.173700001090765],[12125190.8292,83155.010400000959635],[12125190.798,83154.924300000071526],[12125188.647799998521805,83149.006299998611212],[12125185.5236,83149.974399998784065],[12125088.36540000140667,83179.809399999678135],[12125016.1494,83201.984999999403954],[12125005.8103,83205.159800000488758],[12124991.192699998617172,83209.648499999195337],[12124949.0147,83222.60020000115037],[12124840.388300001621246,83238.435600001364946],[12124730.221099998801947,83254.49549999833107],[12124687.8805,83240.96680000051856],[12124689.765700001269579,83218.0287000015378],[12124701.3176,83077.464800000190735],[12124703.660999998450279,83048.949700001627207],[12124718.2973,82870.850999999791384],[12124722.733,82816.877599999308586],[12124720.153099998831749,82665.228100001811981],[12124686.1891999989748,82662.254399999976158],[12124562.6323,82651.436299998313189],[12124558.7755,82708.471500001847744],[12124551.8427,82810.995700001716614],[12124549.1908,82850.212499998509884],[12124510.6689000017941,82849.884199999272823],[12124515.605,82799.487199999392033],[12124520.1373,82753.212799999862909],[12124524.786899998784065,82705.740600001066923],[12124530.824,82644.101700000464916],[12124442.732900001108646,82611.469500001519918],[12124432.2418,82685.018399998545647],[12124431.125100001692772,82692.846900001168251],[12124391.283599998801947,82972.157699998468161],[12124389.108199998736382,82987.40819999948144],[12124404.974599998444319,82988.564399998635054],[12124539.2452,82998.350400000810623],[12124530.733399998396635,83202.756499998271465],[12124490.805599998682737,83197.245099999010563],[12124488.9771,83309.540699999779463],[12124497.183899998664856,83311.002199999988079],[12124502.07,83311.89130000025034],[12124637.077599998563528,83336.45719999819994],[12124646.098000001162291,83338.183600001037121],[12124705.9663,83349.642200000584126],[12124703.8299,83356.510899998247623],[12124699.6804,83373.607599999755621],[12124695.742199998348951,83389.83390000090003],[12124688.368700001388788,83419.781700000166893],[12124682.459199998527765,83440.981699999421835],[12124680.1662,83451.020799998193979],[12124678.987300001084805,83454.482400000095367],[12124676.7205,83465.147300001233816],[12124676.500999998301268,83465.950100000947714],[12124673.4214,83477.21000000089407],[12124669.7022,83493.89750000089407],[12124663.4161,83519.011700000613928],[12124660.458099998533726,83530.528599999845028],[12124657.1525,83541.347800001502037],[12124653.3763,83555.168000001460314],[12124650.2553,83566.408100001513958],[12124638.839499998837709,83562.312699999660254],[12124629.578000001609325,83558.922699999064207],[12124596.1012,83546.669100001454353],[12124555.5009,83530.18470000103116],[12124523.634,83516.510800000280142],[12124513.708500001579523,83512.526500001549721],[12124513.6497,83512.505100000649691],[12124512.3255,83518.431400001049042],[12124470.1824,83707.046799998730421],[12124492.6294,83747.755199998617172],[12124480.3473,83899.577100001275539],[12124466.8371,84066.575500000268221],[12124471.020399998873472,84206.223799999803305],[12124476.2238,84379.927400000393391],[12124476.2243,84379.944499999284744],[12124478.867600001394749,84474.434999998658895],[12124483.3468,84634.557799998670816],[12124489.450599998235703,84852.767200000584126],[12123851.586599998176098,84842.754799999296665],[12123135.4908,84840.433600001037121],[12123135.220600001513958,84884.011700000613928],[12123134.0596,85071.37779999896884],[12123132.3339,85349.830800000578165],[12123128.371,85881.305599998682737],[12123128.5062,86437.913199998438358],[12122931.904,86435.939399998635054],[12122625.997499998658895,86432.868200000375509],[12122133.504999998956919,86431.601300001144409],[12122126.9886,86934.913400001823902],[12122127.9714,87208.861200001090765],[12121994.891600001603365,87110.430900000035763],[12121939.445099998265505,87201.890099998563528],[12121934.0731,87210.751400001347065],[12121808.831799998879433,87417.336800001561642],[12121738.8503,87532.770899999886751],[12121726.9619,87552.38060000166297],[12121687.290199998766184,87535.316199999302626],[12121625.155000001192093,87655.390000000596046],[12121538.1303,87823.561299998313189],[12121497.43470000103116,87902.203499998897314],[12121363.357,87821.174699999392033],[12121345.3004,87855.487199999392033],[12121176.708999998867512,88175.853300001472235],[12121131.2834,88262.173000000417233],[12121267.7868,88335.182900000363588],[12121352.845400001853704,88380.677200000733137],[12121433.6393,88423.890500001609325],[12121535.0898,88478.152300000190735],[12121554.824299998581409,88488.745799999684095],[12121646.1437,88537.766600001603365],[12121756.9225,88597.233399998396635],[12121948.926199998706579,88700.302099999040365],[12121960.632,88706.585900001227856],[12122017.990600001066923,88737.376400001347065],[12121961.311900001019239,88806.969000000506639],[12121950.581300001591444,88820.144400000572205],[12121923.542399998754263,88853.343899998813868],[12121865.1144,89045.462099999189377],[12121866.444400001317263,89071.562399998307228],[12121866.5687,89074.000999998301268],[12121875.4522,89248.326999999582767],[12121882.100000001490116,89378.784699998795986],[12121882.54,89387.418400000780821],[12121881.0698,89390.833200000226498],[12121873.1023,89409.338599998503923],[12121870.250999998301268,89415.961300000548363],[12121867.88740000128746,89417.631799999624491],[12121764.647599998861551,89490.592199999839067],[12121745.391199998557568,89504.200899999588728],[12121718.7568,89533.25789999961853],[12121659.805799998342991,89597.570900000631809],[12121581.751600001007318,89682.724500000476837],[12121549.951699998229742,89732.263999998569489],[12121470.5011,89856.036100000143051],[12121452.9413,89883.391499999910593],[12121445.846700001507998,89894.443900000303984],[12121446.407499998807907,89901.410300001502037],[12121449.0456,89934.184200000017881],[12121455.004999998956919,90008.218499999493361],[12121470.708999998867512,90203.317400000989437],[12121410.801399998366833,90311.810499999672174],[12121419.589499998837709,90336.780499998480082],[12121421.278099998831749,90341.578400000929832],[12121431.210900001227856,90344.88399999961257],[12121452.134799998253584,90351.84739999845624],[12121454.6508,90352.684599999338388],[12121478.7795,90360.714600000530481],[12121521.328899998217821,90374.874899998307228],[12121536.0898,90379.787300001829863],[12121612.884100001305342,90864.193999998271465],[12121631.810600001364946,90896.028599999845028],[12121665.170400001108646,90952.140599999576807],[12121675.616500001400709,90969.711199998855591],[12121782.548099998384714,90806.026299998164177],[12121782.6692,90573.051399998366833],[12121782.722199998795986,90470.798000000417233],[12121978.813700001686811,90495.092199999839067],[12122140.476799998432398,90515.120999999344349],[12122153.3856,90513.342500001192093],[12122156.3255,90512.9375],[12122199.0205,90507.055100001394749],[12122353.1516,90485.819600000977516],[12122356.097199998795986,90485.413800001144409],[12122536.898400001227856,90353.549300000071526],[12122557.501200001686811,90338.522799998521805],[12122653.4745,90258.774399999529123],[12122730.985399998724461,90194.366999998688698],[12122876.694899998605251,90073.28999999910593],[12122889.574099998921156,90062.587999999523163],[12122914.9896,90041.469000000506639],[12123133.350900001823902,89860.021499998867512],[12123139.856800001114607,89854.61540000140667],[12123158.638799998909235,89839.008499998599291],[12123257.667599998414516,89751.287500001490116],[12123333.402399998158216,89684.200500000268221],[12123515.839899998158216,89522.5945999994874],[12123515.892,89522.54839999973774],[12123524.2139,89515.176699999719858],[12123575.810899998992682,89469.471200000494719],[12123699.812399998307228,89371.657499998807907],[12123802.239799998700619,89290.861699998378754],[12123904.708,89210.033399999141693],[12124094.8184,89060.071400001645088],[12124293.3229,88901.478100001811981],[12124292.999499998986721,88886.830299999564886],[12124474.5236,88813.420800000429153],[12124508.3614,88799.7364999987185],[12124706.665,88638.995799999684095],[12124795.4104,88621.845199998468161],[12124996.63459999859333,88582.957100000232458],[12125275.348000001162291,88529.093600001186132],[12125269.920400001108646,88283.394200000911951],[12125637.848299998790026,88098.829300001263618],[12126061.588,87885.366799999028444],[12126187.280299998819828,87823.411400001496077],[12126368.48030000180006,87734.095400001853704],[12126417.132399998605251,87710.114100001752377],[12126597.8906,87621.015599999576807],[12126607.5409,87616.118000000715256],[12126920.4652,87457.305399999022484],[12127134.4095,87348.725999999791384],[12127178.779800001531839,87326.564100001007318],[12127413.186999998986721,87209.483600001782179],[12127652.69709999859333,87089.853900000452995],[12127752.2139,87040.14750000089407],[12127920.726,87013.260800000280142],[12128137.2656,86978.710900001227856],[12128363.8409,86942.55970000103116],[12128414.8407,86934.422499999403954],[12128586.173300001770258,86907.081500001251698],[12128856.010899998247623,86864.021099999547005],[12129060.5982,86831.373199999332428],[12129064.400199998170137,86830.766600001603365],[12129086.5115,86818.433400001376867],[12129550.817499998956919,86559.456000000238419],[12130113.34010000154376,86243.224199999123812],[12130119.750100001692772,85955.424899999052286],[12130121.8129,85862.803599998354912],[12130123.2681,85797.465500000864267],[12130123.3026,85795.916200000792742],[12130124.3942,85746.89919999986887],[12130124.43189999833703,85745.209199998527765],[12130125.766199998557568,85685.293299999088049],[12130124.9476,85617.366500001400709],[12130124.241700001060963,85558.78660000115633],[12130124.0073,85539.344700001180172],[12130123.8371,85525.214299999177456],[12130122.801199998706579,85439.260600000619888],[12130122.4698,85411.75789999961853],[12130122.044599998742342,85376.479499999433756],[12130121.943599998950958,85350.258299998939037],[12130121.9322,85347.306200001388788],[12130121.8801,85333.80629999935627],[12130121.5339,85243.97069999948144],[12130121.4544,85223.363000001758337],[12130121.346700001507998,85195.409699998795986],[12130120.9837,85101.234600000083447],[12130205.0696,85096.961599998176098],[12130205.0737,85096.961399998515844],[12130205.0497,85096.368200000375509],[12130205.0495,85096.363099999725819],[12130204.3655,85066.44819999858737],[12130218.8195,85066.486000001430511],[12130263.026,85066.601500000804663],[12130357.705200001597404,85066.84910000115633],[12130468.5667,85067.138900000602007],[12130479.0385,85067.166200000792742],[12130542.2643,85067.331500001251698],[12130561.9344,85067.38289999961853],[12130653.4602,85067.622099999338388],[12130753.8394,85067.884399998933077],[12130753.885000001639128,85067.884500000625849],[12130763.011799998581409,85067.908399999141693],[12130770.2177,85067.927200000733137],[12130772.3076,85067.932599999010563],[12130773.4589,85067.935699999332428],[12130774.3598,85067.938000001013279],[12130774.4364,85067.938299998641014],[12130774.832400001585484,85067.9391999989748],[12130775.0106,85067.939699999988079],[12130775.170400001108646,85067.940099999308586],[12130775.436,85067.940799999982119],[12130775.6512,85067.941399998962879],[12130776.0937,85067.942600000649691],[12130945.339899998158216,85070.693900000303984],[12131083.0696,85072.932700000703335],[12131216.5436,85075.102400001138449],[12131255.566100001335144,85075.736699998378754],[12131325.347,85076.871100001037121],[12131432.271899998188019,85078.609099999070168],[12131434.2812,85078.641800001263618],[12131581.9512,85079.7060999982059],[12131895.201699998229742,85081.963899999856949],[12131971.427700001746416,85082.513199999928474],[12132035.735800001770258,85082.976700000464916],[12132114.537099998444319,85083.544700000435114],[12132115.186999998986721,85042.052799999713898],[12132116.2496,84974.208200000226498],[12132116.2502,84974.167300000786781],[12132116.372499998658895,84966.357599999755621],[12132116.7535,84942.034400001168251],[12132118.2903,84843.908399999141693],[12132118.292399998754263,84843.775199998170137],[12132118.2939000017941,84843.686299998313189],[12132119.4095,84772.455099999904633],[12132120.0662,84730.526700001209974],[12132120.524999998509884,84701.229100000113249],[12132120.662999998778105,84692.420000001788139],[12132123.0062,84542.798200000077486],[12132125.7385,84368.323699999600649],[12132125.9175,84356.889299999922514],[12132125.2386,84156.371300000697374],[12132124.728100001811981,84005.598400000482798],[12132124.492600001394749,83936.071699999272823],[12132123.6332,83682.450300000607967],[12132123.190499998629093,83551.778299998492002],[12132123.367800001055002,83501.082100000232458],[12132123.4091,83489.297699999064207],[12132124.1908,83265.967599999159575],[12132124.194200001657009,83264.996700000017881],[12132124.8369,83081.295400001108646],[12132125.109900001436472,83003.286899998784065],[12132125.4501,82906.05290000140667],[12132125.488000001758337,82889.381999999284744],[12132125.538199998438358,82867.382199998944998],[12132125.939,82691.592999998480082],[12132126.2894,82537.878100000321865],[12132126.2982,82534.015299998223782],[12132126.3105,82528.621199999004602],[12132126.3781,82498.957899998873472],[12132126.4234,82479.102099999785423],[12132126.437600001692772,82472.867499999701977],[12132126.617800001055002,82393.77479999884963],[12132126.3002,82266.301100000739098],[12132126.186,82220.431800000369549],[12132126.014899998903275,82151.793499998748302],[12132125.93299999833107,82118.901700001209974],[12132125.482500001788139,81938.182500001043081],[12132125.3631,81890.305100001394749],[12132125.357099998742342,81887.453499998897314],[12132125.291000001132488,81855.85020000115037],[12132124.766199998557568,81604.830299999564886],[12132124.4751,81465.594999998807907],[12132124.3171,81390.0320999994874],[12132120.907900001853704,81286.920899998396635],[12132125.3609,81286.905200000852346],[12132333.108600001782179,81286.170800000429153],[12132501.221500001847744,81285.576699998229742],[12132542.323399998247623,81285.431400001049042],[12132664.2975,81285.000300001353025],[12132728.8548,81284.771899998188019]],[[12124842.5332,83374.548900000751019],[12124847.8818,83375.0810999982059],[12124850.6595,83374.816100001335144],[12124853.9665,83374.151900000870228],[12124873.94310000166297,83365.639199998229742],[12124874.948399998247623,83365.306800000369549],[12124874.484299998730421,83377.148899998515844],[12124873.052000001072884,83391.214200001209974],[12124869.7005,83424.125300001353025],[12124865.8979,83464.714899998158216],[12124864.1171,83483.724899999797344],[12124863.5385,83493.140700001269579],[12124861.331799998879433,83529.055399999022484],[12124860.2782,83546.20160000026226],[12124860.0792,83561.700199998915195],[12124859.7177,83589.836800001561642],[12124829.916700001806021,83591.977000001817942],[12124822.901,83591.735500000417233],[12124801.6064000017941,83591.002399999648333],[12124782.239,83589.573699999600649],[12124754.8948,83586.308800000697374],[12124727.0937,83582.989199999719858],[12124718.421300001442432,83581.95380000025034],[12124699.1397,83579.016399998217821],[12124708.5533,83541.050400000065565],[12124715.933400001376867,83509.088300000876188],[12124730.074700001627207,83438.53830000013113],[12124749.0196,83357.349399998784065],[12124751.745000001043081,83357.857900001108646],[12124791.8046,83365.333599999547005],[12124839.8138,83374.278299998492002],[12124842.5332,83374.548900000751019]],[[12124561.3033,83206.976199999451637],[12124561.5849,83200.410399999469519],[12124565.7876,83102.387800000607967],[12124604.298500001430511,83104.780900001525879],[12124603.1745,83126.33839999884367],[12124602.6518,83136.363299999386072],[12124598.6838,83212.46680000051856],[12124596.862,83211.88459999859333],[12124561.3033,83206.976199999451637]],[[12121460.0165,90341.804299999028444],[12121450.4956,90337.245200000703335],[12121437.960099998861551,90330.36769999936223],[12121434.2317,90327.569299999624491],[12121432.010899998247623,90325.091400001198053],[12121429.949,90322.134199999272823],[12121428.601599998772144,90318.697999998927116],[12121428.128600001335144,90312.785500001162291],[12121428.7658,90308.231899999082088],[12121432.8189,90297.128499999642372],[12121441.818799998611212,90281.194899998605251],[12121485.781599998474121,90281.217999998480082],[12121508.783300001174212,90306.065000001341105],[12121514.0126,90322.526299998164177],[12121489.212499998509884,90348.204100001603365],[12121477.3151,90345.648299999535084],[12121468.1893,90344.125599998980761],[12121460.0165,90341.804299999028444]]],[[[12153366.9102,125243.589899998158216],[12153238.5343,125240.12950000166893],[12153218.485599998384714,125210.274500001221895],[12153195.6954,125176.337400000542402],[12152979.917399998754263,124855.019600000232458],[12152978.139400001615286,124852.371899999678135],[12152930.1734,124847.630300000309944],[12152679.3233,124822.832899998873472],[12152635.184999998658895,124818.4695999994874],[12152544.214899998158216,124809.47690000012517],[12152101.42790000140667,124752.80689999833703],[12152026.494199998676777,124743.216600000858307],[12151989.914700001478195,124738.53489999845624],[12151616.637899998575449,124725.595899999141693],[12151609.953699998557568,124725.364199999719858],[12151520.2546,124722.254900000989437],[12151512.534200001507998,124720.559900000691414],[12151422.4817,124700.788800001144409],[12151419.552000001072884,124700.145599998533726],[12151231.018399998545647,124658.753100000321865],[12151181.469500001519918,124647.874600000679493],[12151146.6875,124640.238200001418591],[12151164.168000001460314,124740.531899999827147],[12151236.467099998146296,125155.348299998790026],[12151255.7071,125265.738699998706579],[12151256.842500001192093,125272.253100000321865],[12151240.319699998944998,125410.333500001579523],[12151219.7181,125582.497999999672174],[12151206.3629,125694.105399999767542],[12151198.3222,125761.299300000071526],[12151583.2007,125731.822599999606609],[12151584.6615,125731.710700001567602],[12151585.200599998235703,125733.537599999457598],[12151714.44029999896884,126171.46339999884367],[12151727.3752,126215.293000001460314],[12151754.356199998408556,126430.008000001311302],[12151778.796999998390675,126624.507800001651049],[12151782.739500001072884,126655.882399998605251],[12151712.860100001096725,126662.450100000947714],[12151445.090799998492002,126687.616500001400709],[12151317.6331,126699.595600001513958],[12151216.3768,126709.112100001424551],[12151343.2777,126881.013000000268221],[12151453.083099998533726,126889.075500000268221],[12151503.9764,126910.092799998819828],[12151724.3077,127001.082699999213219],[12151735.3955,127007.363299999386072],[12151950.3873,127129.144000001251698],[12152101.561900001019239,127007.705200001597404],[12152152.999899998307228,126966.384899999946356],[12152157.0136,126963.160799998790026],[12152189.3944,126943.850499998778105],[12152233.499899998307228,126917.548300001770258],[12152313.1899,126870.025199998170137],[12152599.5238,126685.042199999094009],[12152796.736000001430511,126535.451299998909235],[12152869.881700001657009,126458.578299999237061],[12153095.6745,126129.668999999761581],[12153291.528,125819.003100000321865],[12153338.770599998533726,125744.065999999642372],[12153385.8733000010252,125644.306699998676777],[12153444.914,125519.26410000026226],[12153494.092,125415.109299998730421],[12153572.460900001227856,125249.130699999630451],[12153567.294,125248.991399999707937],[12153366.9102,125243.589899998158216]]],[[[12159143.1397,128529.722899999469519],[12159151.609000001102686,128527.163499999791384],[12159173.067499998956919,128520.679000001400709],[12159219.9001,128506.526700001209974],[12159225.6732,128498.832299999892712],[12159234.134799998253584,128487.554699998348951],[12159246.7045,128486.896499998867512],[12159248.0185,128501.549400001764297],[12159259.9401,128491.231499999761581],[12159274.163400001823902,128478.921799998730421],[12159277.585099998861551,128466.862300001084805],[12159279.4219,128460.388700000941753],[12159280.374699998646975,128457.030999999493361],[12159284.603,128442.128400001674891],[12159290.4665,128421.463899999856949],[12159296.0729,128417.9831000007689],[12159385.211199998855591,128362.641499999910593],[12159540.1688,128266.435899998992682],[12159587.143,128267.265099998563528],[12159701.7923,128269.288899999111891],[12159740.9991,128269.981100000441074],[12159796.7166,128270.282600000500679],[12159821.9135,128270.4189000017941],[12159966.3589,128271.200500000268221],[12159959.511599998921156,128264.241700001060963],[12159944.600000001490116,128249.087499998509884],[12159942.006299998611212,128246.45160000026226],[12159928.235599998384714,128232.456799998879433],[12159915.136599998921156,128219.144400000572205],[12159875.961800001561642,128179.331999998539686],[12159870.3545,128173.633499998599291],[12159868.956500001251698,128172.212799999862909],[12159832.1598,128134.817200001329184],[12159830.140099998563528,128134.550000000745058],[12159795.8999,128130.021200001239777],[12159785.954999998211861,128128.705800000578165],[12159718.184999998658895,128119.74210000038147],[12159706.954799998551607,128118.256700001657009],[12159689.0508,128118.287000000476837],[12159677.437800001353025,128118.306600000709295],[12159641.2245,128118.368000000715256],[12159611.4358000010252,128118.418499998748302],[12159584.500599998980761,128118.464200001209974],[12159569.392900001257658,128118.630800001323223],[12159443.4217,128120.020700000226498],[12159319.914700001478195,128121.383299998939037],[12159180.438099998980761,128122.921999998390675],[12159061.892700001597404,128124.229899998754263],[12158927.372699998319149,128125.713799998164177],[12158870.412099998444319,128126.342099998146296],[12158797.517700001597404,128127.146200001239777],[12158784.695,128127.28770000115037],[12158663.576499998569489,128128.638900000602007],[12158514.046799998730421,128130.306800000369549],[12158333.9151,128132.315999999642372],[12158275.9701,128132.962400000542402],[12158275.935600001364946,128018.471099998801947],[12158275.866,127788.271499998867512],[12158267.2491,127788.322299998253584],[12158214.6076,127788.632699999958277],[12158214.6003,127785.543999999761581],[12158214.3459,127677.079100001603365],[12158214.4102,127667.885899998247623],[12158216.059,127432.232599999755621],[12158216.4885,127370.830299999564886],[12158217.0055,127296.930700000375509],[12158217.538600001484156,127220.730999998748302],[12158217.828499998897314,127179.319899998605251],[12158227.102000001817942,126821.123599998652935],[12158228.7606,126757.057100001722574],[12158230.323800001293421,126696.675700001418591],[12158232.2615,126621.828899998217821],[12158467.044300001114607,126621.498700000345707],[12158521.523200001567602,126621.421999998390675],[12158625.704599998891354,126621.275400001555681],[12158744.9111,126621.107599999755621],[12159151.558899998664856,126620.53489999845624],[12159151.9531,126620.534299999475479],[12159235.657699998468161,126620.586100000888109],[12159262.9258,126620.602899998426437],[12159457.8653,126620.723299998790026],[12159528.763799998909235,126620.767099998891354],[12159533.292100001126528,126324.389499999582767],[12159535.2945,126193.321699999272823],[12159537.675900001078844,126037.443799998611212],[12159540.590799998492002,125846.63060000166297],[12159541.9907,125754.985100001096725],[12159286.294300001114607,125761.708299998193979],[12158921.5504,125771.29839999973774],[12158580.7297,125967.517099998891354],[12158574.808600001037121,125970.925999999046326],[12158510.359700001776218,126008.030799999833107],[12158471.656599998474121,126030.313000001013279],[12157980.564100001007318,125984.189399998635054],[12157978.19029999896884,125983.047899998724461],[12157837.478300001472235,125915.379999998956919],[12157830.5075,125912.027699999511242],[12157720.4742,125859.113099999725819],[12157552.643199998885393,125778.403900001198053],[12157507.069400001317263,125756.487500000745058],[12157500.734299998730421,125753.440900001674891],[12157499.112300001084805,125752.660999998450279],[12157494.1353,125747.149700000882149],[12157483.183600001037121,125735.022199999541044],[12157464.571400001645088,125714.411699999123812],[12157460.7016,125710.126600001007318],[12157428.23,125674.168699998408556],[12157415.4096,125659.971900001168251],[12157415.0905,125659.618599999696016],[12157405.238899998366833,125648.709199998527765],[12157366.845400001853704,125625.940600000321865],[12157223.289299998432398,125540.807399999350309],[12157171.2467,125509.944499999284744],[12157166.831300001591444,125507.326099999248981],[12157090.4661,125462.039000000804663],[12156924.7108,125297.501899998635054],[12156920.8876,125293.706799998879433],[12156878.348000001162291,125291.27309999987483],[12156867.3099,125290.641600001603365],[12156845.0257,125289.366799999028444],[12156835.808400001376867,125288.839499998837709],[12156766.447700001299381,125284.871399998664856],[12156723.631700001657009,125282.421999998390675],[12156632.6395,125277.216299999505281],[12156621.9439,125276.632100000977516],[12156567.252700001001358,125273.644499998539686],[12156466.338,125268.131999999284744],[12156392.351599998772144,125264.090500000864267],[12156368.250300001353025,125262.773899998515844],[12156323.5957,125260.706900000572205],[12156225.65260000154376,125256.173599999397993],[12156167.576299998909235,125253.485500000417233],[12156146.498399998992682,125252.409099999815226],[12156045.723900001496077,125247.262800000607967],[12155986.9734,125244.262499999254942],[12155969.019900001585484,125243.34569999948144],[12155901.516399998217821,125240.0641999989748],[12155879.701699998229742,125239.003600001335144],[12155830.033300001174212,125236.589099999517202],[12155780.593899998813868,125234.185699999332428],[12155769.1935,125233.631499998271465],[12155685.2716,125230.544199999421835],[12155625.8015,125228.356300000101328],[12155571.58839999884367,125226.361999999731779],[12155562.795400001108646,125226.041999999433756],[12155477.852400001138449,125222.950699999928474],[12155432.889199998229742,125221.314300000667572],[12155413.559999998658895,125220.61089999973774],[12155370.5082,125219.044100001454353],[12155330.6378,125217.320300001651049],[12155291.6446,125215.634300000965595],[12155186.5002,125211.087999999523163],[12155170.4699,125210.394900001585484],[12155167.5775,125210.329100001603365],[12155041.578699998557568,125207.465700000524521],[12154932.5368,125204.98759999871254],[12154929.4159,125204.916799999773502],[12154929.672600001096725,125266.664000000804663],[12154876.061999998986721,125263.824499998241663],[12154442.1195,125242.241799999028444],[12154015.8611,125271.9662000015378],[12153949.930100001394749,125276.563700001686811],[12153895.8372,125277.074200000613928],[12153893.1358,125277.099599998444319],[12153580.163800001144409,125280.052799999713898],[12153569.4465,125280.153900001198053],[12153352.2289,125752.430300001055002],[12153105.639899998903275,126137.871100001037121],[12153101.7104,126143.708200000226498],[12153085.521000001579523,126167.756900001317263],[12152898.202,126446.010200001299381],[12152884.846900001168251,126465.848400000482798],[12152882.3268,126469.592099998146296],[12152815.6886,126544.065400000661612],[12152807.830200001597404,126552.847800001502037],[12152753.346700001507998,126593.552499998360872],[12152646.699299998581409,126673.228900000452995],[12152609.9804,126697.260400000959635],[12152521.84010000154376,126754.945900000631809],[12152345.851599998772144,126870.125500001013279],[12152325.0603,126883.732799999415874],[12152327.877700001001358,126886.406399998813868],[12152417.2375,126971.203099999576807],[12152465.336199998855591,127016.84569999948144],[12152557.0447,127103.871199999004602],[12152619.9787,127163.591600000858307],[12152648.9476,127191.081199999898672],[12152674.3651,127215.200800001621246],[12152700.963,127240.440499998629093],[12152793.8514,127328.58559999987483],[12152850.5977,127382.434300001710653],[12152882.223700001835823,127412.445500001311302],[12152896.8834,127547.437899999320507],[12152911.464699998497963,127681.710999999195337],[12152923.876600001007318,127796.006400000303984],[12152930.705899998545647,127985.233399998396635],[12152938.1778,128192.270199999213219],[12153055.0711,128238.390500001609325],[12153414.6166,128380.249600000679493],[12153775.46339999884367,128512.994800001382828],[12153965.9318,128583.0625],[12154211.2967,128664.564399998635054],[12154215.6549,128666.011999998241663],[12154324.3231,128702.107900001108646],[12154375.7896,128719.203400000929832],[12154419.609499998390675,128733.758799999952316],[12154434.879,128738.830800000578165],[12154904.715799998492002,128913.353900000452995],[12155369.796100001782179,129079.882500000298023],[12155492.276500001549721,129123.441300000995398],[12155838.0532,129246.413199998438358],[12155929.6886,129281.035399999469519],[12156068.3499,129333.425200000405312],[12156201.2218,129383.627599999308586],[12156299.955899998545647,129420.93189999833703],[12156403.1981,129458.424300000071526],[12156489.657000001519918,129489.821699999272823],[12156525.5165,129502.844099998474121],[12156657.101599998772144,129550.629099998623133],[12156787.1408,129593.840399999171495],[12156886.855999998748302,129626.975099999457598],[12157057.1133,129683.550700001418591],[12157406.651099998503923,129490.365299999713898],[12157487.5257,129445.666799999773502],[12157535.975499998778105,129418.421000000089407],[12157761.2086,129291.760899998247623],[12157767.168000001460314,129288.409499999135733],[12157880.1987,129287.164700001478195],[12157938.5825,129286.521699998527765],[12158008.708099998533726,129285.749400001019239],[12158035.9483,129285.449400000274181],[12158034.785300001502037,129264.956799998879433],[12158039.9736,129260.819899998605251],[12158053.9687,129249.660799998790026],[12158067.8964,129238.555500000715256],[12158078.4692,129230.125300001353025],[12158089.9877,129220.940999999642372],[12158095.702799998223782,129216.384300000965595],[12158118.564800001680851,129198.155299998819828],[12158121.1884,129196.063299998641014],[12158126.3136,129191.976599998772144],[12158147.382599998265505,129175.177200000733137],[12158199.129099998623133,129133.917300000786781],[12158207.948399998247623,129126.885200001299381],[12158216.936,129119.718899998813868],[12158220.4877,129116.886999998241663],[12158224.167,129113.953200001269579],[12158248.920699998736382,129094.215799998492002],[12158251.0924,129092.484200000762939],[12158260.7047,129084.819699998944998],[12158264.5709,129081.737100001424551],[12158264.699,129074.607799999415874],[12158264.7139,129073.771899998188019],[12158266.0244,129000.807900000363588],[12158308.654599998146296,128975.997000001370907],[12158369.218400001525879,128942.737900000065565],[12158372.2989999987185,128941.046300001442432],[12158400.749000001698732,128925.422699999064207],[12158450.3471,128898.1858000010252],[12158451.399,128897.607999999076128],[12158502.9144,128869.31810000166297],[12158639.215799998492002,128794.467099998146296],[12158640.7359,128794.092199999839067],[12158680.013,128784.401999998837709],[12158695.191799998283386,128780.657200001180172],[12158719.9415,128774.551100000739098],[12158723.131900001317263,128773.76410000026226],[12158726.011999998241663,128773.711199998855591],[12158741.9769,128773.418299999088049],[12158772.728999998420477,128772.853900000452995],[12158810.7857,128772.155299998819828],[12158820.024300001561642,128771.985700000077486],[12158833.570799998939037,128771.737100001424551],[12158860.574299998581409,128771.241500001400709],[12158860.6624,128759.185600001364946],[12158860.7029,128753.657499998807907],[12158860.737100001424551,128748.980099998414516],[12158860.861200001090765,128731.992400001734495],[12158860.883499998599291,128728.949599999934435],[12158861.001899998635054,128712.754700001329184],[12158861.234499998390675,128680.973499998450279],[12158861.309500001370907,128670.701999999582767],[12158869.445099998265505,128666.116099998354912],[12158874.9776,128662.997299998998642],[12158914.296500001102686,128662.66270000115037],[12158951.100900001823902,128662.349399998784065],[12158981.802700001746416,128662.088100001215935],[12158987.623,128654.548599999397993],[12158999.2069,128639.543299999088049],[12159009.1133,128626.711100000888109],[12159012.9148,128621.786699999123812],[12159027.943,128602.319699998944998],[12159029.9951,128599.661200001835823],[12159047.1272,128577.468899998813868],[12159052.1866,128570.915399998426437],[12159062.8613,128557.087499998509884],[12159082.708999998867512,128545.899300001561642],[12159094.621599998325109,128539.184200000017881],[12159112.626400001347065,128529.03489999845624],[12159113.341400001198053,128528.631900001317263],[12159115.9624,128528.768800001591444],[12159122.7639,128529.124299999326468],[12159123.664299998432398,128529.171500001102686],[12159141.8237,128530.120600000023842],[12159143.1397,128529.722899999469519]]],[[[12222501.7819,139637.715900000184774],[12222501.6391,139643.142299998551607],[12222501.1085,139663.364100001752377],[12222507.0328,139692.592199999839067],[12222507.071400001645088,139692.782600000500679],[12222524.8772,139780.624899998307228],[12222527.4056,139780.017799999564886],[12222530.0356,139779.386199999600649],[12222568.6226,139770.11939999833703],[12222571.925,139783.977800000458956],[12222555.247000001370907,139789.032999999821186],[12222564.364,139821.813900001347065],[12222638.9534,139795.792100001126528],[12222646.561900001019239,139800.02589999884367],[12222646.7227,139799.661100000143051],[12222648.4485,139795.744500000029802],[12222668.614799998700619,139749.982700001448393],[12222697.4179,139684.622600000351667],[12222705.3092,139666.716099999845028],[12222539.1527,139585.098999999463558],[12222536.4428,139583.767799999564886],[12222534.0444,139582.589699998497963],[12222513.376400001347065,139606.743400000035763],[12222501.7819,139637.715900000184774]]],[[[12224966.386999998241663,144575.3614999987185],[12224973.163400001823902,144575.364700000733137],[12224972.5348,144561.507199998944998],[12225009.1486,144558.82660000026226],[12224998.192899998277426,144492.993700001388788],[12224941.489799998700619,144492.719900000840425],[12224949.687199998646975,144548.16609999909997],[12224951.2012,144558.405900001525879],[12224939.1259,144569.059599999338388],[12224958.557,144589.175299998372793],[12224966.386999998241663,144575.3614999987185]]],[[[12226108.6684,140732.776000000536442],[12226108.574299998581409,140731.929499998688698],[12226033.3897,140755.132599998265505],[12226035.9534,140704.608899999409914],[12226049.725499998778105,140687.134100001305342],[12226053.100000001490116,140675.963500000536442],[12226059.6778,140654.189100001007318],[12226067.6734,140627.721099998801947],[12226069.236200001090765,140622.547899998724461],[12226071.6221,140496.769900001585484],[12226085.398899998515844,140468.209399998188019],[12226085.2086,140420.242800001055002],[12226085.203499998897314,140419.914599999785423],[12226085.2034,140419.909699998795986],[12226082.943,140277.834300000220537],[12226126.355500001460314,140273.163899999111891],[12226117.9311,140216.888300001621246],[12226116.1721,140205.137499999254942],[12226112.110399998724461,140178.004299998283386],[12226110.812800001353025,140169.335700001567602],[12226109.8873,140163.153200000524521],[12226078.757800001651049,140166.123799998313189],[12226078.4084,140164.214000001549721],[12226078.3706,140164.00730000063777],[12226077.8651,140161.244600001722574],[12226077.1389,140157.275299999862909],[12226076.5942,140154.298300001770258],[12226076.526999998837709,140153.931200001388788],[12226071.8922,140128.60020000115037],[12226059.096900001168251,140108.995700001716614],[12226056.3387,140104.769799999892712],[12226032.603,140088.050700001418591],[12225984.252700001001358,140065.564599998295307],[12225968.936299998313189,140043.572999998927116],[12225949.6435999982059,140035.250100001692772],[12225933.434999998658895,140055.628499999642372],[12225915.6397,140073.128199998289347],[12225884.2711,140077.271200001239777],[12225814.2196,140105.859400000423193],[12225813.844500001519918,140133.198399998247623],[12225813.224,140178.438999999314547],[12225813.219999998807907,140178.7331000007689],[12225813.1827,140181.456900000572205],[12225813.1248,140185.675000000745058],[12225813.097800001502037,140187.641699999570847],[12225811.103500001132488,140187.897100001573563],[12225809.745299998670816,140188.071100000292063],[12225787.427499998360872,140190.929099999368191],[12225775.773400001227856,140192.421500001102686],[12225749.0502,140166.827199999243021],[12225735.2835,140172.017299998551607],[12225698.8884,140170.535199999809265],[12225697.9544,140187.322999998927116],[12225679.8228,140186.91499999910593],[12225668.5792,140174.177200000733137],[12225656.409200001507998,140160.389600001275539],[12225636.1651,140147.98930000141263],[12225600.2975,140151.170699998736382],[12225555.308200001716614,140175.39640000090003],[12225547.901299998164177,140179.384899999946356],[12225513.5913,140190.668099999427795],[12225460.6527,140189.364999998360872],[12225449.636799998581409,140198.739900000393391],[12225436.3011,140187.648400001227856],[12225425.92509999871254,140187.430500000715256],[12225420.39,140181.481100000441074],[12225418.589899998158216,140183.142900001257658],[12225400.233600001782179,140200.08839999884367],[12225402.4175,140227.094900000840425],[12225405.7615,140268.442899998277426],[12225497.0438,140353.225299999117851],[12225512.5354,140338.04280000180006],[12225658.6518,140330.914200000464916],[12225659.4353,140331.739900000393391],[12225676.1135,140349.309399999678135],[12225714.6448,140308.955200001597404],[12225761.891399998217821,140313.373500000685453],[12225788.057799998670816,140400.124800000339746],[12225775.348499998450279,140408.113499999046326],[12225779.6968,140450.885499998927116],[12225717.716400001198053,140543.192999999970198],[12225718.604400001466274,140627.321800000965595],[12225719.2397,140687.493099998682737],[12225653.1818,140730.120000001043081],[12225650.530699998140335,140731.830800000578165],[12225649.8138,140732.687199998646975],[12225634.206799998879433,140727.987500000745058],[12225216.0565,140728.617800001055002],[12225221.0641999989748,140724.712900001555681],[12225229.699299998581409,140717.979400001466274],[12225228.438099998980761,140679.232400000095367],[12225228.3939,140677.8733000010252],[12225211.5473,140668.595800001174212],[12225209.022799998521805,140667.205400001257658],[12225209.0104,140665.892000000923872],[12225208.726599998772144,140635.862900000065565],[12225208.6666,140629.517400000244379],[12225217.1371,140629.388000000268221],[12225215.493299998342991,140518.158500000834465],[12225103.947500001639128,140464.41160000115633],[12225051.666900001466274,140470.516800001263618],[12224967.93470000103116,140460.339000001549721],[12224867.3213,140494.895399998873472],[12224866.9679,140544.194099999964237],[12224810.719700001180172,140546.765900000929832],[12224767.4318,140548.745200000703335],[12224700.8616,140542.115600001066923],[12224628.449099998921156,140526.96339999884367],[12224586.4476,140525.732500001788139],[12224573.0225,140525.339099999517202],[12224542.0999,140597.381099998950958],[12224541.882399998605251,140618.561900001019239],[12224541.628899998962879,140643.268800001591444],[12224494.2568,140643.603500001132488],[12224486.6065,140567.136799998581409],[12224509.484499998390675,140549.026700001209974],[12224498.7711,140490.073600001633167],[12224498.61540000140667,140468.678100001066923],[12224491.3099,140468.781300000846386],[12224489.942200001329184,140449.487700000405312],[12224436.5795,140449.569899998605251],[12224436.7328,140460.815200001001358],[12224399.3988,140460.896800000220537],[12224391.260899998247623,140460.914599999785423],[12224376.223299998790026,140460.947399999946356],[12224361.58839999884367,140436.857900001108646],[12224357.179499998688698,140429.600699998438358],[12224356.236699998378754,140406.736200001090765],[12224290.060899998992682,140420.731499999761581],[12224287.965,140421.174800001084805],[12224284.530900001525879,140406.250300001353025],[12224273.071600001305342,140407.004000000655651],[12224264.4133,140407.573499999940395],[12224260.71510000154376,140390.517099998891354],[12224238.8526,140397.213899999856949],[12224232.918200001120567,140399.031599998474121],[12224228.9588,140374.513799998909235],[12224241.8013,140370.332100000232458],[12224247.754999998956919,140368.393399998545647],[12224287.790399998426437,140313.543699998408556],[12224294.2476,140304.697299998253584],[12224296.7542,140301.263099998235703],[12224263.402399998158216,140301.780799999833107],[12224200.2012,140346.462799999862909],[12224200.1197,140346.520300000905991],[12224199.9252,140340.227899998426437],[12224196.9892,140245.256700001657009],[12224195.3585,140237.065499998629093],[12224194.7648,140234.083200000226498],[12224193.142700001597404,140225.935300000011921],[12224192.494199998676777,140222.677700001746416],[12224188.7364999987185,140203.802099999040365],[12224172.21,140165.488099999725819],[12224172.984700001776218,140163.971999999135733],[12224174.352699998766184,140161.294199999421835],[12224177.0214,140156.070900000631809],[12224178.421500001102686,140153.330699998885393],[12224181.483,140147.33839999884367],[12224181.732,140146.851100001484156],[12224190.7553,140129.188799999654293],[12224190.414299998432398,140101.94480000063777],[12224189.1591,140001.660599999129772],[12224189.1585,140001.611400000751019],[12224253.289500001817942,139939.52140000090003],[12224270.5968,139832.832600001245737],[12224270.883499998599291,139831.064599998295307],[12224309.040800001472235,139740.265999998897314],[12224392.21510000154376,139718.925000000745058],[12224422.702399998903275,139615.012099999934435],[12224422.965300001204014,139614.140799999237061],[12224425.6501,139607.263900000602007],[12224462.8589,139511.956500001251698],[12224430.7606,139493.14919999986887],[12224436.4916,139462.027300000190735],[12224420.9184,139449.156800001859665],[12224436.807799998670816,139431.975999999791384],[12224436.849399998784065,139432.016499999910593],[12224472.2104,139466.520399998873472],[12224472.289500001817942,139466.519999999552965],[12224509.333299998193979,139466.193599998950958],[12224503.733600001782179,139410.718699999153614],[12224477.993099998682737,139367.188999999314547],[12224427.6268,139326.393100000917912],[12224425.807500001043081,139324.919599998742342],[12224442.5376,139322.155999999493361],[12224434.941399998962879,139268.700500000268221],[12224434.9384,139268.679099999368191],[12224408.2555,139276.113200001418591],[12224408.2010000012815,139276.128400001674891],[12224348.396000001579523,139239.593600001186132],[12224348.9428,139161.62220000103116],[12224329.5673,139118.705200001597404],[12224327.523699998855591,139114.179200001060963],[12224319.0533,139114.708599999547005],[12224321.218899998813868,139007.851700000464916],[12224313.7799,138993.729200001806021],[12224309.8466,138986.261900000274181],[12224302.6353,138990.665199998766184],[12224272.7791,139008.895700000226498],[12224239.949099998921156,139026.468400001525879],[12224232.82209999859333,139027.478000000119209],[12224217.5125,139029.646800000220537],[12224217.448800001293421,139029.655900001525879],[12224189.5455,139015.376200001686811],[12224170.069200001657009,139002.574000000953674],[12224166.721500001847744,139000.373399998992682],[12224166.6402,139000.320000000298023],[12224168.726100001484156,139062.214699998497963],[12224029.732700001448393,139074.22520000115037],[12224029.654199998825788,139074.23200000077486],[12224028.073399998247623,139058.782000001519918],[12224028.072700001299381,139058.775600001215935],[12223864.557799998670816,139072.018899999558926],[12223864.485800001770258,139072.024700000882149],[12223728.535300001502037,138960.085299998521805],[12223728.482900001108646,138960.042100001126528],[12223681.333299998193979,139035.167300000786781],[12223680.6505,139036.631000000983477],[12223653.9905,139093.779899999499321],[12223515.2768,139010.181800000369549],[12223515.22239999845624,139010.149000000208616],[12223459.627500001341105,139083.107299998402596],[12223459.6039,139083.138399999588728],[12223402.1173,139050.968499999493361],[12223402.10020000115037,139050.958999998867512],[12223382.5643,139053.987799998372793],[12223383.51069999858737,139068.644600000232458],[12223372.6573,139070.505100000649691],[12223372.3858,139085.960299998521805],[12223351.7813,139087.070300001651049],[12223352.130800001323223,139133.224399998784065],[12223352.1312,139133.277399998158216],[12223268.29280000180006,139077.308699999004602],[12223268.248100001364946,139077.278900001198053],[12223266.9225,139078.482700001448393],[12223222.0271,139119.255199998617172],[12223213.698800001293421,139126.818599998950958],[12223178.0313,139171.5489999987185],[12223216.993,139202.788400001823902],[12223225.329100001603365,139209.472300000488758],[12223229.760000001639128,139213.024900000542402],[12223193.8121,139218.124499998986721],[12223220.9525,139256.030200000852346],[12223262.3211,139284.708000000566244],[12223263.1168,139285.25959999859333],[12223268.265,139288.828499998897314],[12223267.7986,139300.281300000846386],[12223267.7832,139300.65989999845624],[12223301.123,139319.175200000405312],[12223301.126200001686811,139319.221999999135733],[12223291.424400001764297,139350.715199999511242],[12223274.104600001126528,139376.804499998688698],[12223272.1259,139376.26410000026226],[12223264.749400001019239,139374.249099999666214],[12223245.4335,139382.426600001752377],[12223204.2549,139411.912099998444319],[12223204.930300001055002,139412.45160000026226],[12223229.79,139432.311900001019239],[12223230.611200001090765,139432.967999998480082],[12223177.075599998235703,139502.099899999797344],[12223173.855999998748302,139506.257500000298023],[12223252.183600001037121,139554.259399998933077],[12223241.307500001043081,139606.484000001102686],[12223226.738000001758337,139630.726799998432398],[12223214.0262,139645.377300001680851],[12223212.4287,139654.709300000220537],[12223211.7218,139658.838899999856949],[12223209.885499998927116,139658.944499999284744],[12223103.656,139665.051899999380112],[12223096.674800001084805,139665.453299999237061],[12223092.409699998795986,139465.879700001329184],[12223091.6169,139465.388900000602007],[12223046.1014,139437.212200000882149],[12223017.9912,139406.887499999254942],[12223006.074,139420.605500001460314],[12222977.4877,139418.860300000756979],[12222969.9371,139433.779399998486042],[12222977.0762,139450.304299999028444],[12222961.974599998444319,139481.408599998801947],[12223054.8889,139550.245299998670816],[12222990.5992,139627.894000001251698],[12223048.999200001358986,139667.376600001007318],[12223049.8482,139668.462900001555681],[12223094.388300001621246,139725.453099999576807],[12223096.6461,139728.342000000178814],[12223094.414,139727.428199999034405],[12222964.967500001192093,139674.432300001382828],[12222958.501400001347065,139671.785000000149012],[12222826.392900001257658,139680.007100000977516],[12222826.2896,139680.218800000846386],[12222809.304000001400709,139715.041000001132488],[12222756.309099998325109,139838.662099998444319],[12222739.985599998384714,139834.798099998384714],[12222738.989799998700619,139838.418499998748302],[12222728.1871,139877.695599999278784],[12222678.562199998646975,139865.681200001388788],[12222673.7676,139869.065000001341105],[12222648.8673,139886.638999998569489],[12222632.315000001341105,139905.618000000715256],[12222612.4346,139949.231199998408556],[12222601.4989,140004.866599999368191],[12222629.6233000010252,140003.5472999997437],[12222628.269499998539686,140069.833000000566244],[12222629.064800001680851,140069.84180000051856],[12222659.04,140070.18019999936223],[12222707.6633,140101.513900000602007],[12222687.5163,140167.524399999529123],[12222694.4063,140171.736299999058247],[12222793.123599998652935,140232.08500000089407],[12222793.5988,140232.375500001013279],[12222852.1659,140124.322799999266863],[12222867.7854,140119.133799999952316],[12222899.5596,140095.831599999219179],[12222922.3895,140095.175999999046326],[12223018.0035,140110.54280000180006],[12223055.382199998944998,140131.545200001448393],[12223105.2018,140158.354699999094009],[12223105.2363,140158.373100001364946],[12223128.486200001090765,140170.884399998933077],[12223132.26240000128746,140181.115499999374151],[12223133.773699998855591,140185.210099998861551],[12223159.855999998748302,140205.907999999821186],[12223160.233399998396635,140206.207499999552965],[12223162.58219999819994,140214.912000000476837],[12223174.4366,140258.843600001186132],[12223178.668200001120567,140268.040300000458956],[12223181.548099998384714,140274.299100000411272],[12223182.8564000017941,140277.142400000244379],[12223182.994600001722574,140277.442800000309944],[12223185.0143,140281.832100000232458],[12223204.2731,140296.99379999935627],[12223212.5482,140303.508499998599291],[12223216.7663,140306.829199999570847],[12223235.325399998575449,140311.919199999421835],[12223254.4804,140317.172600001096725],[12223258.3484,140320.420699998736382],[12223264.402800001204014,140325.504599999636412],[12223284.7953,140330.1864],[12223284.542100001126528,140421.428700000047684],[12223269.7146,140431.014800000935793],[12223275.2144,140443.808299999684095],[12223311.636599998921156,140443.611999999731779],[12223311.016399998217821,140410.568399999290705],[12223343.3371,140407.918499998748302],[12223408.7566,140436.941700000315905],[12223397.324499998241663,140469.540199998766184],[12223398.5878,140485.422699999064207],[12223392.860599998384714,140506.418699998408556],[12223461.258299998939037,140505.917300000786781],[12223466.367600001394749,140520.415500000119209],[12223466.3715,140520.426500000059605],[12223491.555300001055002,140591.890799999237061],[12223509.9311,140637.467199999839067],[12223499.9846,140681.831300001591444],[12223502.3528,140712.210900001227856],[12223293.2815,140712.747699998319149],[12223224.077,140712.925299998372793],[12223221.3259,140712.932300001382828],[12223218.506,140712.939800001680851],[12223090.896000001579523,140715.630800001323223],[12223090.891399998217821,140715.630899999290705],[12222957.079599998891354,140718.452599998563528],[12222926.541700001806021,140773.498500000685453],[12222919.333700001239777,140839.520899999886751],[12222889.345199998468161,140865.184500001370907],[12222880.1802,140904.995600000023842],[12222873.607,140912.577599998563528],[12222862.666299998760223,140925.197700001299381],[12222858.588,140958.395100001245737],[12222861.6424,141001.809999998658895],[12222896.7223,141004.944099999964237],[12222907.880800001323223,141021.785500001162291],[12222992.5302,141030.890500001609325],[12223004.9368,141050.610500000417233],[12222995.0022,141086.412500001490116],[12222965.4892,141122.17339999973774],[12222967.448399998247623,141137.629799999296665],[12222968.295400001108646,141144.311599999666214],[12222968.737799998372793,141147.800700001418591],[12222973.15260000154376,141182.630699999630451],[12222932.1157,141207.329999998211861],[12222877.8691,141287.887800000607967],[12222870.0374,141289.113200001418591],[12222844.439399998635054,141227.541499998420477],[12222828.983,141223.697000000625849],[12222807.590799998492002,141233.493299998342991],[12222803.029599998146296,141234.045699998736382],[12222773.3191,141237.643399998545647],[12222769.0456,141238.160900000482798],[12222755.576699998229742,141239.791900001466274],[12222751.472199998795986,141240.289000000804663],[12222719.021699998527765,141236.220100000500679],[12222622.9641,141224.175700001418591],[12222641.0761,141179.621599998325109],[12222549.3332,141138.137299999594688],[12222565.155000001192093,141098.631499998271465],[12222604.727899998426437,140999.821199998259544],[12222507.8702,140956.743900001049042],[12222475.9474,140942.546300001442432],[12222475.415600001811981,140922.047800000756979],[12222471.9192,140787.241599999368191],[12222481.741700001060963,140757.597199998795986],[12222366.4692,140759.874699998646975],[12222321.876600001007318,140760.75560000166297],[12222318.869,140760.815000001341105],[12222314.5121,140760.901099998503923],[12222314.5618,140759.650499999523163],[12222314.342500001192093,140759.157699998468161],[12222313.3028,140756.821100000292063],[12222312.080200001597404,140754.073800001293421],[12222303.323800001293421,140734.39640000090003],[12222296.8411,140729.930100001394749],[12222277.339899998158216,140734.803100001066923],[12222272.0086,140736.135400000959635],[12222271.7795,140736.192699998617172],[12222271.030499998480082,140736.380100000649691],[12222239.468899998813868,140728.770599998533726],[12222239.127700001001358,140725.345300000160933],[12222235.911899998784065,140693.060899998992682],[12222224.2042,140682.19649999961257],[12222216.281,140683.227699998766184],[12222215.535100001841784,140683.32490000128746],[12222212.296100001782179,140681.646999999880791],[12222201.377099998295307,140675.990200001746416],[12222199.462000001221895,140672.38230000063777],[12222187.3785,140649.617800001055002],[12222178.3917,140632.687199998646975],[12222176.477899998426437,140629.081900000572205],[12222175.4602,140619.304499998688698],[12222175.3712,140618.448800001293421],[12222176.253199998289347,140617.426399998366833],[12222186.5018,140605.548300001770258],[12222180.0863,140599.81980000063777],[12222178.6802,140598.564100001007318],[12222176.7549,140596.844799999147654],[12222147.0178,140570.291000001132488],[12222145.7181,140569.130399998277426],[12222145.695300001651049,140569.109999999403954],[12222145.6001,140566.883699998259544],[12222145.380800001323223,140561.754999998956919],[12222149.0368,140554.881599999964237],[12222169.5282,140545.77760000154376],[12222172.2314000017941,140539.223499998450279],[12222155.5882,140518.829599998891354],[12222134.2689,140492.70549999922514],[12222122.632399998605251,140496.497400000691414],[12222119.7747,140497.428700000047684],[12222106.7397,140495.02419999986887],[12222099.9941,140485.961100000888109],[12222099.0715,140477.433299999684095],[12222101.654,140473.70380000025034],[12222120.7766,140477.643199998885393],[12222123.305100001394749,140475.433600001037121],[12222124.8147,140474.114199999719858],[12222123.691,140457.217999998480082],[12222123.631700001657009,140456.326299998909235],[12222123.9021,140455.3141999989748],[12222125.427499998360872,140449.606300000101328],[12222125.5541,140449.132199998944998],[12222125.68299999833107,140449.013099998235703],[12222135.7716,140439.683200001716614],[12222138.900600001215935,140436.789500001817942],[12222138.798500001430511,140436.253899998962879],[12222136.7878,140425.703200001269579],[12222133.652800001204014,140424.539299998432398],[12222111.48759999871254,140416.311299998313189],[12222107.7637,140411.740100000053644],[12222105.667399998754263,140409.166999999433756],[12222106.094500001519918,140401.705800000578165],[12222107.4344,140400.839400000870228],[12222110.54280000180006,140398.829799998551607],[12222117.570799998939037,140399.585499998182058],[12222147.3864,140402.79109999909997],[12222151.6252,140394.798599999397993],[12222140.565699998289347,140384.161100000143051],[12222117.764199998229742,140374.852800000458956],[12222114.947999998927116,140373.703099999576807],[12222114.2053,140365.585499998182058],[12222113.8946,140362.190799999982119],[12222120.7383,140352.131000000983477],[12222122.158599998801947,140350.043400000780821],[12222133.382399998605251,140349.195900000631809],[12222150.7388,140364.979299999773502],[12222158.514199998229742,140365.385899998247623],[12222204.584199998527765,140367.794900000095367],[12222208.3349,140367.99100000038743],[12222213.936099998652935,140365.452599998563528],[12222223.372699998319149,140361.175900001078844],[12222225.5436,140355.803800001740456],[12222226.1288,140354.355500001460314],[12222221.1968,140352.973799999803305],[12222204.1303,140348.192699998617172],[12222199.4509,140346.881700001657009],[12222203.269900001585484,140330.681499999016523],[12222203.737,140330.562100000679493],[12222221.1113,140326.118500001728535],[12222249.8618,140318.7652000002563],[12222252.809500001370907,140319.508600000292063],[12222255.7102,140320.239999998360872],[12222262.9111,140322.055900000035763],[12222269.714000001549721,140323.771499998867512],[12222290.5141,140329.0168999992311],[12222297.5044,140323.903799999505281],[12222297.0587,140320.688099998980761],[12222297.046100001782179,140320.597300000488758],[12222296.6323,140317.612199999392033],[12222296.211,140314.572599999606609],[12222296.0269,140313.243900001049042],[12222293.968400001525879,140311.497000001370907],[12222293.928399998694658,140311.462999999523163],[12222257.086199998855591,140280.196699999272823],[12222220.7637,140294.03660000115633],[12222200.5904,140279.265999998897314],[12222168.3065,140255.628299999982119],[12222161.1353,140250.377599999308586],[12222179.5469,140217.209800001233816],[12222063.660300001502037,140219.643800001591444],[12222063.372299998998642,140184.39919999986887],[12222063.287300001829863,140173.99549999833107],[12222063.0951,140150.480000000447035],[12222063.002300001680851,140139.125500001013279],[12222012.922400001436472,140111.820700000971556],[12221987.8911,140098.172899998724461],[12221971.855500001460314,140089.429999999701977],[12221877.8603,140097.243099998682737],[12221767.447299998253584,140106.420800000429153],[12221769.507800001651049,140188.271999999880791],[12221770.346,140221.56810000166297],[12221700.2427,140225.992600001394749],[12221688.940499998629093,140308.722100000828505],[12221680.3484,140368.187300000339746],[12221675.0544,140404.827100001275539],[12221641.679499998688698,140423.394000001251698],[12221627.1677,140431.467000000178814],[12221614.3512,140438.597100000828505],[12221592.252099998295307,140450.891100000590086],[12221590.820099998265505,140451.687800001353025],[12221535.234000001102686,140452.86089999973774],[12221535.2077,140509.708099998533726],[12221535.197500001639128,140531.772300001233816],[12221535.1901,140547.859700001776218],[12221547.16270000115037,140575.887499999254942],[12221548.874899998307228,140579.895899999886751],[12221567.5279,140623.562199998646975],[12221587.278299998492002,140669.797699999064207],[12221582.504,140687.537200000137091],[12221581.5775,140690.979800000786781],[12221492.301399998366833,140722.238499999046326],[12221474.734000001102686,140715.369100000709295],[12221437.7181,140700.89469999819994],[12221391.558899998664856,140763.910300001502037],[12221389.1393,140767.213500000536442],[12221355.615899998694658,140766.607599999755621],[12221355.5473,140766.6064000017941],[12221354.134100001305342,140766.580899998545647],[12221312.659699998795986,140765.831300001591444],[12221311.0557,140765.802400000393391],[12221308.1424,140765.749800000339746],[12221305.065499998629093,140765.694099999964237],[12221210.3424,140763.982400000095367],[12221073.699299998581409,140761.513099998235703],[12221072.6477,140761.493900001049042],[12221056.9023,140732.791200000792742],[12221032.2124,140687.782800000160933],[12221070.748100001364946,140654.43470000103116],[12221076.4652,140649.487100001424551],[12221082.556000001728535,140644.216299999505281],[12221089.892099998891354,140613.548799999058247],[12221090.1562,140612.444400001317263],[12221040.4135,140570.424199998378754],[12221005.4985,140570.259399998933077],[12220990.2275,140570.187399998307228],[12220987.2463,140606.000700000673532],[12220934.521899998188019,140600.646099999547005],[12220915.725699998438358,140583.020899999886751],[12220904.0427,140572.065499998629093],[12220887.3077,140572.165800001472235],[12220879.813299998641014,140572.210700001567602],[12220823.8684,140572.546000000089407],[12220813.983600001782179,140572.60530000180006],[12220805.152800001204014,140572.658399999141693],[12220719.406599998474121,140541.706599999219179],[12220680.2064,140497.86430000141263],[12220623.108600001782179,140434.004799999296665],[12220582.6518,140424.948300000280142],[12220566.2265,140421.271499998867512],[12220557.2597,140419.264199998229742],[12220420.886999998241663,140425.381900001317263],[12220414.1758,140427.822999998927116],[12220354.950599998235703,140449.364799998700619],[12220346.5488,140452.420800000429153],[12220279.792100001126528,140383.478500001132488],[12220248.8746,140386.788100000470877],[12220215.7878,140413.7668999992311],[12220229.5902,140457.616099998354912],[12220221.6525,140479.134500000625849],[12220224.323800001293421,140540.505300000309944],[12220170.7705,140609.310600001364946],[12220159.871,140636.028200000524521],[12220143.1153,140643.584300000220537],[12220139.9188,140645.025699999183416],[12220119.209399998188019,140654.364700000733137],[12220116.7135,140671.5614],[12220116.296100001782179,140674.436599999666214],[12220111.2876,140708.943900000303984],[12220089.649099998176098,140727.492199998348951],[12220119.797400001436472,140732.910599999129772],[12220110.9916,140759.984900001436472],[12220110.243,140762.285900000482798],[12220076.376899998635054,140769.524300001561642],[12220058.601599998772144,140769.337999999523163],[12220057.7531,140775.205899998545647],[12220055.061700001358986,140775.527699999511242],[12220030.13459999859333,140778.50789999961853],[12220014.186700001358986,140808.541600000113249],[12220021.153299998492002,140838.192499998956919],[12220028.6518,140870.107599999755621],[12220027.4423,140908.879099998623133],[12220020.6545,140926.796500001102686],[12219983.051199998706579,140962.752900000661612],[12219978.5376,140960.140399999916553],[12219948.77760000154376,140942.915300000458956],[12219944.7566,140940.587999999523163],[12219938.255199998617172,140953.6385000012815],[12219933.829599998891354,140962.521999999880791],[12219912.557100001722574,141005.222899999469519],[12219867.25959999859333,141042.858399998396635],[12219850.8453,141056.496199999004602],[12219849.2179,141057.848400000482798],[12219849.280499998480082,141058.922400001436472],[12219852.5713,141115.378100000321865],[12219853.1732,141125.704599998891354],[12219853.629299998283386,141133.529599998146296],[12219818.66,141233.221900001168251],[12219575.7524,141232.757199998944998],[12219575.851599998772144,141242.0625],[12219567.820300001651049,141242.195999998599291],[12219571.946400001645088,142062.52589999884367],[12219572.036899998784065,142080.474599998444319],[12219525.9115,142083.726500000804663],[12219466.7689,142018.292500000447035],[12219438.394499998539686,142016.573399998247623],[12219380.138099998235703,142066.856100000441074],[12219362.099599998444319,142247.641600001603365],[12219361.9472,142249.169100001454353],[12219378.037500001490116,142263.223900001496077],[12219369.5953,142343.096400000154972],[12219369.1537000015378,142347.273800000548363],[12219368.1463,142356.805799998342991],[12219317.8757,142360.752599999308586],[12219314.7722,142420.951699998229742],[12219314.421100001782179,142436.485399998724461],[12219313.0526,142497.052499998360872],[12219312.9399,142502.037999998778105],[12219311.683899998664856,142557.619800001382828],[12219311.4736,142637.751600001007318],[12219306.868700001388788,142743.223499998450279],[12219211.4195,142743.405000001192093],[12219210.995900001376867,142743.405600000172853],[12219208.640500001609325,142746.261900000274181],[12219206.700399998575449,142748.614999998360872],[12219200.712900001555681,142755.876499999314547],[12219184.942200001329184,142779.167599998414516],[12219182.256099998950958,142783.134399998933077],[12219169.7872,142791.42850000038743],[12219118.8154,142825.335099998861551],[12219078.593600001186132,142824.397199999541044],[12219058.2769,142823.923599999397993],[12219053.180599998682737,142831.768800001591444],[12219051.144000001251698,142834.903999999165535],[12219036.638999998569489,142854.641600001603365],[12219022.5088,142864.343499999493361],[12219020.630199998617172,142865.633400000631809],[12219006.6052,142875.263199999928474],[12218979.754700001329184,142894.582100000232458],[12218992.5751,142910.907900001853704],[12218997.5216,142917.206999998539686],[12218997.810899998992682,142917.575199998915195],[12219016.401,142916.005300000309944],[12219031.6741,142970.131299998611212],[12219051.3554,142986.454700000584126],[12219050.9032,142998.884899999946356],[12219050.181000001728535,143018.742199998348951],[12219073.950199998915195,143019.077899999916553],[12219081.0101,143004.374099999666214],[12219085.837699998170137,142994.319699998944998],[12219077.384,142987.640299998223782],[12219068.9302,142980.960999999195337],[12219061.5535,142964.009399998933077],[12219062.2344,142955.084800001233816],[12219063.391199998557568,142939.920800000429153],[12219048.149300001561642,142931.173000000417233],[12219046.2159,142918.582899998873472],[12219044.138300001621246,142905.05629999935627],[12219052.508000001311302,142893.761799998581409],[12219099.8369,142890.373799998313189],[12219114.444200001657009,142902.375100001692772],[12219116.4531,142904.025600001215935],[12219146.50959999859333,142930.794199999421835],[12219168.257199998944998,142915.374400001019239],[12219170.5946,142914.947299998253584],[12219194.4454,142910.589600000530481],[12219207.1666,142905.030799999833107],[12219217.7073,142900.424800001084805],[12219238.2978,142891.427000001072884],[12219249.2966,142898.371599998325109],[12219260.2608,142905.294399999082088],[12219279.333999998867512,142907.550900001078844],[12219285.1406,142908.238000001758337],[12219284.3893,142948.595800001174212],[12219289.008299998939037,142948.558200001716614],[12219299.124899998307228,142948.476100001484156],[12219296.174600001424551,143047.974199999123812],[12219295.453699998557568,143136.202300000935793],[12219220.7111,143138.357999999076128],[12219124.493099998682737,143141.133000001311302],[12219097.513099998235703,143102.427400000393391],[12219047.5103,143051.079599998891354],[12219045.522300001233816,143146.817499998956919],[12218973.5242,143147.473700001835823],[12218926.9087999984622,143147.898600000888109],[12218796.6787,143149.700599998235703],[12218739.2678,143150.648699998855591],[12218670.787999998778105,143151.779699999839067],[12218620.084199998527765,143152.38459999859333],[12218616.617800001055002,143152.425900001078844],[12218616.0216,143162.411100000143051],[12218460.6584,143161.80460000038147],[12218297.9648,143161.169300001114607],[12218302.0959,143376.484400000423193],[12218302.156599998474121,143383.853700000792742],[12218303.053399998694658,143493.334199998527765],[12218304.031399998813868,143612.7511],[12218304.3871,143656.179000001400709],[12218305.9364,143845.354100000113249],[12218306.0946,143864.672100000083447],[12218306.078899998217821,143896.977600000798702],[12218305.9417,144179.32880000025034],[12218305.8635,144340.067600000649691],[12218342.3957,144339.994600001722574],[12218342.724,144354.217599999159575],[12218644.964200001209974,144355.386999998241663],[12218757.103,144355.820700000971556],[12218986.4395,144354.99269999936223],[12219280.671999998390675,144353.929999999701977],[12219331.7493,144353.745600000023842],[12219332.913800001144409,144386.926300000399351],[12219332.938700001686811,144419.645500000566244],[12219332.939,144419.960299998521805],[12219332.9397,144420.937100000679493],[12219332.9677,144457.742499999701977],[12219333.001600001007318,144502.315000001341105],[12219333.002099998295307,144503.074700001627207],[12219333.0049,144506.650400001555681],[12219333.012200001627207,144516.331000000238419],[12219333.0216,144528.719300001859665],[12219333.0266,144535.365299999713898],[12219333.0751,144599.244300000369549],[12219333.107700001448393,144642.170400001108646],[12219333.121800001710653,144660.799400001764297],[12219333.1406,144685.545099999755621],[12219333.140700001269579,144685.751600001007318],[12219333.196199998259544,144758.807199999690056],[12219333.1983,144761.522300001233816],[12219333.26069999858737,144843.870400000363588],[12219333.270799998193979,144857.196699999272823],[12219333.296799998730421,144891.400199998170137],[12219333.3624,144977.992199998348951],[12219333.394299998879433,145020.136300001293421],[12219333.397999998182058,145024.942999999970198],[12219333.4688,145118.510899998247623],[12219333.5174,145182.746800001710653],[12219333.525400001555681,145193.305500000715256],[12219333.4556,145221.604899998754263],[12219333.443300001323223,145226.578099999576807],[12219333.442499998956919,145226.904800001531839],[12219333.435899998992682,145229.59910000115633],[12219333.4122,145239.215300001204014],[12219333.4043,145242.455099999904633],[12219333.399,145244.582299999892712],[12219333.3393,145268.778900001198053],[12219333.2769,145294.131700001657009],[12219333.210299998521805,145321.150499999523163],[12219333.1699,145337.523200001567602],[12219332.976799998432398,145415.831199999898672],[12219332.6948,145530.207800000905991],[12219332.604200001806021,145566.961800001561642],[12219332.2341,145717.037399999797344],[12219332.205899998545647,145728.395799998193979],[12219332.057300001382828,145740.555799998342991],[12219331.5997,145778.013199999928474],[12219330.4978,145868.183800000697374],[12219330.4454,145872.4679000005126],[12219329.7249,145931.431800000369549],[12219329.441100001335144,145954.651599999517202],[12219329.4038,145957.70549999922514],[12219329.0491,145986.728500001132488],[12219329.0205,145989.064100001007318],[12219328.436500001698732,146036.850900001823902],[12219327.731800001114607,146094.516699999570847],[12219326.5031,146195.052499998360872],[12219326.454799998551607,146199.010400000959635],[12219326.1378,146224.938299998641014],[12219326.089499998837709,146228.894799999892712],[12219325.588599998503923,146269.879999998956919],[12219326.312199998646975,146324.712000001221895],[12219326.713599998503923,146355.133900001645088],[12219327.410300001502037,146407.922499999403954],[12219327.7465,146433.400600001215935],[12219328.096700001507998,146459.934300001710653],[12219328.1595,146464.694200001657009],[12219329.6494,146577.589299999177456],[12219330.4485,146638.138199999928474],[12219330.4749,146640.138199999928474],[12219330.607700001448393,146650.2027000002563],[12219331.259799998253584,146699.620999999344349],[12219331.9958,146755.395799998193979],[12219332.7344,146811.372099999338388],[12219332.757199998944998,146818.049899999052286],[12219332.8262,146838.272599998861551],[12219332.9567,146876.517000000923872],[12219333.007800001651049,146891.531599998474121],[12219333.013099998235703,146893.0929000005126],[12219333.0161,146893.957499999552965],[12219333.207400001585484,146950.0489999987185],[12219333.75560000166297,147110.76969999819994],[12219333.87220000103116,147144.93019999936223],[12219331.60020000115037,147637.988099999725819],[12219331.60020000115037,147637.99210000038147],[12219330.8572,147708.689800001680851],[12219330.7155,147722.181499999016523],[12219330.71229999884963,147722.486200001090765],[12219330.454599998891354,147747.015700001269579],[12219330.080899998545647,147782.586199998855591],[12219330.057,147784.851500000804663],[12219329.029599998146296,147882.625300001353025],[12219328.5772,147960.513999998569489],[12219328.5643,147962.727099999785423],[12219328.0018,148059.586199998855591],[12219327.9082,148075.700500000268221],[12219327.9038,148076.461300000548363],[12219327.802499998360872,148093.901099998503923],[12219327.614100001752377,148126.340300001204014],[12219327.5891,148130.638599999248981],[12219327.474800001829863,148150.30970000103116],[12219327.445099998265505,148155.436999998986721],[12219327.37950000166893,148166.712999999523163],[12219326.828000001609325,148261.667700000107288],[12219326.3178,148349.48759999871254],[12219326.122000001370907,148383.184000000357628],[12219325.882,148424.481800001114607],[12219326.234700001776218,148504.434000000357628],[12219326.713,148612.882100000977516],[12219327.1961,148722.418499998748302],[12219327.366300001740456,148761.028499998152256],[12219327.625500001013279,148819.780200000852346],[12219327.963,148896.320500001311302],[12219328.022999998182058,148909.947900000959635],[12219328.26069999858737,148963.843699999153614],[12219328.886100001633167,149007.995999999344349],[12219328.9936,149015.581300001591444],[12219329.25560000166297,149034.073499999940395],[12219331.3114,149179.203099999576807],[12219331.508499998599291,149193.114599999040365],[12219332.6824,149275.989399999380112],[12219333.0662,149303.086899999529123],[12219333.3272,149321.506099998950958],[12219333.54280000180006,149336.734499998390675],[12219334.0356,149371.5185999982059],[12219335.0231,149441.242300000041723],[12219335.000500001013279,149442.023800000548363],[12219335.0707,149444.597300000488758],[12219335.0861,149445.688299998641014],[12219335.5015,149475.010200001299381],[12219335.541700001806021,149477.8462999984622],[12219335.1919,149482.742499999701977],[12219335.797899998724461,149495.939300000667572],[12219335.9311,149505.341299999505281],[12219336.3059,149566.405900001525879],[12219336.4507,149589.999099999666214],[12219336.514600001275539,149600.395399998873472],[12219336.813299998641014,149649.068199999630451],[12219337.1221,149699.381499998271465],[12219337.1345,149701.390299998223782],[12219337.1351,149701.491999998688698],[12219337.250799998641014,149720.33390000090003],[12219337.445300001651049,149752.021699998527765],[12219337.881700001657009,149823.133699998259544],[12219337.9267,149830.466099999845028],[12219338.000599998980761,149842.48369999974966],[12219338.030900001525879,149847.42960000038147],[12219338.0812,149855.629999998956919],[12219338.214699998497963,149877.391399998217821],[12219338.5387,149930.17119999974966],[12219338.681000001728535,149953.341299999505281],[12219338.7544,149965.321800000965595],[12219338.755399998277426,149965.47580000013113],[12219338.940200001001358,149995.590300001204014],[12219338.9523,149997.565200001001358],[12219339.1318,150026.809000000357628],[12219339.1323,150026.891100000590086],[12219339.137699998915195,150027.778999999165535],[12219339.149,150029.618599999696016],[12219340.896499998867512,150101.359700001776218],[12219341.726799998432398,150135.447999998927116],[12219342.2658,150157.579999998211861],[12219342.5423,150168.928800001740456],[12219342.9276,150184.744899999350309],[12219343.5537,150210.45549999922514],[12219345.121100001037121,150274.804400000721216],[12219345.5216,150291.246500000357628],[12219345.8127,150303.199499998241663],[12219346.026700001209974,150311.983899999409914],[12219346.0367,150312.395599998533726],[12219346.384100001305342,150326.660500001162291],[12219346.6602,150338.000199999660254],[12219346.9507,150349.922200001776218],[12219347.7236,150381.656100001186132],[12219347.3424,150410.606699999421835],[12219347.3418,150410.657600000500679],[12219346.574700001627207,150468.920000001788139],[12219346.573600001633167,150469.007399998605251],[12219346.138300001621246,150502.069099999964237],[12219350.552000001072884,150502.043699998408556],[12219352.298500001430511,150600.783500000834465],[12219354.9194,150748.951999999582767],[12219356.462499998509884,150836.190499998629093],[12219545.091899998486042,150778.326499998569489],[12219539.5861,150672.795699998736382],[12219586.457400001585484,150634.845499999821186],[12219617.7975,150633.999099999666214],[12219731.473299998790026,150630.928800001740456],[12219760.7659,150630.137800000607967],[12219764.507399998605251,150626.065799999982119],[12219790.251899998635054,150598.047699999064207],[12219819.284400001168251,150566.451400000602007],[12219836.3299,150547.900600001215935],[12219836.2137,150520.397900000214577],[12219836.124400001019239,150499.24549999833107],[12219855.955200001597404,150499.13120000064373],[12219881.7817,150499.227600000798702],[12219923.4602,150499.383400000631809],[12219926.4608,150499.394600000232458],[12219951.581999998539686,150499.488400001078844],[12219951.583500001579523,150499.63459999859333],[12219951.613699998706579,150502.506700001657009],[12219952.0729,150546.261900000274181],[12219956.3569,150546.246500000357628],[12219967.13060000166297,150546.207600001245737],[12219970.5797,150546.195099998265505],[12219975.302000001072884,150546.178100001066923],[12219995.555599998682737,150546.104899998754263],[12220082.811999998986721,150545.789799999445677],[12220088.1736,150545.770399998873472],[12220204.359499998390675,150545.350699998438358],[12220340.126899998635054,150544.860199999064207],[12220340.09739999845624,150547.247299998998642],[12220339.2416,150616.419399999082088],[12220339.1221,150626.073600001633167],[12220304.122000001370907,150678.915199998766184],[12220301.655499998480082,150682.639299999922514],[12220300.6398,150684.172899998724461],[12220299.624400001019239,150685.705899998545647],[12220294.2832,150693.769799999892712],[12220289.1507,150701.518500000238419],[12220284.018199998885393,150709.267400000244379],[12220270.2711,150730.022199999541044],[12220268.8303,150732.197399999946356],[12220284.0561,150774.096700001507998],[12220294.5264,150798.08559999987483],[12220311.992600001394749,150806.089099999517202],[12220337.849599998444319,150797.686999998986721],[12220352.795000001788139,150791.95719999819994],[12220387.52589999884367,150778.642099998891354],[12220402.0258,150779.038199998438358],[12220432.4074,150779.868400000035763],[12220481.605500001460314,150781.212699998170137],[12220484.223700001835823,150781.284200001507998],[12220487.96510000154376,150781.386399999260902],[12220504.1732,150781.829199999570847],[12220510.0097,150781.988699998706579],[12220517.325800001621246,150782.1886],[12220516.940200001001358,150787.870600000023842],[12220515.1851,150813.741799999028444],[12220513.94819999858737,150831.974800001829863],[12220513.803,150834.11540000140667],[12220591.197,150833.28319999948144],[12220617.07490000128746,150833.004799999296665],[12220636.423700001090765,150832.796700000762939],[12220638.717500001192093,150832.772199999541044],[12220643.0854,150832.72520000115037],[12220643.920200001448393,150817.781199999153614],[12220645.9721,150781.054699998348951],[12220653.714200001209974,150780.948899999260902],[12220654.913600001484156,150780.932500001043081],[12220658.583999998867512,150780.882199998944998],[12220668.0405,150780.752999998629093],[12220674.162999998778105,150780.669300001114607],[12220674.320300001651049,150782.245600000023842],[12220674.3638,150782.681600000709295],[12220674.66270000115037,150785.67680000141263],[12220675.1453,150790.512299999594688],[12220675.6279,150795.347699999809265],[12220675.991099998354912,150798.9864999987185],[12220676.0246,150799.322999998927116],[12220677.1133,150810.232799999415874],[12220690.2562,150809.516199998557568],[12220690.633900001645088,150809.495700001716614],[12220695.044,150809.255100000649691],[12220701.496599998325109,150808.903400000184774],[12220709.75560000166297,150808.452899999916553],[12220712.7427,150808.290100000798702],[12220717.386599998921156,150808.037000000476837],[12220732.6895,150807.202500000596046],[12220734.899300001561642,150807.08219999819994],[12220737.9454,150809.596999999135733],[12220766.908,150833.507199998944998],[12220774.953899998217821,150840.149599999189377],[12220776.4271,150841.365800000727177],[12220776.2903,150838.822399999946356],[12220774.6314,150807.979200001806021],[12220773.569899998605251,150788.242600001394749],[12220836.951299998909235,150764.930599998682737],[12220907.6523,150713.960700001567602],[12220908.936500001698732,150696.739399999380112],[12220909.195999998599291,150693.25789999961853],[12220910.37049999833107,150677.506900001317263],[12220910.974,150676.258699998259544],[12220941.0548,150614.045499999076128],[12220975.684,150601.911299999803305],[12220980.925700001418591,150508.73589999973774],[12220987.580200001597404,150500.432599999010563],[12221051.0502,150500.057599999010563],[12221254.746599998325109,150498.854200001806021],[12221350.4663,150498.288600001484156],[12221858.6959,150500.142700001597404],[12221945.5997,150500.464000001549721],[12222358.9852,150501.991999998688698],[12223242.0392,150502.431600000709295],[12223338.9212,150502.479699999094009],[12223338.0645,150420.355399999767542],[12223338.029599998146296,150417.011500000953674],[12223340.7181,150415.69310000166297],[12223377.5361,150397.637800000607967],[12223404.799800001084805,150399.516600001603365],[12223429.6901,150383.539700001478195],[12223441.36,150383.545400001108646],[12223443.953699998557568,150383.546700000762939],[12223446.366300001740456,150383.547899998724461],[12223448.1582,150385.585200000554323],[12223467.0018,150407.009100001305342],[12223489.7637,150412.616599999368191],[12223495.499899998307228,150417.317299999296665],[12223501.8032,150422.482599999755621],[12223504.387699998915195,150432.698699999600649],[12223506.9723,150442.914799999445677],[12223509.8609,150454.331900000572205],[12223511.071400001645088,150455.102699998766184],[12223511.1094,150455.126899998635054],[12223536.455699998885393,150471.267000000923872],[12223551.2368,150464.847300000488758],[12223553.0031,150464.080200001597404],[12223559.2154,150470.023699998855591],[12223572.382800001651049,150482.621300000697374],[12223583.8387,150493.581500001251698],[12223621.9544,150470.312899999320507],[12223624.881700001657009,150468.526000000536442],[12223624.8928,150445.821199998259544],[12223601.548300001770258,150444.874899998307228],[12223596.9406,150444.688200000673532],[12223596.850900001823902,150439.897100001573563],[12223596.74040000140667,150433.990800000727177],[12223595.702100001275539,150378.491999998688698],[12223640.5018,150360.662099998444319],[12223645.107700001448393,150358.828899998217821],[12223649.8712,150356.933100000023842],[12223735.0015,150354.576799999922514],[12223748.8299,150332.678300000727177],[12223748.046799998730421,150309.813200000673532],[12223762.3448,150301.665699999779463],[12223761.720400001853704,150279.280499998480082],[12223843.295000001788139,150276.855900000780821],[12223843.2469,150269.147999998182058],[12223842.6813,150178.521299999207258],[12223841.845199998468161,150066.86939999833703],[12223841.8112,150062.315400000661612],[12223851.5519,150035.471099998801947],[12223855.7643,150034.593600001186132],[12223880.142900001257658,150029.515799999237061],[12223880.3402,150013.486200001090765],[12223880.363400001078844,150011.607900001108646],[12223889.5447,150007.734700001776218],[12223934.374000001698732,149988.823100000619888],[12223936.773699998855591,149989.859900001436472],[12224004.7709,150019.237399999052286],[12224046.0438,150017.647199999541044],[12224073.0662,150016.605999998748302],[12224099.566,149955.8597999997437],[12224085.370000001043081,149942.683600001037121],[12224084.285100001841784,149941.676600001752377],[12224079.457400001585484,149937.195799998939037],[12224078.419300001114607,149894.557199999690056],[12224102.788400001823902,149860.991700001060963],[12224107.6345,149860.477000001817942],[12224114.4216,149859.756000000983477],[12224161.991300001740456,149854.703699998557568],[12224166.481199998408556,149854.226799998432398],[12224166.5685,149852.374000001698732],[12224169.1221,149798.154199998825788],[12224169.315000001341105,149794.056400001049042],[12224210.2636,149737.478999998420477],[12224220.031399998813868,149723.9831000007689],[12224221.9639,149721.313099998980761],[12224197.3332,149706.875300001353025],[12224179.8712,149718.452599998563528],[12224179.4599,149718.72520000115037],[12224142.105099998414516,149710.665399998426437],[12224139.1778,149710.033700000494719],[12224132.747000001370907,149708.646200001239777],[12224129.5667,149707.959899999201298],[12224130.4859,149707.071100000292063],[12224132.642700001597404,149704.985599998384714],[12224163.149300001561642,149675.488099999725819],[12224188.6303,149669.504700001329184],[12224198.4236,149662.212400000542402],[12224201.359700001776218,149660.026099998503923],[12224203.5836,149658.370099999010563],[12224223.054000001400709,149643.871899999678135],[12224222.0698,149626.55009999871254],[12224276.375100001692772,149583.934999998658895],[12224276.4626,149614.910100001841784],[12224277.824099998921156,149673.179499998688698],[12224302.7077,149642.850900001823902],[12224337.673500001430511,149609.217999998480082],[12224353.6347,149593.865299999713898],[12224361.2223,149586.566899999976158],[12224365.842799998819828,149582.122699998319149],[12224384.544100001454353,149529.163899999111891],[12224385.563700001686811,149526.276399999856949],[12224394.9102,149525.765299998223782],[12224413.593400001525879,149524.743700001388788],[12224468.6204,149521.734700001776218],[12224507.991999998688698,149467.069200001657009],[12224488.48,149461.334899999201298],[12224493.622299998998642,149404.59739999845624],[12224472.2106,149403.75789999961853],[12224466.093400001525879,149403.51799999922514],[12224468.644000001251698,149383.479400001466274],[12224469.4188,149383.041700001806021],[12224487.496100001037121,149372.829300001263618],[12224447.6562,149291.593400001525879],[12224444.9996,149285.635299999266863],[12224440.6514,149275.883600000292063],[12224436.739999998360872,149267.111600000411272],[12224430.61,149256.11089999973774],[12224420.8559,149238.606899999082088],[12224412.319899998605251,149223.289099998772144],[12224410.598000001162291,149224.452399998903275],[12224337.8079,149273.618999999016523],[12224318.7516999989748,149268.493099998682737],[12224294.756299998611212,149295.9831000007689],[12224320.6362,149312.464600000530481],[12224351.925900001078844,149309.921399999409914],[12224423.973000001162291,149289.012499999254942],[12224425.0797,149288.691300000995398],[12224409.997900001704693,149358.294300001114607],[12224395.3754,149363.406500000506639],[12224336.9269,149383.841600000858307],[12224311.1292,149376.097100000828505],[12224296.826499998569489,149375.718499999493361],[12224252.328699998557568,149374.540600001811981],[12224249.586199998855591,149374.468100000172853],[12224226.156,149368.386399999260902],[12224181.697999998927116,149356.846799999475479],[12224172.140299998223782,149273.127999998629093],[12224172.139899998903275,149273.124400001019239],[12224212.4019,149274.222100000828505],[12224217.761599998921156,149203.549100000411272],[12224222.658300001174212,149138.984600000083447],[12224131.524099998176098,149136.608399998396635],[12224104.7584,149062.645100001245737],[12224157.436099998652935,148986.570599999278784],[12224193.2911,149016.253100000321865],[12224204.6858000010252,149021.670899998396635],[12224207.3171,149022.921999998390675],[12224230.4786,149023.066399998962879],[12224230.440200001001358,149022.366300001740456],[12224227.562199998646975,148969.816500000655651],[12224292.461399998515844,148966.994100000709295],[12224298.7817,148897.377300001680851],[12224248.9421,148880.553199999034405],[12224235.868700001388788,148923.995400000363588],[12224206.6219,148917.185600001364946],[12224137.382800001651049,148956.592099998146296],[12224127.8613,148940.7314000017941],[12224126.336399998515844,148941.557700000703335],[12224052.7832,148981.4222999997437],[12224029.3655,148994.114000000059605],[12223970.07490000128746,148987.955899998545647],[12223958.4232,148997.677099999040365],[12224004.4311,149086.41780000180006],[12224013.8536,149104.592099998146296],[12223975.523899998515844,149105.532600000500679],[12223952.216699998825788,149133.022900000214577],[12223918.344,149113.819099999964237],[12223890.7051,149121.520300000905991],[12223864.2975,149109.248399998992682],[12223864.2909,149109.245299998670816],[12223773.5997,149067.099700000137091],[12223733.392900001257658,149090.797400001436472],[12223699.531,149049.342099998146296],[12223699.562600001692772,149046.400100000202656],[12223699.8358,149021.059099998325109],[12223622.04,148965.538400001823902],[12223657.629299998283386,148937.7347999997437],[12223658.5953,148910.873199999332428],[12223708.7969,148882.596900001168251],[12223707.1904,148920.010899998247623],[12223751.9712999984622,148935.062699999660254],[12223789.9492,148894.628499999642372],[12223845.1912,148750.725600000470877],[12223847.955899998545647,148743.524000000208616],[12223895.6087,148640.851500000804663],[12223871.279399998486042,148592.072700001299381],[12223947.5174,148584.914700001478195],[12223948.86540000140667,148534.01630000025034],[12223927.6017,148504.377399999648333],[12223945.634399998933077,148441.5439000017941],[12223969.5381,148426.162500001490116],[12224212.922400001436472,148423.907800000160933],[12224280.6547,148423.43129999935627],[12224386.8041,148422.684500001370907],[12224674.9195,148420.657200001180172],[12224832.9936,148419.544799998402596],[12225201.673300001770258,148413.347899999469519],[12225513.5112,148417.940600000321865],[12226039.6109,148421.524399999529123],[12226096.2139,148232.513099998235703],[12226117.915600001811981,148160.045800000429153],[12226191.23,147915.229800000786781],[12226202.9932,147875.949299998581409],[12226291.685600001364946,147579.781300000846386],[12226301.280000001192093,147441.478799998760223],[12226310.8741,147303.176300000399351],[12226507.935199998319149,147044.243999999016523],[12226341.2104,146961.021099999547005],[12226246.429699998348951,147010.119600001722574],[12225757.8184,146756.332899998873472],[12225761.280900001525879,146745.392099998891354],[12225837.2487,146570.454900000244379],[12225853.826499998569489,146532.279699999839067],[12225850.2221,146400.158599998801947],[12225849.6413,146378.86769999936223],[12225848.417100001126528,146333.987900000065565],[12225849.760499998927116,146240.866599999368191],[12226028.7823,145991.928300000727177],[12226279.746800001710653,145936.084399998188019],[12226283.763999998569489,145835.354499999433756],[12226287.781100001186132,145734.624800000339746],[12226546.769900001585484,145498.106600001454353],[12226667.5878,145251.929999999701977],[12226689.988899998366833,144890.586100000888109],[12226790.667100001126528,144784.364700000733137],[12227223.655499998480082,144327.534699998795986],[12227306.5134,144240.114000000059605],[12227527.673,144234.989500001072884],[12227983.1006,144224.436000000685453],[12228008.5467,144147.699700001627207],[12227887.5302,143930.455200001597404],[12227897.0257,143905.08390000090003],[12228062.208299998193979,143747.616399999707937],[12228106.5984,143715.287399999797344],[12228148.779,143665.089099999517202],[12228244.73,143573.619600001722574],[12228231.806000001728535,143566.280299998819828],[12228242.026,143554.117600001394749],[12227431.843899998813868,143103.620200000703335],[12226700.080400001257658,142219.492499999701977],[12226577.960499998182058,141631.813999999314547],[12226159.4091,140886.140500001609325],[12226031.469500001519918,140847.614399999380112],[12226062.1558,140829.120799999684095],[12226115.1125,140790.771699998527765],[12226108.6684,140732.776000000536442]],[[12225223.217500001192093,143666.954799998551607],[12225224.8033,143653.323899999260902],[12225242.175,143655.950800001621246],[12225258.1541,143444.9037000015378],[12225178.057,143442.465500000864267],[12225182.511799998581409,143404.545000001788139],[12225015.599399998784065,143405.082699999213219],[12225001.617400001734495,143405.127700001001358],[12224894.726599998772144,143405.471999999135733],[12224864.9485,143405.567999999970198],[12224861.1569,143331.19709999859333],[12224839.49549999833107,143328.972100000828505],[12224839.5594,143327.010200001299381],[12224820.309500001370907,143327.001200001686811],[12224804.2225,143325.348799999803305],[12224801.1424,143212.402300000190735],[12224851.7245,143215.681499999016523],[12225133.7133,143233.961399998515844],[12225255.017299998551607,143241.82490000128746],[12225351.203200001269579,143248.060100000351667],[12225357.3622,143248.459399998188019],[12225357.484700001776218,143248.467300001531839],[12225386.329,143311.13120000064373],[12225422.9868,143310.9070999994874],[12225424.701699998229742,143310.896499998867512],[12225424.7714,143310.896000001579523],[12225424.7808,143311.726599998772144],[12225425.459800001233816,143370.514199998229742],[12225412.7474,143385.298099998384714],[12225413.531100001186132,143408.082899998873472],[12225425.572500001639128,143431.9222999997437],[12225504.4162,143432.013700000941753],[12225507.849399998784065,143493.873500000685453],[12225927.766800001263618,143525.096599999815226],[12225927.8310999982059,143525.101500000804663],[12225927.602400001138449,143532.081700000911951],[12225923.907200001180172,143532.125700000673532],[12225863.670699998736382,143532.846700001507998],[12225863.2801,143532.851399999111891],[12225863.226799998432398,143535.562800001353025],[12225861.6877,143613.89640000090003],[12225872.633499998599291,143643.694899998605251],[12225889.2989,143667.153000000864267],[12225896.4373,143685.810300000011921],[12225932.765099998563528,143704.24549999833107],[12225934.280900001525879,143705.014699999243021],[12225951.4212,143697.574499998241663],[12225994.3798,143678.927200000733137],[12226038.584600001573563,143679.480599999427795],[12226053.939800001680851,143674.157999999821186],[12226065.5251,143665.095199998468161],[12226129.772599998861551,143630.788699999451637],[12226142.750599998980761,143640.308699999004602],[12226152.4397,143638.621300000697374],[12226163.714699998497963,143636.657499998807907],[12226176.4553,143613.525199998170137],[12226176.9205,143612.680500000715256],[12226193.730700001120567,143611.066100001335144],[12226215.95719999819994,143628.930900000035763],[12226217.870700001716614,143628.7972999997437],[12226215.8684,143698.466499999165535],[12226212.433899998664856,143737.553800001740456],[12226212.4329,143737.565699998289347],[12226205.2392,143819.43189999833703],[12226201.779,143858.807500001043081],[12226198.87049999833107,143891.907699998468161],[12226195.0222,143935.702500000596046],[12226194.636,143940.096900001168251],[12226194.3715,143943.10700000077486],[12226187.306000001728535,143942.593199998140335],[12226173.715,143941.604899998754263],[12226099.2251,143936.187899999320507],[12225979.845199998468161,143927.506499998271465],[12225984.8854,143921.575699999928474],[12225989.2152,143916.480599999427795],[12225989.6162,143903.793499998748302],[12225985.1946,143901.092799998819828],[12225967.784699998795986,143890.459100000560284],[12225967.4588,143879.466600000858307],[12225985.725699998438358,143865.915100000798702],[12225985.743099998682737,143865.902100000530481],[12225985.944899998605251,143852.400800000876188],[12225987.4503,143751.677299998700619],[12225865.81700000166893,143747.044399999082088],[12225838.217500001192093,143748.69709999859333],[12225835.482900001108646,143748.86089999973774],[12225822.839200001209974,143749.618000000715256],[12225788.098700001835823,143751.698499999940395],[12225787.631499998271465,143846.779500000178814],[12225799.486200001090765,143855.739000000059605],[12225800.217,143893.331199999898672],[12225789.192200001329184,143922.149000000208616],[12225770.0488,143922.993000000715256],[12225768.6248,143954.522799998521805],[12225768.5084,143957.102099999785423],[12225785.0466,143956.885099999606609],[12225796.7575,143956.731499999761581],[12225763.0379,144064.48200000077486],[12225620.4184,144061.537300001829863],[12225620.4567,143978.400699999183416],[12225620.463,143964.644000001251698],[12225567.438700001686811,143963.485199999064207],[12225567.7509,144021.642700001597404],[12225569.55290000140667,144155.013199999928474],[12225517.714499998837709,144153.454100001603365],[12225509.5828,144142.034699998795986],[12225508.9151,144123.83049999922514],[12225507.9681,144098.00899999961257],[12225507.9095,144096.412099998444319],[12225515.537999998778105,144085.75620000064373],[12225514.7124,144038.854699999094009],[12225493.96510000154376,144027.332899998873472],[12225493.825399998575449,144020.671300001442432],[12225492.6389,143964.101100001484156],[12225498.0596,143964.407600000500679],[12225512.4615,143965.222100000828505],[12225513.1959,143960.485300000756979],[12225525.6063,143880.440600000321865],[12225485.278099998831749,143853.880199998617172],[12225490.380800001323223,143809.43299999833107],[12225542.4723,143812.974800001829863],[12225542.668000001460314,143817.991900000721216],[12225544.3558,143861.262499999254942],[12225612.3279,143868.329300001263618],[12225630.461800001561642,143753.450199998915195],[12225631.0751,143749.565200001001358],[12225631.7604,143745.223099999129772],[12225465.3176,143743.546599999070168],[12225465.273699998855591,143745.072299998253584],[12225465.2174,143747.026000000536442],[12225464.349,143777.123100001364946],[12225423.374000001698732,143776.144600000232458],[12225425.1017,143747.954599998891354],[12225425.1924,143746.473799999803305],[12225425.294300001114607,143744.807300001382828],[12225379.5378,143745.540899999439716],[12225367.1657,143745.739399999380112],[12225367.503899998962879,143749.406399998813868],[12225373.803100001066923,143817.692800000309944],[12225374.502099998295307,143821.026700001209974],[12225374.731600001454353,143822.121599998325109],[12225384.2623,143867.583500001579523],[12225399.999699998646975,143905.657600000500679],[12225400.126600001007318,143905.964600000530481],[12225373.120700001716614,143920.342199999839067],[12225399.922200001776218,143961.063499998301268],[12225311.7146,143970.048200000077486],[12225187.6105,144025.285399999469519],[12225106.947,144037.498500000685453],[12225093.3046,144039.564300000667572],[12225068.5053,144005.243099998682737],[12225092.6201,143972.015299998223782],[12225010.352400001138449,143969.738200001418591],[12225008.121399998664856,143985.726199999451637],[12224989.3816,143983.798700001090765],[12224982.061299998313189,144015.773299999535084],[12225009.693300001323223,144020.902800001204014],[12225007.782900001853704,144031.134899999946356],[12224978.5623,144026.324400000274181],[12224974.741700001060963,144045.509500000625849],[12224996.656100001186132,144051.275800000876188],[12224993.4723,144067.263300001621246],[12225060.4883,144080.725400000810623],[12225056.3257,144152.674199998378754],[12225073.1415,144193.933499999344349],[12225015.015999998897314,144187.830299999564886],[12225014.7033,144189.702799998223782],[12225006.097600001841784,144241.229400001466274],[12225070.1463,144317.447000000625849],[12225105.801199998706579,144318.023499999195337],[12225111.834600001573563,144321.543999999761581],[12225110.2385,144338.811299998313189],[12225095.303599998354912,144351.27589999884367],[12225096.2518,144361.189399998635054],[12225117.5253,144379.426899999380112],[12225135.313099998980761,144380.074799999594688],[12225136.4897,144390.48369999974966],[12225136.578499998897314,144391.267599999904633],[12225058.435899998992682,144396.987199999392033],[12225093.973499998450279,144479.507199998944998],[12225120.844500001519918,144592.666600000113249],[12225121.23759999871254,144594.321199998259544],[12225171.743099998682737,144592.746100001037121],[12225172.0115,144607.541299998760223],[12225221.9806,144621.890900000929832],[12225241.1133,144644.071400001645088],[12225226.767299998551607,144650.460299998521805],[12225153.919100001454353,144655.542500000447035],[12225021.993099998682737,144691.224800001829863],[12224997.5726,144703.018699999898672],[12224955.2196,144696.281899999827147],[12224967.373399998992682,144598.302499998360872],[12224916.3831,144597.111800000071526],[12224916.274099998176098,144596.336500000208616],[12224913.529800001531839,144576.810899998992682],[12224901.6833,144492.527699999511242],[12224851.4432,144492.285100001841784],[12224818.704300001263618,144539.526200000196695],[12224862.327100001275539,144539.333599999547005],[12224863.1602,144569.393300000578165],[12224893.2302,144569.620600000023842],[12224891.5643,144596.869500000029802],[12224891.5229,144597.5472999997437],[12224898.2725,144597.2820999994874],[12224907.742400001734495,144596.910100001841784],[12224903.0356,144687.9814000017941],[12224785.124699998646975,144669.226100001484156],[12224780.221,144669.0625],[12224674.029599998146296,144665.518399998545647],[12224681.802700001746416,144608.156800001859665],[12224729.1901,144606.163400001823902],[12224775.7736,144604.20380000025034],[12224776.0488,144599.988000001758337],[12224776.57319999858737,144591.945999998599291],[12224760.9567,144590.073100000619888],[12224799.9522,144505.989000000059605],[12224808.650600001215935,144487.232900001108646],[12224810.18299999833107,144388.999099999666214],[12224810.833099998533726,144347.330299999564886],[12224811.69819999858737,144232.773899998515844],[12224837.532699998468161,144232.786100000143051],[12224865.8123,144175.488099999725819],[12224865.9353,144175.239100001752377],[12224903.628199998289347,144176.109299998730421],[12224906.831500001251698,144138.354100000113249],[12224912.9967,144065.683200001716614],[12224935.444699998944998,144062.70890000090003],[12224950.2773,143967.451400000602007],[12224950.549800001084805,143965.703699998557568],[12224918.125100001692772,143965.914200000464916],[12224909.877,143828.071800000965595],[12224981.6254,143839.702500000596046],[12224988.465799998492002,143814.097800001502037],[12225012.669,143814.477699998766184],[12225020.1364,143814.594900000840425],[12225019.793699998408556,143745.159600000828505],[12225025.801199998706579,143746.372099999338388],[12225027.964200001209974,143746.808600001037121],[12225034.164700001478195,143722.665800001472235],[12225069.822999998927116,143726.221900001168251],[12225089.8371,143648.461100000888109],[12225108.2251,143651.01069999858737],[12225223.217500001192093,143666.954799998551607]],[[12225869.442499998956919,141450.603900000452995],[12225818.885499998927116,141660.048200000077486],[12225284.846099998801947,141623.988099999725819],[12225287.249699998646975,141616.950500000268221],[12225351.406100001186132,141436.363099999725819],[12225349.11540000140667,141435.813000001013279],[12225356.710099998861551,141413.576299998909235],[12225313.971500001847744,141407.621800001710653],[12225383.2635000012815,141229.588599998503923],[12225551.2438,141236.548000000417233],[12225665.8669,141241.296799998730421],[12225713.814,141243.283300001174212],[12225747.4811,141244.677999999374151],[12225746.733399998396635,141246.959199998527765],[12225687.0539,141412.395399998873472],[12225692.449299998581409,141412.539200000464916],[12225692.068599998950958,141413.700599998235703],[12225685.9863,141432.252900000661612],[12225765.5882,141440.215399999171495],[12225772.432500001043081,141440.899999998509884],[12225869.442499998956919,141450.603900000452995]],[[12220752.154800001531839,142667.531800001859665],[12220838.799800001084805,142660.76630000025034],[12220891.4883,142687.399500001221895],[12220896.86430000141263,142738.00620000064373],[12220869.2537,142792.979899998754263],[12220873.145599998533726,142792.962200000882149],[12220900.216899998486042,142792.838899999856949],[12220960.000999998301268,142792.566399998962879],[12220961.853300001472235,142792.557799998670816],[12220982.1199,142792.465599998831749],[12220984.5841,142790.02930000051856],[12221030.671300001442432,142744.469200000166893],[12221052.370000001043081,142711.408599998801947],[12221050.7837,142676.740100000053644],[12221037.8673,142675.454900000244379],[12221033.6409,142638.165300000458956],[12221033.1354,142633.705200001597404],[12221032.747299998998642,142630.282000001519918],[12221032.2267,142625.689100001007318],[12221031.699299998581409,142621.036499999463558],[12221031.597600001841784,142620.138999998569489],[12221031.1338,142616.046500001102686],[12221030.7102,142612.309500001370907],[12221030.031,142606.316399998962879],[12221028.58839999884367,142593.588199999183416],[12221002.6094,142570.957100000232458],[12220996.8156,142565.90989999845624],[12220996.6288,142560.316300000995398],[12221112.5211,142561.367300000041723],[12221114.939599998295307,142638.540899999439716],[12221067.5295,142640.293800000101328],[12221067.77760000154376,142643.716899998486042],[12221070.2647,142678.028599999845028],[12221095.6749,142678.680300001055002],[12221101.1294,142787.406100001186132],[12221209.964899998158216,142782.850999999791384],[12221217.44029999896884,142782.538100000470877],[12221217.642900001257658,142786.292899999767542],[12221217.75,142788.278000000864267],[12221224.0651,142905.30290000140667],[12221239.102000001817942,142984.453299999237061],[12221264.117400001734495,143011.031599998474121],[12221337.127300001680851,143008.267400000244379],[12221360.4413,143020.776500001549721],[12221362.102200001478195,143045.499299999326468],[12221364.2066,143076.82149999961257],[12221369.093899998813868,143076.555300001055002],[12221375.8537,143076.187399998307228],[12221396.073600001633167,143061.909000001847744],[12221453.3523,143060.203000001609325],[12221502.914299998432398,143061.964800000190735],[12221536.374000001698732,143116.682900000363588],[12221536.1008,143134.80350000038743],[12221543.631900001317263,143161.721400000154972],[12221543.539299998432398,143190.278200000524521],[12221542.827,143190.336800001561642],[12221519.2051,143192.280099999159575],[12221400.2187,143202.068300001323223],[12221370.8092,143204.48759999871254],[12221353.765700001269579,143205.889699999243021],[12221367.7867,143255.384300000965595],[12221381.3646,143303.313299998641014],[12221396.046300001442432,143355.1385000012815],[12221405.470199998468161,143385.570999998599291],[12221390.7705,143387.739900000393391],[12221394.462699998170137,143415.988499999046326],[12221357.931699998676777,143422.366500001400709],[12221359.5141,143434.891800001263618],[12221412.9698,143462.098400000482798],[12221429.5269,143463.259899999946356],[12221431.890500001609325,143470.8935999982059],[12221396.1684,143522.071299999952316],[12221387.25959999859333,143534.83500000089407],[12221402.3319,143568.152199998497963],[12221456.723700001835823,143551.090300001204014],[12221507.6875,143546.67119999974966],[12221530.613000001758337,143582.275100000202656],[12221539.742400001734495,143596.452899999916553],[12221541.2533,143598.799499999731779],[12221541.9358000010252,143599.859299998730421],[12221513.041000001132488,143650.640799999237061],[12221508.9234,143651.823100000619888],[12221502.7064,143653.6081000007689],[12221471.4256,143662.589499998837709],[12221457.44709999859333,143666.603100001811981],[12221457.494600001722574,143672.363600000739098],[12221457.526099998503923,143676.193500000983477],[12221457.9021,143721.831799998879433],[12221457.9096,143722.726500000804663],[12221457.923700001090765,143724.432000000029802],[12221457.9276,143724.909200001507998],[12221457.9478,143727.360599998384714],[12221439.420400001108646,143724.686999998986721],[12221434.1303,143716.157000001519918],[12221411.8961,143715.613499999046326],[12221410.823399998247623,143744.925700001418591],[12221334.063499998301268,143740.625100001692772],[12221318.196400001645088,143709.705899998545647],[12221298.603300001472235,143720.888599999248981],[12221274.796500001102686,143687.300599999725819],[12221289.6224,143681.445300001651049],[12221262.1058,143656.38289999961853],[12221184.2821,143662.208000000566244],[12221182.701299998909235,143646.751600001007318],[12221095.72520000115037,143670.633200000971556],[12221091.633900001645088,143671.756799999624491],[12221085.6912,143654.780099999159575],[12221078.9456,143635.509500000625849],[12221071.5486,143605.127199999988079],[12221074.2086,143577.414799999445677],[12221080.4503,143565.791600000113249],[12221081.9183,143563.058100000023842],[12221088.515,143550.773699998855591],[12221001.723900001496077,143488.908599998801947],[12220975.2835,143427.605799999088049],[12220955.693599998950958,143432.392900001257658],[12220932.9346,143422.788699999451637],[12220931.356199998408556,143401.469700001180172],[12220863.0902,143412.287300001829863],[12220840.823399998247623,143415.815900001674891],[12220838.7154,143395.562600001692772],[12220818.56529999896884,143397.143899999558926],[12220817.594300001859665,143374.799100000411272],[12220762.959199998527765,143043.850600000470877],[12220752.2075,143044.920000001788139],[12220750.347199998795986,143019.06529999896884],[12220726.0117,143020.118599999696016],[12220715.4186,143020.577300000935793],[12220713.0819,142930.195500001311302],[12220712.997499998658895,142926.933299999684095],[12220679.960299998521805,142934.272300001233816],[12220616.741099998354912,142930.692899998277426],[12220617.1477,142767.000399999320507],[12220673.1714,142761.44200000166893],[12220668.673099998384714,142713.089899998158216],[12220713.083500001579523,142711.625900000333786],[12220716.1719,142711.524099998176098],[12220743.615899998694658,142710.619500000029802],[12220752.826499998569489,142710.315799999982119],[12220752.5728,142705.879000000655651],[12220752.509,142704.762499999254942],[12220750.386300001293421,142667.669900000095367],[12220751.260499998927116,142667.601599998772144],[12220752.154800001531839,142667.531800001859665]],[[12220592.6479,142377.093800000846386],[12220570.562800001353025,142341.108800001442432],[12220556.546799998730421,142314.187800001353025],[12220532.066399998962879,142306.581300001591444],[12220532.713100001215935,142253.135400000959635],[12220710.3996,142241.059900000691414],[12220710.4646,142103.157600000500679],[12220690.9639,142142.375100001692772],[12220689.288199998438358,142119.452500000596046],[12220687.258699998259544,142091.690900001674891],[12220672.691599998623133,142111.22520000115037],[12220668.6785,142116.60700000077486],[12220639.5836,142155.622900001704693],[12220544.521699998527765,142094.657900001853704],[12220579.1349,141999.772799998521805],[12220572.148200001567602,141993.3614999987185],[12220584.2199,141971.780099999159575],[12220586.930599998682737,141974.211100000888109],[12220643.087000001221895,141900.887200001627207],[12220649.2841,141906.041400000452995],[12220724.6895,141975.3614999987185],[12220739.265700001269579,141936.729299999773502],[12220686.739,141891.901700001209974],[12220671.359900001436472,141905.385800000280142],[12220642.3873,141881.388999998569489],[12220654.137899998575449,141864.079100001603365],[12220647.5893,141858.49040000140667],[12220650.0942,141854.012099999934435],[12220666.2084,141825.203400000929832],[12220595.9731,141772.119800001382828],[12220619.1056,141751.955800000578165],[12220321.046,141546.639499999582767],[12220313.0568,141558.292500000447035],[12220285.1844,141537.226399999111891],[12220268.7819,141561.05460000038147],[12220237.5068,141606.48759999871254],[12220267.1941,141625.186999998986721],[12220267.1032,141625.319600000977516],[12220291.7044,141642.849500000476837],[12220265.2692,141684.1722999997437],[12220254.6307,141683.357500001788139],[12220222.2401,141680.876800000667572],[12220221.455699998885393,141681.49040000140667],[12220212.520100001245737,141688.48030000180006],[12220201.599800001829863,141697.022599998861551],[12220194.9406,141702.231899999082088],[12219968.265500001609325,141535.273499999195337],[12220025.213599998503923,141450.4695999994874],[12220158.1239,141553.15430000051856],[12220162.185899998992682,141547.583399999886751],[12220183.6166,141562.777800001204014],[12220208.4831,141525.427700001746416],[12220234.4366,141486.444699998944998],[12220237.2001,141488.467399999499321],[12220261.2,141489.677700001746416],[12220261.2102,141489.678199999034405],[12220263.3757,141489.787399999797344],[12220328.700199998915195,141493.081500001251698],[12220357.56810000166297,141494.537300001829863],[12220359.318799998611212,141494.625599998980761],[12220393.1593,141521.198300000280142],[12220393.302299998700619,141521.310600001364946],[12220373.061099998652935,141556.720100000500679],[12220498.823600001633167,141637.258400000631809],[12220512.4245,141614.849599998444319],[12220546.2308,141641.395500000566244],[12220675.843899998813868,141743.172400001436472],[12220778.0874,141836.245799999684095],[12220791.90089999884367,141815.657200001180172],[12220807.127700001001358,141816.303199999034405],[12220817.239500001072884,141816.732200000435114],[12220795.961199998855591,141840.651299998164177],[12220820.1114999987185,141855.3277000002563],[12220825.867400001734495,141858.825500000268221],[12220838.3532,141866.41330000013113],[12220873.762200001627207,141881.459499999880791],[12220869.6226,141903.202100001275539],[12220867.847800001502037,141962.839099999517202],[12220871.7898,142023.597800001502037],[12220874.7909,142058.294599998742342],[12220906.371399998664856,142109.313499998301268],[12220882.5381,142132.006000000983477],[12220817.2304,142204.08390000090003],[12220817.2892,142207.193799998611212],[12220817.6954,142228.706599999219179],[12220742.7342,142227.391699999570847],[12220715.5753,142230.096700001507998],[12220715.5013,142386.945599999278784],[12220734.4529,142388.620099999010563],[12220730.073600001633167,142413.667100001126528],[12220738.2056,142428.993500001728535],[12220732.092300001531839,142459.751600001007318],[12220731.838599998503923,142461.028099998831749],[12220726.9879,142502.402699999511242],[12220721.0396,142503.423300001770258],[12220719.244600001722574,142503.731300000101328],[12220714.097199998795986,142473.616999998688698],[12220699.80689999833703,142466.94819999858737],[12220688.41160000115633,142495.855500001460314],[12220666.7066,142495.312300000339746],[12220667.0658,142461.578099999576807],[12220668.4534,142439.752300001680851],[12220646.9175,142439.226799998432398],[12220647.3264,142435.40989999845624],[12220648.4762,142424.686799999326468],[12220620.1584,142424.035500001162291],[12220592.6479,142377.093800000846386]],[[12223187.1666,141257.0320999994874],[12223116.9641,141243.359600000083447],[12223107.140500001609325,141241.44649999961257],[12223081.0,141236.355399999767542],[12223082.6092,141142.468299999833107],[12223190.3453,141137.674100000411272],[12223209.416499998420477,141187.351500000804663],[12223200.4106,141245.109499998390675],[12223187.1666,141257.0320999994874]],[[12223145.5554,141810.811599999666214],[12223291.320999998599291,141873.95549999922514],[12223247.574299998581409,141954.36879999935627],[12223107.4111,141891.209899999201298],[12223145.5554,141810.811599999666214]],[[12221490.3953,149419.748700000345707],[12221483.178,149418.238699998706579],[12221474.374000001698732,149399.39809999987483],[12221463.8222,149376.817200001329184],[12221470.822500001639128,149352.11769999936223],[12221470.6464,149351.3293999992311],[12221466.8209,149334.203299999237061],[12221465.1967,149326.932000000029802],[12221474.148400001227856,149309.993000000715256],[12221476.032900001853704,149306.427000001072884],[12221477.9175,149302.860800001770258],[12221481.7724,149295.566300000995398],[12221484.0346,149291.285599999129772],[12221487.7187,149287.99210000038147],[12221504.770100001245737,149272.748399998992682],[12221535.3834,149244.223200000822544],[12221599.4362,149255.234299998730421],[12221642.4144,149274.01630000025034],[12221702.5572,149269.036299999803305],[12221703.169100001454353,149272.031899999827147],[12221705.8596,149285.204199999570847],[12221707.521899998188019,149293.342199999839067],[12221694.9701,149302.716299999505281],[12221697.4481,149322.802299998700619],[12221698.695799998939037,149332.915300000458956],[12221699.17680000141263,149336.814399998635054],[12221700.009399998933077,149343.563400000333786],[12221700.454300001263618,149347.168800000101328],[12221701.020599998533726,149348.822799999266863],[12221715.7078,149391.717199999839067],[12221716.26069999858737,149393.331999998539686],[12221729.231600001454353,149397.770199999213219],[12221736.8512,149400.377399999648333],[12221738.945300001651049,149400.169700000435114],[12221762.7735,149397.808100000023842],[12221764.502500001341105,149397.636700000613928],[12221767.460099998861551,149397.343600001186132],[12221772.1642,149396.877399999648333],[12221788.5163,149409.890099998563528],[12221791.21339999884367,149409.758799999952316],[12221819.0977,149408.401200000196695],[12221821.022599998861551,149408.307500001043081],[12221823.350000001490116,149409.100999999791384],[12221839.2478,149414.520799998193979],[12221842.267,149415.550200000405312],[12221843.253899998962879,149415.886599998921156],[12221858.4798,149420.140000000596046],[12221868.291299998760223,149422.881000000983477],[12221873.63060000166297,149423.672699999064207],[12221908.682100001722574,149428.870299998670816],[12221909.541700001806021,149440.9070999994874],[12221915.7275,149527.526900000870228],[12221932.869800001382828,149548.960799999535084],[12221930.7978,149563.776500001549721],[12221942.0143,149577.85249999910593],[12221944.2779,149585.41609999909997],[12221948.092500001192093,149598.16160000115633],[12221941.8413,149606.686200000345707],[12221936.8055,149607.890599999576807],[12221928.4989,149609.877399999648333],[12221914.267099998891354,149605.276000000536442],[12221868.348900001496077,149590.429699998348951],[12221866.0916,149589.69990000128746],[12221850.2412,149562.603199999779463],[12221846.491700001060963,149556.193300001323223],[12221845.46229999884963,149554.433600001037121],[12221845.0577,149551.195099998265505],[12221844.824299998581409,149549.327100001275539],[12221844.095199998468161,149543.492300000041723],[12221844.0773,149543.34910000115633],[12221839.6882,149508.222100000828505],[12221835.561099998652935,149503.187399998307228],[12221831.8865,149498.7043999992311],[12221819.21229999884963,149483.242300000041723],[12221805.4886,149473.50789999961853],[12221800.2438,149469.787599999457598],[12221795.539099998772144,149466.450599998235703],[12221777.668499998748302,149453.774700000882149],[12221739.934300001710653,149450.962499998509884],[12221734.480500001460314,149450.556099999696016],[12221714.6714,149449.079799998551607],[12221711.9731,149447.072700001299381],[12221709.3636,149445.131400000303984],[12221695.2516999989748,149434.633699998259544],[12221673.0676,149418.131000000983477],[12221665.537300001829863,149419.017599999904633],[12221656.7535,149420.05180000141263],[12221656.216899998486042,149420.114999998360872],[12221631.883299998939037,149422.980000000447035],[12221590.825399998575449,149427.813999999314547],[12221551.226100001484156,149432.476300001144409],[12221536.283100001513958,149429.349700000137091],[12221535.5887,149429.204500000923872],[12221512.2758,149424.326799999922514],[12221500.465999998152256,149421.855700001120567],[12221492.790199998766184,149420.249800000339746],[12221490.3953,149419.748700000345707]],[[12222604.0132,149229.900400001555681],[12222625.939100001007318,149212.64299999922514],[12222643.4109,149209.45380000025034],[12222676.439100001007318,149223.540800001472235],[12222705.3215,149270.88289999961853],[12222705.5729,149284.393199998885393],[12222705.8752,149300.636199999600649],[12222706.3235,149324.720600001513958],[12222706.5594,149337.398299999535084],[12222683.68189999833703,149352.096999999135733],[12222683.455699998885393,149359.409699998795986],[12222682.0684,149404.220899999141693],[12222713.122000001370907,149403.811999998986721],[12222748.954599998891354,149403.34010000154376],[12222752.2681,149403.296399999409914],[12222753.8668,149381.551699999719858],[12222833.5126,149377.79619999974966],[12222833.617600001394749,149400.814699999988079],[12222833.8076,149442.530900001525879],[12222827.4426,149443.031700000166893],[12222714.937199998646975,149451.884199999272823],[12222702.785100001841784,149449.449400000274181],[12222701.9327,149449.2787000015378],[12222670.850900001823902,149443.051199998706579],[12222652.495299998670816,149439.373700000345707],[12222606.437600001692772,149430.145799998193979],[12222606.138799998909235,149430.085900001227856],[12222605.863200001418591,149424.481100000441074],[12222605.132199998944998,149409.615899998694658],[12222604.805300001055002,149402.970199998468161],[12222604.7198,149401.230399999767542],[12222604.4932,149396.622900001704693],[12222603.096700001507998,149368.224700000137091],[12222602.415600001811981,149354.373500000685453],[12222602.364500001072884,149353.335900001227856],[12222604.772100001573563,149348.660999998450279],[12222611.5852,149335.432700000703335],[12222609.989999998360872,149324.421399999409914],[12222605.188299998641014,149291.275499999523163],[12222600.1882,149256.760299999266863],[12222603.5433,149233.199999999254942],[12222604.0132,149229.900400001555681]],[[12222820.112100001424551,149275.358500000089407],[12222814.3488,149276.506799999624491],[12222808.5401,149277.664099998772144],[12222806.77,149278.016800001263618],[12222806.329100001603365,149277.049300000071526],[12222800.5442,149264.353199999779463],[12222799.697700001299381,149262.495299998670816],[12222798.834399998188019,149260.600400000810623],[12222783.1098,149226.089600000530481],[12222775.3363,149209.028900001198053],[12222770.914,149199.323300000280142],[12222769.2271,149195.620999999344349],[12222767.5401,149191.918499998748302],[12222771.7654,149170.655200000852346],[12222776.4456,149147.103799998760223],[12222779.1477,149147.982099998742342],[12222814.874499998986721,149159.594300001859665],[12222823.327599998563528,149195.520899999886751],[12222822.401700001209974,149218.510099999606609],[12222822.395,149218.675200000405312],[12222820.768399998545647,149259.063000001013279],[12222820.112100001424551,149275.358500000089407]],[[12220873.223700001835823,149202.077300000935793],[12220872.5126,149207.765399999916553],[12220871.555100001394749,149211.928399998694658],[12220867.638099998235703,149228.959600001573563],[12220863.0035,149233.687399998307228],[12220860.879299998283386,149259.608500000089407],[12220860.8774,149259.631799999624491],[12220859.323600001633167,149278.590700000524521],[12220858.210099998861551,149292.178599998354912],[12220866.7724,149293.163199998438358],[12220875.0838,149294.11879999935627],[12220871.9362,149298.2939000017941],[12220867.4023,149304.308100000023842],[12220808.9712999984622,149300.414799999445677],[12220783.963100001215935,149288.343699999153614],[12220763.118,149288.133400000631809],[12220758.8957,149315.753600001335144],[12220758.298099998384714,149319.662799999117851],[12220760.087499998509884,149340.982400000095367],[12220731.270599998533726,149375.824200000613928],[12220637.674600001424551,149370.767299998551607],[12220634.0115,149369.355799999088049],[12220606.866,149358.896699998527765],[12220554.932300001382828,149356.952100001275539],[12220477.6448,149373.531800001859665],[12220477.7953,149364.91780000180006],[12220478.4894,149325.248100001364946],[12220478.5982,149319.036200001835823],[12220473.8946,149308.915500000119209],[12220471.723299998790026,149304.242899999022484],[12220457.309999998658895,149278.120200000703335],[12220405.733800001442432,149276.482200000435114],[12220395.0238,149255.157999999821186],[12220406.2828,149236.509799998253584],[12220347.7837999984622,149206.860199999064207],[12220347.269499998539686,149195.938099998980761],[12220347.0905,149192.130399998277426],[12220345.3602,149155.370099999010563],[12220345.112,149150.098000001162291],[12220347.758299998939037,149148.418600000441074],[12220351.784200001507998,149145.864100001752377],[12220380.4093,149144.582600001245737],[12220386.1628,149144.325100000947714],[12220503.642700001597404,149150.841899998486042],[12220516.079999998211861,149158.176399998366833],[12220520.4162,149158.153599999845028],[12220523.6994,149158.136399999260902],[12220524.6523,149158.131400000303984],[12220538.310899998992682,149158.05970000103116],[12220546.5696,149158.01630000025034],[12220550.169599998742342,149157.997400000691414],[12220556.204799998551607,149157.965700000524521],[12220562.402800001204014,149157.933100000023842],[12220573.124000001698732,149143.300299998372793],[12220576.480999998748302,149138.718600001186132],[12220577.495900001376867,149137.333399999886751],[12220581.1554,149132.338799998164177],[12220581.321400001645088,149132.112199999392033],[12220592.1351,149117.353199999779463],[12220595.663800001144409,149112.537000000476837],[12220595.7779,149112.381299998611212],[12220598.1813,149069.345100000500679],[12220671.988400001078844,149070.436900001019239],[12220670.3688,149134.125900000333786],[12220665.7432,149147.234700001776218],[12220653.602200001478195,149159.108899999409914],[12220656.131299998611212,149161.657299999147654],[12220673.3655,149179.024999998509884],[12220682.6824,149180.361999999731779],[12220778.656,149166.636500000953674],[12220802.500599998980761,149164.650299999862909],[12220804.373399998992682,149164.494300000369549],[12220808.1494,149156.368400000035763],[12220823.8997,149155.177200000733137],[12220830.0504,149162.241900000721216],[12220878.491999998688698,149159.934500001370907],[12220875.7797,149181.630899999290705],[12220873.223700001835823,149202.077300000935793]],[[12220325.8405,149083.403900001198053],[12220325.811900001019239,149086.049100000411272],[12220312.3611,149094.037300001829863],[12220307.261599998921156,149089.945000000298023],[12220306.029599998146296,149088.956199999898672],[12220304.405000001192093,149087.652499999850988],[12220300.9305,149084.864199999719858],[12220291.2823,149090.978199999779463],[12220285.4668,149094.663400001823902],[12220285.4038,149096.828299999237061],[12220285.2363,149102.583299998193979],[12220285.1442,149105.749200001358986],[12220286.754999998956919,149106.213300000876188],[12220291.8132,149107.67119999974966],[12220292.096,149110.66780000180006],[12220292.8453,149118.608399998396635],[12220292.4956,149118.910300001502037],[12220290.2198,149120.875799998641014],[12220284.554499998688698,149125.768500000238419],[12220283.545200001448393,149126.640399999916553],[12220281.5962999984622,149126.799499999731779],[12220278.356600001454353,149127.063799999654293],[12220275.640700001269579,149136.006799999624491],[12220279.956300001591444,149138.615100000053644],[12220282.184999998658895,149139.961899999529123],[12220285.272799998521805,149141.827899999916553],[12220289.592,149144.438299998641014],[12220290.589200001209974,149145.041000001132488],[12220292.161899998784065,149145.991500001400709],[12220293.247299998998642,149146.64750000089407],[12220293.2947,149146.676100000739098],[12220292.3838,149161.805300001055002],[12220292.362300001084805,149162.164700001478195],[12220292.268399998545647,149162.089099999517202],[12220289.396200001239777,149159.773499999195337],[12220282.4996,149154.21339999884367],[12220280.160999998450279,149152.328000001609325],[12220230.779199998825788,149112.515500001609325],[12220230.162,149112.01799999922514],[12220228.4406,149110.630199998617172],[12220228.24720000103116,149110.474300000816584],[12220224.3162,149107.30519999936223],[12220228.507800001651049,149088.06980000063777],[12220229.1492,149085.126600001007318],[12220230.0473,149081.005100000649691],[12220210.4558,149066.934599999338388],[12220181.6758,149094.282499998807907],[12220177.7762,149097.988099999725819],[12220175.9457,149097.192899998277426],[12220172.5359,149095.71169999986887],[12220169.789500001817942,149094.518500000238419],[12220169.164,149072.73930000141263],[12220169.057799998670816,149069.041700001806021],[12220164.8515,148922.572200000286102],[12220164.4712999984622,148909.335299998521805],[12220163.9560999982059,148891.396200001239777],[12220199.0354,148878.422800000756979],[12220199.0883,148826.195099998265505],[12220199.109299998730421,148826.210099998861551],[12220220.908,148841.830600000917912],[12220228.6769,148868.216400001198053],[12220227.476,148887.962200000882149],[12220240.007199998944998,148894.418200001120567],[12220259.6288,148904.526900000870228],[12220282.9019,148892.706799998879433],[12220301.6166,148878.537099998444319],[12220315.6133,148834.335200000554323],[12220329.1521,148834.559399999678135],[12220338.341400001198053,148834.71169999986887],[12220362.1464,148835.105999998748302],[12220380.8816,148846.627500001341105],[12220402.8754,148851.994899999350309],[12220415.6459,148881.980599999427795],[12220418.938299998641014,148908.946400001645088],[12220419.5213,148913.721099998801947],[12220429.909200001507998,148943.785399999469519],[12220445.1424,148970.654699999839067],[12220453.554000001400709,148982.890500001609325],[12220440.8334,149013.343199998140335],[12220452.5845,149016.307199999690056],[12220438.035100001841784,149051.475699998438358],[12220397.203899998217821,149080.075699999928474],[12220372.89979999884963,149089.656899999827147],[12220353.0810999982059,149087.578899998217821],[12220349.7073,149087.22520000115037],[12220344.5515,149086.684500001370907],[12220343.4245,149085.018399998545647],[12220335.357299998402596,149073.092300001531839],[12220334.1673,149071.333200000226498],[12220333.1043,149069.761599998921156],[12220330.7579,149069.970600001513958],[12220327.7797,149070.236000001430511],[12220325.9814000017941,149070.396299999207258],[12220325.841400001198053,149083.318900000303984],[12220325.8405,149083.403900001198053]],[[12220788.7531,148575.754200000315905],[12220791.8733000010252,148555.369500000029802],[12220808.1534,148553.11259999871254],[12220810.313299998641014,148467.172699999064207],[12220919.212699998170137,148459.021899998188019],[12220924.287999998778105,148458.642000000923872],[12220926.177299998700619,148384.027399998158216],[12220920.930100001394749,148384.120400000363588],[12220834.021200001239777,148385.660500001162291],[12220803.79,148336.079500000923872],[12220787.136999998241663,148289.063499998301268],[12220784.4894,148281.297800000756979],[12220770.6435999982059,148240.688499998301268],[12220771.68299999833107,148226.218899998813868],[12220799.5579,148222.475400000810623],[12220813.7845,148197.219799999147654],[12220860.0832,148192.126299999654293],[12220852.550700001418591,148168.61879999935627],[12220839.0739,148121.764400001615286],[12220858.254700001329184,148115.138300001621246],[12220877.4357,148108.51240000128746],[12220920.2553,148104.661499999463558],[12220922.80009999871254,148104.432700000703335],[12220913.364500001072884,148075.567899998277426],[12220950.844700001180172,148078.624400001019239],[12220976.6562,148071.682000000029802],[12221017.0748,148074.180599998682737],[12221032.5614,148071.070199999958277],[12221090.0312,148118.106499999761581],[12221108.6855,148132.745799999684095],[12221126.8508,148172.887099999934435],[12221131.693599998950958,148175.447700001299381],[12221131.785500001162291,148183.58559999987483],[12221131.7896,148183.948699999600649],[12221132.4124,148239.067400000989437],[12221132.9034,148282.512200001627207],[12221132.910300001502037,148283.127000000327826],[12221133.215799998492002,148310.155999999493361],[12221134.704300001263618,148310.441300000995398],[12221193.006,148321.618000000715256],[12221225.711,148346.736999999731779],[12221248.92509999871254,148347.015000000596046],[12221248.798700001090765,148356.773800000548363],[12221248.301199998706579,148395.172400001436472],[12221248.295899998396635,148395.584800001233816],[12221248.203699998557568,148402.703600000590086],[12221250.492400001734495,148402.817999999970198],[12221370.8206,148408.837699998170137],[12221370.583099998533726,148460.96169999986887],[12221463.0114,148461.799199998378754],[12221470.5572,148461.867499999701977],[12221472.7375,148603.904899999499321],[12221475.735399998724461,148698.108399998396635],[12221474.973700001835823,148701.593299999833107],[12221474.6332,148703.151599999517202],[12221473.348000001162291,148709.03319999948144],[12221476.7427,148803.370299998670816],[12221479.890099998563528,148862.531500000506639],[12221384.1728,148864.749000001698732],[12221374.474599998444319,148885.530099999159575],[12221365.624499998986721,148890.0439000017941],[12221352.552000001072884,148896.711399998515844],[12221249.0709,148896.330800000578165],[12221151.4848,148895.971599999815226],[12221131.8504,148895.829199999570847],[12221127.8207,148895.800000000745058],[12221126.7194,148975.8462999984622],[12220922.772,148969.820799998939037],[12220811.30970000103116,148966.52760000154376],[12220815.0634,148918.261500000953674],[12220699.0291,148917.217700000852346],[12220713.6336,148863.259100001305342],[12220713.6455,148863.215399999171495],[12220716.245000001043081,148830.55629999935627],[12220716.8099,148758.286200001835823],[12220745.391600001603365,148770.665399998426437],[12220779.694699998944998,148775.159499999135733],[12220829.0423,148760.154399998486042],[12220862.255199998617172,148720.918000001460314],[12220868.404800001531839,148703.439699999988079],[12220862.068799998611212,148669.113299999386072],[12220863.3407,148651.349300000816584],[12220863.8281,148644.544199999421835],[12220813.471099998801947,148639.522700000554323],[12220801.780699998140335,148594.014600001275539],[12220788.7531,148575.754200000315905]],[[12220692.5185999982059,147710.666600000113249],[12220630.9243,147712.697799999266863],[12220612.5011,147712.475499998778105],[12220591.329999998211861,147703.084800001233816],[12220590.524,147618.662599999457598],[12220590.821400001645088,147603.884399998933077],[12220590.890299998223782,147600.466499999165535],[12220590.846099998801947,147600.4662000015378],[12220572.929499998688698,147600.335700001567602],[12220571.2366,147600.323399998247623],[12220570.7374,147558.551899999380112],[12220565.750799998641014,147525.772300001233816],[12220574.4135,147511.386500000953674],[12220576.2047,147511.271899998188019],[12220600.460499998182058,147509.720600001513958],[12220645.6928,147493.300900001078844],[12220645.915399998426437,147493.783399999141693],[12220661.8884,147528.418099999427795],[12220676.6329,147553.807900000363588],[12220710.848499998450279,147602.20719999819994],[12220713.252,147605.60700000077486],[12220716.484499998390675,147605.693900000303984],[12220723.3171,147605.87779999896884],[12220757.0222,147606.785000000149012],[12220763.165,147602.357400000095367],[12220847.902399998158216,147541.284699998795986],[12220848.7326,147496.262899998575449],[12220849.550299998372793,147447.630300000309944],[12220973.165800001472235,147446.092700000852346],[12220944.1664,147476.457100000232458],[12220942.024500001221895,147526.421599999070168],[12220947.052000001072884,147529.755199998617172],[12220946.4067,147550.327300000935793],[12221019.971700001507998,147549.830899998545647],[12221034.7108,147549.731499999761581],[12221034.708,147550.183400001376867],[12221034.3668,147604.413600001484156],[12221020.234499998390675,147604.505300000309944],[12221008.659400001168251,147604.58049999922514],[12221006.1023,147604.596999999135733],[12220921.5581,147605.145399998873472],[12220921.5559,147609.014400001615286],[12220921.5379,147640.418400000780821],[12220921.5372,147641.776200000196695],[12220923.2168,147641.816799998283386],[12221035.48930000141263,147644.531899999827147],[12221035.8504,147718.001499999314547],[12221036.5984,147812.976399999111891],[12221035.8642,147852.389199998229742],[12221034.329,147901.636599998921156],[12221023.724599998444319,147935.07490000128746],[12221025.68,147996.10080000013113],[12220956.1981,147992.735100001096725],[12220948.03489999845624,148013.490100000053644],[12220910.223900001496077,148016.662000000476837],[12220907.2958,148016.907600000500679],[12220899.4172,148033.581399999558926],[12220897.4388,148037.768399998545647],[12220903.781399998813868,148058.848700001835823],[12220855.571899998933077,148060.041499998420477],[12220753.435400001704693,148062.56870000064373],[12220702.6596,148063.82490000128746],[12220717.8418,147946.158399999141693],[12220686.699499998241663,147889.547400001436472],[12220634.703499998897314,147891.932300001382828],[12220633.1162,147892.005199998617172],[12220632.96,147879.197299998253584],[12220631.37220000103116,147749.334300000220537],[12220632.960499998182058,147749.350099999457598],[12220700.197500001639128,147750.017400000244379],[12220701.675700001418591,147710.364599999040365],[12220692.5185999982059,147710.666600000113249]],[[12222735.231600001454353,147943.403499998152256],[12222692.316799998283386,147938.723000001162291],[12222692.034400001168251,147938.692299999296665],[12222689.744800001382828,147908.14469999819994],[12222689.67509999871254,147907.21510000154376],[12222689.50959999859333,147905.00730000063777],[12222656.928599998354912,147874.953000001609325],[12222654.9151,147873.095600001513958],[12222635.301,147855.002399999648333],[12222634.4764,147854.241700001060963],[12222634.687199998646975,147854.232099998742342],[12222718.3358,147850.445300001651049],[12222718.299400001764297,147848.254099998623133],[12222718.264199998229742,147846.129099998623133],[12222715.8664,147700.786200001835823],[12222713.386,147575.430599998682737],[12222715.5482,147575.210099998861551],[12222825.2388,147564.013799998909235],[12222825.9463,147719.010099999606609],[12222825.991,147728.795800000429153],[12222826.0154,147734.151999998837709],[12222826.382399998605251,147814.559399999678135],[12222826.978500001132488,147945.119699999690056],[12222827.1463,147981.927200000733137],[12222827.156399998813868,147984.150699999183416],[12222786.1395,147986.066199999302626],[12222784.165199998766184,147984.411499999463558],[12222747.5013,147953.686200000345707],[12222741.8591,147948.957600001245737],[12222735.231600001454353,147943.403499998152256]],[[12220419.776700001209974,148771.870299998670816],[12220356.919599998742342,148725.623399998992682],[12220350.7678,148721.097199998795986],[12220347.4681,148731.901000000536442],[12220337.6173,148764.154399998486042],[12220334.1025,148764.871199999004602],[12220328.456500001251698,148766.022700000554323],[12220293.636,148686.880699999630451],[12220288.113200001418591,148674.327899999916553],[12220287.7027,148673.394900001585484],[12220277.534000001847744,148650.282600000500679],[12220266.7152,148650.365899998694658],[12220265.4888,148650.375300001353025],[12220238.3838,148650.584100000560284],[12220214.3352,148650.769499998539686],[12220211.335900001227856,148650.792599998414516],[12220210.994,148650.795099999755621],[12220199.265700001269579,148650.885499998927116],[12220199.2813,148635.478300001472235],[12220199.284400001168251,148632.456900000572205],[12220199.4676,148451.267400000244379],[12220199.532499998807907,148387.045800000429153],[12220275.434999998658895,148386.535700000822544],[12220314.7383,148386.271600000560284],[12220312.4241,148409.427700001746416],[12220316.147300001233816,148410.086899999529123],[12220316.440000001341105,148410.138700000941753],[12220317.1224,148410.259500000625849],[12220320.078200001269579,148410.782699998468161],[12220320.3367,148410.828400000929832],[12220340.645799998193979,148414.423599999397993],[12220340.8821,148414.465500000864267],[12220345.9809,148415.368099998682737],[12220345.996,148415.370700001716614],[12220387.0213,148422.633200000971556],[12220392.906399998813868,148423.674899999052286],[12220395.780699998140335,148424.183800000697374],[12220395.8704,148424.199499998241663],[12220446.7483000010252,148433.206000000238419],[12220446.9021,148433.233300000429153],[12220457.8310999982059,148435.167899999767542],[12220459.3803,148435.442200001329184],[12220480.8162,148439.236600000411272],[12220485.1444,148440.002900000661612],[12220516.2562,148445.510200001299381],[12220560.3825,148457.089899998158216],[12220583.032699998468161,148473.516600001603365],[12220608.3272,148495.031899999827147],[12220624.867600001394749,148509.101100001484156],[12220643.0805,148524.592999998480082],[12220655.4773,148535.137600000947714],[12220653.860100001096725,148536.980500001460314],[12220651.877500001341105,148539.24040000140667],[12220627.5678,148566.949499998241663],[12220625.916700001806021,148568.831199999898672],[12220622.106199998408556,148573.174800001084805],[12220581.1354,148562.92119999974966],[12220532.5121,148612.143199998885393],[12220510.5929,148616.289299998432398],[12220492.4905,148609.88459999859333],[12220488.7476,148610.667700000107288],[12220488.6058,148610.697399999946356],[12220484.8664,148611.479800000786781],[12220475.7385,148656.350900001823902],[12220465.853799998760223,148673.85359999909997],[12220436.7405,148725.403999999165535],[12220441.80290000140667,148765.485700000077486],[12220419.776700001209974,148771.870299998670816]],[[12225719.2188,144730.600499998778105],[12225728.969,144709.712900001555681],[12225702.0869,144686.676300000399351],[12225713.3206,144662.591699998825788],[12225712.3856,144661.506000000983477],[12225703.584600001573563,144651.287599999457598],[12225705.4815,144647.853999998420477],[12225714.182100001722574,144632.105599999427795],[12225716.6182,144620.688099998980761],[12225717.3657,144617.184799998998642],[12225760.352400001138449,144617.204900000244379],[12225774.1116,144627.870299998670816],[12225774.317699998617172,144641.301199998706579],[12225765.6287,144657.286200001835823],[12225774.092099998146296,144670.081199999898672],[12225803.52589999884367,144673.719000000506639],[12225805.2146,144686.510999999940395],[12225812.125999998301268,144693.499899998307228],[12225801.767900001257658,144713.174199998378754],[12225800.421500001102686,144742.695099998265505],[12225798.9309,144775.373599998652935],[12225796.4353,144830.086100000888109],[12225743.014400001615286,144821.589800000190735],[12225746.918499998748302,144816.267400000244379],[12225744.9111,144809.71169999986887],[12225748.4555,144804.894000001251698],[12225750.347199998795986,144804.4239999987185],[12225756.978300001472235,144802.776900000870228],[12225764.830699998885393,144801.238600000739098],[12225765.5979,144797.093299999833107],[12225763.2075,144791.21229999884963],[12225762.6508,144788.721000000834465],[12225761.678,144784.367800001055002],[12225764.8132,144778.213300000876188],[12225712.64,144778.054800000041723],[12225686.0938,144777.974399998784065],[12225686.1239,144776.603500001132488],[12225686.5962,144755.102099999785423],[12225681.3141999989748,144728.238000001758337],[12225688.305,144722.059200000017881],[12225692.963,144724.406100001186132],[12225697.8281,144736.133799999952316],[12225713.4978,144738.486099999397993],[12225719.2188,144730.600499998778105]],[[12225338.179200001060963,144556.800000000745058],[12225344.9676,144525.51240000128746],[12225335.654199998825788,144516.340999998152256],[12225338.847600001841784,144479.461199998855591],[12225330.648400001227856,144465.440200001001358],[12225337.8066,144457.66950000077486],[12225355.588799998164177,144469.616399999707937],[12225380.5002,144451.890700001269579],[12225383.895599998533726,144435.690099999308586],[12225411.6919,144385.798900000751019],[12225279.552299998700619,144387.975400000810623],[12225279.6233000010252,144384.699799999594688],[12225279.6239,144384.678399998694658],[12225280.850699998438358,144328.177200000733137],[12225315.1741,144288.22069999948144],[12225360.5112,144286.769600000232458],[12225374.5174,144271.214800000190735],[12225385.0165,144280.088199999183416],[12225367.725499998778105,144317.761900000274181],[12225375.1924,144322.46510000154376],[12225376.125100001692772,144366.595400001853704],[12225411.698399998247623,144371.728500001132488],[12225450.6477,144324.441899999976158],[12225396.683899998664856,144247.669399999082088],[12225401.4567,144230.083700001239777],[12225383.2166,144200.399500001221895],[12225434.21339999884367,144190.019799999892712],[12225437.5942,144206.053100001066923],[12225429.117800001055002,144219.010800000280142],[12225440.281599998474121,144256.195900000631809],[12225461.627700001001358,144254.670899998396635],[12225475.337499998509884,144281.453600000590086],[12225498.8858,144280.611999999731779],[12225510.232299998402596,144288.633000001311302],[12225522.092,144286.93299999833107],[12225524.152399998158216,144294.83669999986887],[12225533.2531,144329.746500000357628],[12225534.0667,144330.845100000500679],[12225550.1831,144352.607900001108646],[12225543.544799998402596,144365.268500000238419],[12225525.59739999845624,144399.497699998319149],[12225526.4217,144448.616300001740456],[12225565.026999998837709,144491.783700000494719],[12225551.9666,144526.228399999439716],[12225563.822500001639128,144532.203299999237061],[12225511.823800001293421,144602.786499999463558],[12225503.2758,144770.241200000047684],[12225539.804499998688698,144770.791499998420477],[12225539.7099,144774.200800001621246],[12225539.294799998402596,144789.186000000685453],[12225349.7779,144759.041200000792742],[12225333.4492,144721.166799999773502],[12225344.8043,144711.450800001621246],[12225305.2894,144649.826400000602007],[12225318.585499998182058,144625.651999998837709],[12225364.6688,144616.975600000470877],[12225365.107,144599.39299999922514],[12225331.7883,144586.255800001323223],[12225338.179200001060963,144556.800000000745058]],[[12225809.256700001657009,144185.965599998831749],[12225842.24040000140667,144187.60080000013113],[12225843.984499998390675,144187.687100000679493],[12225843.977899998426437,144202.184099998325109],[12225882.5962,144220.55180000141263],[12225881.9949,144231.302200000733137],[12225872.3501,144403.755199998617172],[12225872.2421,144405.686000000685453],[12225849.8847,144420.007699999958277],[12225845.658599998801947,144419.910900000482798],[12225838.830400001257658,144419.75450000166893],[12225836.7617,144419.707100000232458],[12225795.4272,144418.759700000286102],[12225794.783300001174212,144346.050000000745058],[12225794.727899998426437,144339.792399998754263],[12225794.6725,144333.534600000828505],[12225803.089499998837709,144334.3412000015378],[12225802.6305,144321.706000000238419],[12225802.5876,144320.526200000196695],[12225844.9296,144320.546000000089407],[12225847.1424,144320.546999998390675],[12225847.8413,144273.646299999207258],[12225845.599599998444319,144273.637200001627207],[12225827.6298,144273.565400000661612],[12225812.506299998611212,144261.254599999636412],[12225811.1334,144228.468100000172853],[12225794.6815,144198.9206000007689],[12225809.256700001657009,144185.965599998831749]]],[[[12220228.192699998617172,149008.78489999845624],[12220299.239100001752377,149010.291499998420477],[12220329.414099998772144,149012.225299999117851],[12220334.0453,148922.756700001657009],[12220334.545400001108646,148913.095899999141693],[12220333.969500001519918,148913.102899998426437],[12220231.946899998933077,148914.323499999940395],[12220228.748399998992682,148959.091299999505281],[12220228.192699998617172,149008.78489999845624]]],[[[12186748.614799998700619,169309.747699998319149],[12186877.2746,169158.969399999827147],[12186883.0794,169162.295299999415874],[12187011.984900001436472,169234.653599999845028],[12187081.288600001484156,169147.087200000882149],[12187131.485100001096725,169130.495000001043081],[12187134.995000001043081,169125.892700001597404],[12187181.253899998962879,169065.237199999392033],[12187284.313000001013279,168930.103799998760223],[12187292.3512,168919.563900001347065],[12187417.6098,168752.691700000315905],[12187420.0861,168749.392799999564886],[12187533.529199998825788,168610.092099998146296],[12187547.992600001394749,168531.549499999731779],[12187610.019299998879433,168478.785799998790026],[12187625.4857,168465.629200000315905],[12187639.1558,168446.822500001639128],[12187639.965999998152256,168445.707800000905991],[12187640.632399998605251,168444.791000001132488],[12187704.5781,168356.817299999296665],[12187718.6285,168337.487500000745058],[12187715.377999998629093,168335.611900001764297],[12187714.551600001752377,168335.135099999606609],[12187626.8701,168284.541900001466274],[12187628.0689,168244.172800000756979],[12187628.072700001299381,168244.0439000017941],[12187629.905299998819828,168241.475900001823902],[12187670.201499998569489,168185.010499998927116],[12187614.1532,168151.849800001829863],[12187729.4523,168007.876499999314547],[12188808.5313,166849.7511],[12189518.2615,166229.795499999076128],[12189523.9819,166224.798700001090765],[12189518.878199998289347,166220.765900000929832],[12189518.0306,166221.532400000840425],[12189507.4956,166212.114199999719858],[12189504.194699998944998,166209.16330000013113],[12189481.6014,166191.3108000010252],[12189460.3997,166174.557799998670816],[12189457.607500001788139,166172.351399999111891],[12189439.5513,166158.083999998867512],[12189431.845199998468161,166151.994800001382828],[12189426.697999998927116,166147.927499998360872],[12189419.9544,166142.598900001496077],[12189413.453899998217821,166137.462400000542402],[12189413.841699998825788,166133.577500000596046],[12189411.677499998360872,166131.977400001138449],[12189420.9687,166062.186500001698732],[12189423.5596,166036.234400000423193],[12189424.2854,166028.964099999517202],[12189425.378600001335144,166018.013799998909235],[12189427.0271,166001.500199999660254],[12189429.6041,165975.6858000010252],[12189431.6851,165954.840700000524521],[12189436.846099998801947,165942.68129999935627],[12189440.964699998497963,165910.923599999397993],[12189447.2953,165862.110100001096725],[12189451.8191,165827.228199999779463],[12189459.567899998277426,165767.478999998420477],[12189462.7582,165746.518899999558926],[12189467.5808,165714.836199998855591],[12189478.7768,165641.281899999827147],[12189481.1032,165625.998399998992682],[12189500.2383,165510.896499998867512],[12189524.0955,165403.161800000816584],[12189528.911899998784065,165381.411800000816584],[12189543.2938,165249.519200000911951],[12189544.4085,165220.304699998348951],[12189545.4492,165193.030999999493361],[12189548.1435999982059,165122.416600000113249],[12189562.5159,165004.913400001823902],[12189574.5346,164844.240800000727177],[12189577.6135,164833.147599998861551],[12189585.4886,164804.773899998515844],[12189595.767700001597404,164767.738400001078844],[12189610.188099998980761,164715.782000001519918],[12189615.1299,164697.97690000012517],[12189615.660300001502037,164690.745700001716614],[12189618.7095,164649.178599998354912],[12189620.2533,164628.132800001651049],[12189621.0143,164617.759199999272823],[12189622.3424,164599.654699999839067],[12189622.923,164595.335499998182058],[12189625.856800001114607,164573.506299998611212],[12189629.427299998700619,164546.938799999654293],[12189635.3957,164502.530000001192093],[12189636.684099998325109,164492.942999999970198],[12189631.5302,164464.497099999338388],[12189513.7324,163814.335400000214577],[12189204.351100001484156,163364.861800000071526],[12188942.464000001549721,163073.695999998599291],[12188802.8761,162822.597899999469519],[12188794.4974,162807.525800000876188],[12188788.524099998176098,162796.780799999833107],[12188785.270599998533726,162790.928199999034405],[12188746.3812,162815.985300000756979],[12188708.202100001275539,162840.584899999201298],[12188210.920200001448393,162562.370700001716614],[12188306.232700001448393,162313.672400001436472],[12188048.6926,161777.257100000977516],[12187845.102200001478195,161353.211399998515844],[12186212.7643,160232.694299999624491],[12185549.816799998283386,161237.541200000792742],[12186346.487,161726.636300001293421],[12185721.7978,162691.571800000965595],[12185714.602699998766184,162691.807399999350309],[12185712.632599998265505,162695.958399999886751],[12185705.0519,162710.704700000584126],[12185692.126400001347065,162733.19709999859333],[12185670.6094,162770.640299998223782],[12185508.6758,163020.770899999886751],[12185501.0581,163020.694400001317263],[12185501.1979,163008.471999999135733],[12185501.2771,163001.558600001037121],[12185511.4846,162987.096599999815226],[12185588.576699998229742,162877.872800000011921],[12185519.2231,162878.808400001376867],[12185413.549800001084805,162880.233899999409914],[12185334.938700001686811,162882.333200000226498],[12184985.554900001734495,162891.662900000810623],[12184946.646699998527765,162892.701799999922514],[12184924.956999998539686,162892.544100001454353],[12184830.44310000166297,162891.856800001114607],[12184626.0904,162890.370700001716614],[12184460.6985,162889.16780000180006],[12184453.717,162889.195199999958277],[12183768.298300001770258,162891.884300000965595],[12183761.3935,163327.485700000077486],[12183768.5216,163622.077199999243021],[12183774.190499998629093,163856.370999999344349],[12184473.960499998182058,164378.352200001478195],[12185220.359700001776218,164378.8733000010252],[12185815.7832,164539.166200000792742],[12185812.3607,164711.018199998885393],[12185808.028499998152256,164928.537599999457598],[12185463.315900001674891,164933.636199999600649],[12184946.6604,164929.011599998921156],[12184400.364799998700619,164920.101799998432398],[12183782.065699998289347,164928.193500000983477],[12183240.007800001651049,164919.284200001507998],[12182829.9287,164912.783700000494719],[12182829.9012,164952.074000000953674],[12182829.627,165343.7364999987185],[12182829.4302,165624.236800000071526],[12181966.6913,166424.257399998605251],[12181964.8416,166425.972699999809265],[12181949.721,166439.993999999016523],[12181907.7416,166478.921300001442432],[12180184.701699998229742,166453.694699998944998],[12180180.8312,167196.203899998217821],[12180180.729200001806021,167215.769000001251698],[12180180.5662,167247.032800000160933],[12180176.0269,168117.223999999463558],[12180175.815499998629093,168157.725299999117851],[12180175.813900001347065,168158.043200001120567],[12180175.4888,168220.325399998575449],[12179551.7769,168217.239500001072884],[12178988.69310000166297,168214.452199999243021],[12178624.87220000103116,168212.650600001215935],[12178277.7515,168210.931200001388788],[12178280.893800001591444,169524.552999999374151],[12178281.366500001400709,169722.435699999332428],[12178281.3878,170065.238400001078844],[12178281.3972,170219.331700000911951],[12178281.024099998176098,170722.412300001829863],[12178052.1983,170723.862100001424551],[12177882.9029,170724.93470000103116],[12177679.6689000017941,170726.222100000828505],[12177171.4886,170721.574400000274181],[12176743.7652,170725.513300001621246],[12176734.9736,171281.913800001144409],[12176734.873100001364946,171288.27250000089407],[12176730.118,171978.937699999660254],[12176718.77589999884367,172649.223099999129772],[12176793.7894,172648.092399999499321],[12177232.9762,172641.472300000488758],[12177365.271699998527765,172640.816700000315905],[12177743.5235,172638.94200000166893],[12178264.9485,172636.674899999052286],[12178886.95,172639.812300000339746],[12179049.0405,172470.929200001060963],[12179249.8481,172261.7060999982059],[12179249.8481,172261.706199999898672],[12179211.7205,172301.431800000369549],[12179201.9683,172311.592599999159575],[12179237.4767,172308.759899999946356],[12179255.6212,172307.312399998307228],[12179587.974399998784065,172292.431499999016523],[12179910.739100001752377,172277.979400001466274],[12180192.8572,172242.784800000488758],[12181098.6486,172129.783599998801947],[12181184.649999998509884,172119.054299999028444],[12181316.876200001686811,172103.055500000715256],[12181317.1771,172103.019000001251698],[12181722.066399998962879,172054.028599999845028],[12181859.6122,172037.38569999858737],[12182978.8532,171901.955699998885393],[12182980.4364,171901.76410000026226],[12183017.7623,171897.247499998658895],[12183407.83729999884963,171865.282699998468161],[12183532.876200001686811,172542.394099999219179],[12183530.757,172574.643100000917912],[12183511.7196,172864.339400000870228],[12183571.5273,172822.25789999961853],[12183622.419100001454353,172710.963100001215935],[12183952.045000001788139,172577.322200000286102],[12184615.0839,172209.192699998617172],[12185084.517,171956.780499998480082],[12185253.135000001639128,171942.872600000351667],[12185494.6201,171819.938299998641014],[12185565.959800001233816,171756.89750000089407],[12185686.1752,171650.666400000452995],[12185694.406100001186132,171643.39299999922514],[12185791.817899998277426,171517.974599998444319],[12185837.263300001621246,171407.673300001770258],[12185867.7635000012815,171357.205899998545647],[12185903.7625,171297.639800000935793],[12185924.0484,171264.073300000280142],[12185948.5511,171223.529699999839067],[12186007.195500001311302,171126.492499999701977],[12186132.7606,170916.426399998366833],[12186136.093899998813868,170910.849800001829863],[12186131.9364,170908.557000000029802],[12186055.458700001239777,170866.379200000315905],[12186105.136999998241663,170723.289099998772144],[12186318.197700001299381,170109.599500000476837],[12186427.108800001442432,169895.003600001335144],[12186511.789,169728.151000000536442],[12186574.599399998784065,169665.007100000977516],[12186631.4934,169514.598700001835823],[12186748.614799998700619,169309.747699998319149]]],[[[12232294.672899998724461,132292.678100001066923],[12231842.2661,131728.028200000524521],[12231338.6076,131094.939300000667572],[12230726.8147,131100.010000001639128],[12230762.1303,131133.8902000002563],[12230705.5572,131135.318199999630451],[12230909.0247,131328.109499998390675],[12231345.370700001716614,131741.560600001364946],[12231414.9399,131807.479499999433756],[12231638.249000001698732,132019.07149999961257],[12232078.783599998801947,132474.929499998688698],[12232262.8717,132361.776299998164177],[12232293.2403,132343.1097999997437],[12232265.695300001651049,132308.714400000870228],[12232294.672899998724461,132292.678100001066923]]],[[[12228673.7141,139694.643399998545647],[12228680.923300001770258,139702.838799998164177],[12228702.49439999833703,139727.361099999397993],[12228778.826900001615286,139814.136399999260902],[12228778.977899998426437,139814.308200001716614],[12228778.871399998664856,139814.317899998277426],[12228734.71,139818.315699998289347],[12228701.3547,139821.335099998861551],[12228679.2786,139823.333599999547005],[12228679.6162,139837.526599999517202],[12228681.093199998140335,139899.609000001102686],[12228682.5643,139961.450199998915195],[12228684.2683,140033.074099998921156],[12228734.503400001674891,140079.642700001597404],[12228811.2504,140150.78830000013113],[12228831.187600001692772,140329.272799998521805],[12228844.087499998509884,140444.758000001311302],[12228849.593400001525879,140524.870700001716614],[12228862.9162,140718.723000001162291],[12228863.342,140724.917700000107288],[12228871.12779999896884,140724.82319999858737],[12228911.5165,140724.332899998873472],[12228998.3013,140723.279399998486042],[12229035.83219999819994,140722.823800001293421],[12229182.570999998599291,140721.042300000786781],[12229314.171,140719.444499999284744],[12229325.670400001108646,140771.648899998515844],[12230470.585700001567602,140768.812600001692772],[12230659.572500001639128,140768.344099998474121],[12230667.4622,140705.024900000542402],[12230657.3625,140684.667100001126528],[12230651.751200001686811,140673.356600001454353],[12230662.8372,140621.383400000631809],[12230663.568599998950958,140617.954500000923872],[12230722.203899998217821,140617.980200000107288],[12230723.6761,140536.24269999936223],[12230724.5489999987185,140487.784600000828505],[12230724.603300001472235,140484.767299998551607],[12230724.6525,140482.034000001847744],[12230725.518199998885393,140482.27760000154376],[12230727.640299998223782,140482.812800001353025],[12230729.647100001573563,140483.31870000064373],[12230733.379099998623133,140483.879999998956919],[12230737.111200001090765,140484.441199999302626],[12230740.2082,140484.442499998956919],[12230743.38459999859333,140484.523899998515844],[12230745.7669,140484.365100000053644],[12230750.532000001519918,140483.407699998468161],[12230751.4852,140482.92850000038743],[12230752.5975,140481.569899998605251],[12230753.7196,140480.01799999922514],[12230753.682500001043081,140480.021299999207258],[12230750.0821,140480.659200001507998],[12230749.797200001776218,140480.731800001114607],[12230746.7623,140481.748799998313189],[12230742.209600001573563,140482.5439000017941],[12230737.781399998813868,140482.541900001466274],[12230734.3532,140482.337400000542402],[12230728.311,140481.285999998450279],[12230727.6695,140481.182399999350309],[12230724.676600001752377,140480.698800001293421],[12230724.7315,140477.647700000554323],[12230725.600499998778105,140429.404899999499321],[12230727.4423,140327.149300001561642],[12230728.8466,140249.18189999833703],[12230790.575599998235703,140249.884399998933077],[12230922.2286,140251.382399998605251],[12230958.9879,140251.800700001418591],[12231029.3715,140147.151900000870228],[12231130.1037,140147.195700000971556],[12231230.2559,140147.239199999719858],[12231248.418200001120567,140147.247099999338388],[12231248.897599998861551,140101.144400000572205],[12231414.7537,140111.599800001829863],[12231708.3158,139907.958999998867512],[12231834.7335,139535.773499999195337],[12231956.623799998313189,139290.629999998956919],[12231974.476,139254.725900001823902],[12231983.1025,139237.376400001347065],[12232110.7637,138980.625599998980761],[12232123.9619,138954.081500001251698],[12232093.1862,138873.456500001251698],[12232029.2848,138706.050599999725819],[12232033.594,138666.057599999010563],[12232013.56700000166893,138596.212699998170137],[12232019.666299998760223,138569.833599999547005],[12231992.9408,138547.437300000339746],[12231994.7977,138538.377700001001358],[12232004.856199998408556,138538.648499999195337],[12232011.743500001728535,138526.126499999314547],[12231975.2221,138508.667399998754263],[12231952.8653,138483.741500001400709],[12231971.9282,138473.756499998271465],[12232018.9142,138469.512899998575449],[12232011.796999998390675,138398.891600001603365],[12232045.6604,138379.528000000864267],[12232077.458700001239777,138361.345300000160933],[12232113.985100001096725,138366.690499998629093],[12232137.5539,138342.184000000357628],[12232124.756099998950958,138318.347199998795986],[12232112.1096,138294.792399998754263],[12232121.9641,138276.675599999725819],[12232097.793000001460314,138261.059000000357628],[12232090.956,138241.113400001078844],[12232094.8442,138236.742199998348951],[12232095.9945,138235.449200000613928],[12232097.144299998879433,138234.156399998813868],[12232099.960099998861551,138230.990800000727177],[12232120.5927,138264.310100000351667],[12232138.3312,138256.056699998676777],[12232146.401999998837709,138262.1891999989748],[12232147.985800001770258,138272.582800000905991],[12232158.833099998533726,138285.511999998241663],[12232170.082400001585484,138286.782499998807907],[12232187.750300001353025,138299.041400000452995],[12232195.7344,138304.581199999898672],[12232202.285300001502037,138298.469200000166893],[12232214.006099998950958,138287.534000001847744],[12232223.535100001841784,138288.071100000292063],[12232225.2077,138291.47859999909997],[12232228.1398,138297.451400000602007],[12232235.9652,138313.392299998551607],[12232292.8997,138301.363499999046326],[12232297.646200001239777,138300.360800001770258],[12232317.497900001704693,138302.5011],[12232334.144299998879433,138311.182399999350309],[12232355.341699998825788,138322.236999999731779],[12232377.045400001108646,138326.509899999946356],[12232383.9337,138312.122699998319149],[12232369.551399998366833,138271.36259999871254],[12232362.175900001078844,138250.460700001567602],[12232358.772799998521805,138240.815900001674891],[12232355.908599998801947,138232.698699999600649],[12232344.862100001424551,138232.371599998325109],[12232337.6444,138232.157900001853704],[12232332.6266999989748,138204.980799999088049],[12232330.310199998319149,138192.434599999338388],[12232324.703499998897314,138162.067099999636412],[12232306.72410000115633,138113.559200000017881],[12232305.633499998599291,138091.537500001490116],[12232305.4421,138087.6706000007689],[12232304.361900001764297,138065.857599999755621],[12232284.510200001299381,138063.717500001192093],[12232267.0425,138057.580899998545647],[12232245.8713,138046.113099999725819],[12232236.610800001770258,138036.7820999994874],[12232237.6827,138004.804499998688698],[12232218.6446,137956.562899999320507],[12232214.464000001549721,137930.978700000792742],[12232221.5048,137893.450399998575449],[12232221.84910000115633,137891.615499999374151],[12232231.5046,137840.150400001555681],[12232244.6558,137774.382699999958277],[12232246.1008,137767.156500000506639],[12232251.027399998158216,137742.519000001251698],[12232275.965999998152256,137726.714000001549721],[12232315.122000001370907,137631.169599998742342],[12232314.173099998384714,137621.975499998778105],[12232302.3719,137610.857999999076128],[12232266.370299998670816,137616.385899998247623],[12232227.083700001239777,137628.734000001102686],[12232151.049199998378754,137658.547899998724461],[12232103.8215,137671.532299999147654],[12232075.433899998664856,137699.660900000482798],[12232069.924800001084805,137706.907000001519918],[12232067.694400001317263,137708.942800000309944],[12232003.545699998736382,137602.563400000333786],[12232004.965300001204014,137593.886700000613928],[12232033.6529,137590.131799999624491],[12232036.949499998241663,137574.500300001353025],[12232063.7769,137561.974500000476837],[12232090.3233,137549.579900000244379],[12232085.2383,137518.915300000458956],[12232082.0856,137499.903999999165535],[12232098.1452,137504.6570999994874],[12232123.8937,137512.277899999171495],[12232124.6441,137512.500100001692772],[12232138.5343,137503.235100001096725],[12232139.809799998998642,137502.384199999272823],[12232145.7918,137498.394200000911951],[12232164.889600001275539,137485.655600000172853],[12232173.915199998766184,137460.640900000929832],[12232176.824700001627207,137461.38289999961853],[12232220.581300001591444,137472.542100001126528],[12232252.804900001734495,137480.760200001299381],[12232395.0596,137517.038899999111891],[12232474.8431,137537.385600000619888],[12232559.8017,137550.756099998950958],[12232605.7597,137473.361999999731779],[12232592.962000001221895,137463.551399998366833],[12232577.942499998956919,137452.037300001829863],[12232596.311900001019239,137426.566899999976158],[12232617.9701,137396.536699999123812],[12232644.499200001358986,137359.752399999648333],[12232649.7775,137352.433800000697374],[12232680.5169,137309.811799999326468],[12232872.9749,137096.860399998724461],[12232876.1323,137095.862300001084805],[12232899.9305,137088.339800000190735],[12232917.036200001835823,137082.932700000703335],[12232918.5038,137082.468899998813868],[12232925.871599998325109,137080.140000000596046],[12232986.456300001591444,137044.269999999552965],[12233008.852899998426437,137045.538600001484156],[12233031.2496,137046.807100001722574],[12233057.758699998259544,137059.062600001692772],[12233068.4205,137063.991700001060963],[12233107.2355,137081.9364],[12233109.3805,137082.927999999374151],[12233185.7687,137118.243200000375509],[12233316.7573,137178.800700001418591],[12233319.1774,137179.919599998742342],[12233528.4606,137276.673599999397993],[12233692.605999998748302,137202.126299999654293],[12233695.2956,137147.530799999833107],[12233713.236000001430511,137138.318999998271465],[12233713.485100001096725,136893.622800000011921],[12233764.624499998986721,136872.394099999219179],[12233784.482900001108646,136858.278799999505281],[12233784.48930000141263,136842.556099999696016],[12233758.28489999845624,136840.146899998188019],[12233751.952599998563528,136804.385600000619888],[12233851.6582,136637.245999999344349],[12233833.8237,136622.97580000013113],[12233852.357700001448393,136592.949799999594688],[12233847.052499998360872,136588.225499998778105],[12233848.539700001478195,136585.89469999819994],[12233837.434999998658895,136553.912099998444319],[12233755.667399998754263,136493.119899999350309],[12233772.8336,136419.508699998259544],[12233706.7449,136343.525199998170137],[12233695.5376,136176.001600001007318],[12233793.7956,136141.6435999982059],[12233797.7383,136138.879099998623133],[12233869.134100001305342,136088.817499998956919],[12233872.793000001460314,136086.252099998295307],[12233894.6444,136052.284499999135733],[12233962.480999998748302,136035.324200000613928],[12233991.6065,136014.350600000470877],[12233988.6602,136009.469500001519918],[12233972.0981,135982.031500000506639],[12233980.3741,135971.708700001239777],[12234005.847800001502037,135980.379700001329184],[12234040.931200001388788,135955.078299999237061],[12234045.2408,135934.427600000053644],[12234019.439,135918.427999999374151],[12233978.901999998837709,135910.877900000661612],[12233994.898699998855591,135896.480500001460314],[12233974.2573,135868.632199998944998],[12234012.1842,135834.114599999040365],[12233705.9487,135442.315000001341105],[12233751.7612,135429.241200000047684],[12233750.6074,135369.523200001567602],[12233754.504299998283386,135363.450500000268221],[12233764.82319999858737,135347.370200000703335],[12234058.834199998527765,134889.200800001621246],[12234037.2381,134883.081999998539686],[12234072.903499998152256,134828.856300000101328],[12233445.006,134655.546000000089407],[12233445.125999998301268,134651.710299998521805],[12233443.1287,134651.443599998950958],[12233434.589499998837709,134650.303300000727177],[12233431.6103,134649.905499998480082],[12233419.680100001394749,134622.428800001740456],[12233418.720400001853704,134620.218600001186132],[12233295.6765,134336.833599999547005],[12233294.6518,134334.473600000143051],[12233291.800500001758337,134327.906599998474121],[12233269.5489,134276.6587999984622],[12233161.4562,134027.708500001579523],[12233025.7214,133865.938000001013279],[12232849.0621,133655.393300000578165],[12232777.745900001376867,133570.397700000554323],[12232739.852000001817942,133346.681200001388788],[12232684.453899998217821,133316.9679000005126],[12232611.5137,133277.84569999948144],[12232608.8713,133276.42850000038743],[12232597.2166,133270.177400000393391],[12232593.4597,133268.162300001829863],[12232439.700199998915195,133185.691899999976158],[12232337.890700001269579,133131.085299998521805],[12232215.2364,132722.362199999392033],[12231907.5022,132617.456300001591444],[12231576.088599998503923,132326.192899998277426],[12231493.113899998366833,132279.328299999237061],[12231428.4294,132242.794199999421835],[12231188.3739,132107.209499999880791],[12231049.403,132028.717799998819828],[12230771.6939,131871.865800000727177],[12230483.260499998927116,131573.839899998158216],[12230539.790399998426437,131370.229299999773502],[12230531.8613,131369.137499999254942],[12230535.315200001001358,131356.776500001549721],[12230307.282200001180172,131329.047400001436472],[12230036.066100001335144,131103.138199999928474],[12229497.406,131101.603700000792742],[12229064.633000001311302,131104.089800000190735],[12228751.063299998641014,131103.131599999964237],[12228597.482,131102.662099998444319],[12228560.3953,131102.548700001090765],[12228497.2311,131104.278099998831749],[12228245.3794,131111.173099998384714],[12228129.151299998164177,131109.3429000005126],[12228128.88459999859333,131109.346700001507998],[12227699.290199998766184,131115.558800000697374],[12227701.526999998837709,131216.487799998372793],[12227701.52760000154376,131216.520500000566244],[12227701.5277,131216.524399999529123],[12227708.276299998164177,131693.141499999910593],[12227707.0471,131829.201900001615286],[12227705.346500001847744,132017.417199999094009],[12227705.3464,132017.421500001102686],[12227705.3462,132017.430300001055002],[12227705.2678,132021.57490000128746],[12227696.595400001853704,132507.622000001370907],[12227696.256700001657009,132681.492499999701977],[12227696.056699998676777,132784.187699999660254],[12227698.986699998378754,132924.081900000572205],[12227701.620000001043081,133049.814800001680851],[12227703.371599998325109,133133.444499999284744],[12227704.23930000141263,133174.883499998599291],[12227704.239799998700619,133174.914299998432398],[12227704.239799998700619,133174.918099999427795],[12227706.5165,133375.377500001341105],[12227717.429000001400709,133862.767400000244379],[12227719.7128,134722.955600000917912],[12227723.461599998176098,135245.253100000321865],[12227725.429499998688698,135779.043499998748302],[12227727.043200001120567,136007.255499999970198],[12227727.0433,136007.277199998497963],[12227725.247900001704693,136361.38910000026226],[12227735.432500001043081,136914.881900001317263],[12227735.0288,137284.552400000393391],[12227736.5519,137615.088500000536442],[12227739.0031,138066.773200001567602],[12227739.2238,138092.638199999928474],[12227742.8453,138517.070300001651049],[12227742.845400001853704,138517.081500001251698],[12228071.1437,138518.719999998807907],[12228167.334800001233816,138519.19990000128746],[12228211.401500001549721,138519.419799998402596],[12228212.5992,138519.413699999451637],[12228713.5141,138516.84739999845624],[12228716.0049,138452.000999998301268],[12228736.390999998897314,138468.109299998730421],[12228738.9316,138469.389600001275539],[12228741.3138,138469.550500001758337],[12228746.7146,138467.154500000178814],[12228762.809799998998642,138457.117199998348951],[12228770.1998,138450.17960000038147],[12228774.726100001484156,138445.930300001055002],[12228776.976599998772144,138444.465599998831749],[12228778.8301,138443.000799998641014],[12228780.8163,138441.002999998629093],[12228781.875799998641014,138439.138099998235703],[12228783.2007,138435.807700000703335],[12228786.1173,138424.616700001060963],[12228788.1043,138420.353900000452995],[12228794.064800001680851,138409.430799998342991],[12228796.7148,138402.370099999010563],[12228798.526,138397.068300001323223],[12228802.63060000166297,138559.365200001746416],[12228804.1094,138617.835900001227856],[12228803.250100001692772,138618.443199999630451],[12228800.7084,138619.7212999984622],[12228794.3547,138621.956999998539686],[12228788.3831,138623.290199998766184],[12228760.7593,138623.278099998831749],[12228679.6074,138623.242499999701977],[12228604.715,138623.209699999541044],[12228537.8019,138623.180300001055002],[12228534.8006,138623.179000001400709],[12228533.1523,138623.178300000727177],[12228531.518199998885393,138623.177600000053644],[12228528.2857,138623.176199998706579],[12228446.570799998939037,138623.140299998223782],[12228446.5308,138623.140299998223782],[12228297.77760000154376,138798.051600001752377],[12228284.344999998807907,138813.8462999984622],[12228299.7791,138830.43470000103116],[12228348.7923,138883.113699998706579],[12228352.0211,138886.584100000560284],[12228355.354899998754263,138890.167199999094009],[12228357.399999998509884,138892.365100000053644],[12228373.403299998492002,138909.565499998629093],[12228424.246100001037121,138964.211100000888109],[12228437.9148,138978.902199998497963],[12228469.9903,138986.451799999922514],[12228526.3405,138999.714899998158216],[12228540.33219999819994,139003.008200000971556],[12228574.4584,139040.833099998533726],[12228555.106199998408556,139060.298599999397993],[12228530.053599998354912,139085.497900001704693],[12228491.452399998903275,139082.831199999898672],[12228480.9283,139082.104100000113249],[12228471.3651,139081.443399999290705],[12228461.241700001060963,139080.744100000709295],[12228458.258299998939037,139080.538100000470877],[12228427.544,139078.41609999909997],[12228424.066599998623133,139078.175900001078844],[12228414.6846,139077.527800001204014],[12228379.830699998885393,139075.120000001043081],[12228339.166299998760223,139047.80180000141263],[12228338.8715,139047.603799998760223],[12228215.9582,139047.549600001424551],[12228215.925299998372793,139123.169199999421835],[12228067.6426,139202.701799999922514],[12228062.247699998319149,139205.595499999821186],[12228116.7678,139453.102299999445677],[12228208.728799998760223,139475.188299998641014],[12228475.227899998426437,139539.192499998956919],[12228502.376899998635054,139521.978300001472235],[12228507.636300001293421,139522.556200001388788],[12228514.9536,139523.360300000756979],[12228521.1085,139520.186099998652935],[12228567.2091,139496.411200001835823],[12228592.3955,139483.422100000083447],[12228596.711399998515844,139462.164099998772144],[12228632.3275,139439.5810999982059],[12228633.4212,139457.600499998778105],[12228639.6967,139561.004399999976158],[12228644.1761,139634.812800001353025],[12228645.88740000128746,139663.00959999859333],[12228673.7141,139694.643399998545647]]],[[[12234528.3415,140442.737900000065565],[12234520.501200001686811,139880.104899998754263],[12234519.331999998539686,139725.919599998742342],[12234515.107299998402596,139168.922800000756979],[12234521.5049,138343.487399999052286],[12234524.0541,138014.50789999961853],[12234520.049600001424551,137451.688999999314547],[12234521.389600001275539,136763.092500001192093],[12234533.0799,136248.221400000154972],[12234103.90989999845624,136525.869699999690056],[12234091.256700001657009,136584.931800000369549],[12234084.6146,136589.375399999320507],[12233940.546300001442432,137249.813999999314547],[12233929.7615,137299.253699999302626],[12233671.497499998658895,137535.378199998289347],[12233040.8578,137204.758499998599291],[12232507.9445,138011.048500001430511],[12232513.051399998366833,138075.947399999946356],[12232495.783599998801947,138102.340399999171495],[12232522.362799998372793,138393.5625],[12232324.724,138981.130199998617172],[12232159.3547,139443.677299998700619],[12231959.1385000012815,139896.247099999338388],[12231911.353,140009.850099999457598],[12231697.3779,140234.406599998474121],[12231768.982099998742342,140233.102699998766184],[12231686.1047,140301.712900001555681],[12232154.6261,140307.245099999010563],[12232154.5488,140488.53770000115037],[12232154.30290000140667,141064.066100001335144],[12232552.506299998611212,140929.966400001198053],[12232760.916499998420477,141033.320000000298023],[12232743.773699998855591,141177.332899998873472],[12232601.9463,141201.047100000083447],[12232601.1697,141262.818500000983477],[12232595.378199998289347,141263.093600001186132],[12232598.6415,141369.689800001680851],[12233065.2168,141289.945599999278784],[12233190.9941,141190.066700000315905],[12233515.2258,141263.49040000140667],[12233515.1637,141410.058600001037121],[12233647.513300001621246,141416.777699999511242],[12233645.1972,141350.700699999928474],[12233659.374200001358986,141352.429400000721216],[12233662.2496,141311.432399999350309],[12233773.3244,141236.952399998903275],[12233892.3935999982059,141350.260800000280142],[12233998.374200001358986,141117.129099998623133],[12234502.211800001561642,141250.850999999791384],[12234500.4507,141171.360300000756979],[12234530.0086,141178.832299999892712],[12234528.744,141038.925200000405312],[12234528.3415,140442.737900000065565]]],[[[12228504.022,139522.285000000149012],[12228502.376899998635054,139521.978300001472235],[12228503.539299998432398,139522.2489],[12228504.022,139522.285000000149012]]],[[[12230756.7645,140430.211300000548363],[12230757.2038,140428.225299999117851],[12230742.5147,140429.842599999159575],[12230756.7645,140430.211300000548363]]],[[[12229605.3983,143576.614900000393391],[12229544.728100001811981,143509.79450000077486],[12229487.903099998831749,143558.198399998247623],[12229487.284699998795986,143597.693199999630451],[12229481.8856,143599.958099998533726],[12229439.543200001120567,143617.721200000494719],[12229536.7353,143693.198699999600649],[12229542.2238,143732.001600001007318],[12229557.40089999884367,143741.082899998873472],[12229568.6968,143747.841899998486042],[12229576.0971,143752.269999999552965],[12229605.3983,143576.614900000393391]]],[[[12231893.6846,143559.161200001835823],[12231821.2557,143480.848200000822544],[12231761.651500001549721,143463.635800000280142],[12231728.4047,143463.19480000063777],[12231690.344700001180172,143522.771299999207258],[12231670.1296,143554.414500001817942],[12231668.6288,143597.052000001072884],[12231627.756099998950958,143602.363800000399351],[12231624.780000001192093,143627.732099998742342],[12231565.0760000012815,143596.79280000180006],[12231541.70719999819994,143655.114000000059605],[12231529.4606,143685.677600000053644],[12231509.392900001257658,143677.896999999880791],[12231482.6688,143667.535599999129772],[12231465.718600001186132,143688.207600001245737],[12231462.576499998569489,143718.148400001227856],[12231421.524099998176098,143717.711800001561642],[12231393.5066,143682.967300001531839],[12231396.9161,143640.209100000560284],[12231351.4069,143594.352899998426437],[12231332.86540000140667,143585.248599998652935],[12231289.479400001466274,143563.945599999278784],[12231268.0288,143563.560899998992682],[12231262.958,143563.469900000840425],[12231258.5211,143563.390399999916553],[12231223.5667,143562.763700000941753],[12231223.9071,143547.47410000115633],[12231224.0563,143540.774300001561642],[12231224.1201,143537.911100000143051],[12231224.247699998319149,143532.18470000103116],[12231217.735399998724461,143532.117400001734495],[12231213.69709999859333,143532.075699999928474],[12231100.4051,143530.9070999994874],[12231099.524300001561642,143529.10080000013113],[12231098.264199998229742,143526.51630000025034],[12231032.3217,143391.26969999819994],[12230954.9285,143315.952599998563528],[12230794.1188,143319.878299999982119],[12230680.0026,143234.551500000059605],[12230556.248100001364946,143146.089099999517202],[12230522.170000001788139,143140.410999998450279],[12230490.9886,143127.315099999308586],[12230488.4879,143126.264800000935793],[12230486.4415,143125.405200000852346],[12230485.6701,143123.599399998784065],[12230484.8985,143121.793299999088049],[12230477.542399998754263,143104.574000000953674],[12230476.066799998283386,143101.120099999010563],[12230474.5462,143097.560699999332428],[12230463.5986,143071.934599999338388],[12230461.0398,143065.94480000063777],[12230438.3787,143012.900199998170137],[12230435.6028,143006.402399998158216],[12230429.7095,142992.607400000095367],[12230419.4567,142968.607700001448393],[12230416.988400001078844,142962.829700000584126],[12230415.6129,142959.610100001096725],[12230413.8757,142955.543699998408556],[12230343.845800001174212,142951.48369999974966],[12230318.808200001716614,143010.896800000220537],[12230312.719999998807907,143047.313499998301268],[12230312.978,143071.235800001770258],[12230313.037999998778105,143076.793800000101328],[12230313.1642,143088.509100001305342],[12230313.192699998617172,143091.156300000846386],[12230313.355500001460314,143106.274099998176098],[12230304.3585,143124.369199998676777],[12230295.182300001382828,143142.824700001627207],[12230293.8165,143145.57209999859333],[12230280.2449,143150.784699998795986],[12230253.941599998623133,143160.88740000128746],[12230250.273200001567602,143162.296500001102686],[12230247.6793,143163.29280000180006],[12230234.90989999845624,143168.197299998253584],[12230245.7273,143175.759300000965595],[12230247.973900001496077,143177.329799998551607],[12230300.580699998885393,143214.10530000180006],[12230292.325399998575449,143271.486699998378754],[12230358.9976,143347.198899999260902],[12230395.3248,143269.212000001221895],[12230421.144499998539686,143283.203099999576807],[12230504.971500001847744,143324.279599998146296],[12230520.522300001233816,143324.288800001144409],[12230537.3394,143324.298700001090765],[12230581.8438,143324.32490000128746],[12230581.157499998807907,143332.271499998867512],[12230580.9065,143335.177700001746416],[12230578.5181,143362.831000000238419],[12230577.287300001829863,143364.588899999856949],[12230570.0882,143374.870799999684095],[12230568.288400001823902,143377.441100001335144],[12230566.726799998432398,143379.671500001102686],[12230565.2746,143381.745600000023842],[12230560.036400001496077,143379.77760000154376],[12230535.676600001752377,143370.625500001013279],[12230535.3319,143371.769900001585484],[12230530.428,143388.051300000399351],[12230530.895399998873472,143408.837499998509884],[12230499.9133,143434.726300001144409],[12230496.326900001615286,143457.676100000739098],[12230494.8165,143467.342000000178814],[12230491.918499998748302,143469.447000000625849],[12230481.737300001084805,143476.842799998819828],[12230479.24040000140667,143478.656599998474121],[12230471.9388,143483.960700001567602],[12230472.184,143486.606899999082088],[12230472.508499998599291,143490.108399998396635],[12230472.826900001615286,143493.543800000101328],[12230473.352699998766184,143499.216600000858307],[12230473.730700001120567,143503.295899998396635],[12230473.8308,143504.375500001013279],[12230474.108600001782179,143507.372600000351667],[12230474.309799998998642,143509.54450000077486],[12230489.7751,143527.288100000470877],[12230490.3427,143527.939300000667572],[12230490.450399998575449,143527.925400000065565],[12230497.530699998140335,143527.014800000935793],[12230500.4989,143526.633000001311302],[12230501.124699998646975,143526.552499998360872],[12230502.7317,143526.345899999141693],[12230501.799600001424551,143529.065699998289347],[12230500.82209999859333,143531.918200001120567],[12230491.8523,143558.093100000172853],[12230491.281800001859665,143559.758299998939037],[12230490.280499998480082,143560.65989999845624],[12230466.2328,143582.3114],[12230457.848900001496077,143587.110599998384714],[12230455.125500001013279,143588.66950000077486],[12230452.4327,143590.210900001227856],[12230449.153900001198053,143592.087999999523163],[12230446.2242,143593.765099998563528],[12230408.491700001060963,143615.363899998366833],[12230394.8611,143623.166499998420477],[12230368.020799998193979,143621.555599998682737],[12230329.732500001788139,143648.879900000989437],[12230365.1056,143707.745400000363588],[12230278.3321,143810.154800001531839],[12230273.181699998676777,143816.233600001782179],[12230244.732099998742342,143830.277300000190735],[12230180.4837,143806.458399999886751],[12230163.9692,143789.561200000345707],[12230118.2533,143837.867199998348951],[12230112.890999998897314,143836.704900000244379],[12230073.5887,143828.186799999326468],[12230019.022,143763.872299998998642],[12230038.557300001382828,143733.567999999970198],[12229989.746399998664856,143732.267000000923872],[12229971.0662,143750.889800000935793],[12229954.4795,143751.225099999457598],[12229944.9377,143660.241999998688698],[12229936.113400001078844,143650.148800000548363],[12229915.570500001311302,143626.651500001549721],[12229890.416700001806021,143641.829900000244379],[12229906.817499998956919,143666.887200001627207],[12229876.8953,143690.590900000184774],[12229822.650199998170137,143647.129099998623133],[12229772.3418,143680.151000000536442],[12229706.5346,143770.76969999819994],[12229694.2436,143790.590700000524521],[12229696.4238,143810.521800000220537],[12229698.8657,143832.845600001513958],[12229699.094500001519918,143834.9364],[12229723.375,143825.378899998962879],[12229743.996100001037121,143817.261900000274181],[12229775.121800001710653,143825.163899999111891],[12229780.5986,143845.259199999272823],[12229785.0587,143861.6239],[12229839.890999998897314,143893.840199999511242],[12229822.3046,143916.004000000655651],[12229834.250799998641014,143916.397399999201298],[12229848.5629,143916.868500001728535],[12229875.2399,143928.605999998748302],[12229895.954,143942.821699999272823],[12229896.3043,143943.062199998646975],[12229899.7969,143945.459100000560284],[12229927.112799998372793,143948.882599998265505],[12229961.633699998259544,143941.010000001639128],[12229998.280699998140335,143914.377700001001358],[12230004.165199998766184,143910.87950000166893],[12230007.2768,143909.029699999839067],[12230012.048099998384714,143906.193199999630451],[12230045.940200001001358,143886.045099999755621],[12230047.107,143887.478900000452995],[12230047.377999998629093,143887.811900001019239],[12230063.295200001448393,143907.371800001710653],[12230072.1758,143937.861900001764297],[12230091.6441,143968.996500000357628],[12230070.6617,144009.280000001192093],[12230074.250999998301268,144033.585299998521805],[12230133.7522,144043.418699998408556],[12230200.680599998682737,144018.292399998754263],[12230250.6536,144025.350299999117851],[12230375.243,143879.410700000822544],[12230385.829100001603365,143867.010800000280142],[12230418.429900001734495,143891.328899998217821],[12230410.1578,143921.385099999606609],[12230393.010000001639128,143909.865100000053644],[12230381.991700001060963,143924.996599998325109],[12230395.7522,143934.170000001788139],[12230397.224800001829863,143956.342500001192093],[12230433.4236,143985.139499999582767],[12230416.2344,144000.600099999457598],[12230411.3915,144004.956300001591444],[12230375.1919,143978.077899999916553],[12230362.689,143997.899099998176098],[12230367.972600001841784,144021.139199998229742],[12230347.4296,144026.033300001174212],[12230338.961599998176098,144019.633900001645088],[12230327.0971,144032.633000001311302],[12230358.8374,144087.863600000739098],[12230415.86259999871254,144129.4983000010252],[12230417.037999998778105,144165.064800001680851],[12230448.7942,144183.839899998158216],[12230506.1736,144203.478999998420477],[12230510.237300001084805,144224.393100000917912],[12230510.3992,144225.226300001144409],[12230509.9258,144225.567800000309944],[12230484.979400001466274,144243.549300000071526],[12230423.1563,144216.872699998319149],[12230413.9146,144254.45160000026226],[12230409.5788,144272.082899998873472],[12230371.659200001507998,144303.191700000315905],[12230440.4674,144337.120099999010563],[12230479.4337,144333.726300001144409],[12230480.287999998778105,144316.884899999946356],[12230502.95719999819994,144293.657200001180172],[12230504.878899998962879,144257.841899998486042],[12230524.988400001078844,144276.185600001364946],[12230547.4338,144280.033100001513958],[12230594.6415,144315.657000001519918],[12230619.586199998855591,144325.844000000506639],[12230623.759799998253584,144327.54839999973774],[12230635.92790000140667,144332.517700001597404],[12230620.882199998944998,144355.748599998652935],[12230646.9133,144392.215999998152256],[12230671.2661,144392.013599999248981],[12230674.0066,144419.942899998277426],[12230595.006700001657009,144447.195799998939037],[12230562.377,144487.687399998307228],[12230548.6125,144486.615299999713898],[12230534.848499998450279,144485.543099999427795],[12230518.954100001603365,144512.824400000274181],[12230527.4214,144525.322500001639128],[12230548.1738,144555.953200001269579],[12230569.9556,144588.10359999909997],[12230596.645,144572.126299999654293],[12230632.8699,144542.509100001305342],[12230637.3264,144521.192099999636412],[12230655.120299998670816,144508.408700000494719],[12230687.053,144607.130399998277426],[12230726.85020000115037,144639.766399998217821],[12230733.608800001442432,144679.636199999600649],[12230717.936999998986721,144682.613899998366833],[12230749.8215,144757.672699999064207],[12230751.3609,144761.296500001102686],[12230695.441599998623133,144791.757399998605251],[12230746.0368,144828.449099998921156],[12230717.2238,144857.856499999761581],[12230678.8906,144867.006400000303984],[12230624.9478,144908.963100001215935],[12230578.980500001460314,144851.980399999767542],[12230508.830699998885393,144858.277699999511242],[12230448.620700001716614,144834.599700000137091],[12230353.996399998664856,144816.568799998611212],[12230346.343400001525879,144813.36939999833703],[12230282.2086,144786.556600000709295],[12230314.359499998390675,144662.320799998939037],[12230262.089699998497963,144641.311200000345707],[12230197.5632,144651.275499999523163],[12230193.252999998629093,144671.260200001299381],[12230229.6233000010252,144730.903299998492002],[12230210.41270000115037,144774.865299999713898],[12230184.2625,144798.171100001782179],[12230170.6967,144797.165600001811981],[12230152.8207,144816.477899998426437],[12230152.1477,144841.12779999896884],[12230152.0808,144864.85869999974966],[12230152.0306,144882.712999999523163],[12230152.022100001573563,144885.817999999970198],[12230314.2834,144892.55350000038743],[12230350.801,144918.686000000685453],[12230354.977200001478195,145051.132800001651049],[12230342.264400001615286,145066.583299998193979],[12230350.225000001490116,145076.090500000864267],[12230350.3284,145088.039299998432398],[12230309.828499998897314,145088.154100000858307],[12230298.705200001597404,145100.540899999439716],[12230298.434300001710653,145114.39809999987483],[12230270.239100001752377,145123.445999998599291],[12230262.6809,145155.021499998867512],[12230220.465999998152256,145142.077599998563528],[12230180.6195,145188.4087999984622],[12230162.149,145209.885200001299381],[12230150.0176,145223.99100000038743],[12230170.970199998468161,145249.034200001507998],[12230123.5187,145287.136799998581409],[12230127.1417,145293.948100000619888],[12230127.498399998992682,145294.618900001049042],[12230139.2555,145316.724199999123812],[12230172.5038,145305.196400001645088],[12230205.184999998658895,145293.865100000053644],[12230209.519000001251698,145292.362500000745058],[12230209.4417,145292.652699999511242],[12230185.162500001490116,145383.807599999010563],[12230184.0499,145387.9847999997437],[12230152.504,145506.421300001442432],[12230152.3132,145509.378299999982119],[12230149.669100001454353,145550.348999999463558],[12230145.4052,145616.419199999421835],[12230141.176600001752377,145681.941599998623133],[12230140.35020000115037,145694.745600000023842],[12230139.8572,145702.385800000280142],[12230139.7089,145704.683299999684095],[12230169.8849,145909.537099998444319],[12230170.293499998748302,145912.311200000345707],[12230205.307500001043081,146150.008600000292063],[12230215.712000001221895,146220.641399998217821],[12230224.1206,146245.422699999064207],[12230315.8966,146515.898299999535084],[12230325.6842,146544.743400000035763],[12230341.337900001555681,146665.994100000709295],[12230356.9556,146786.965999998152256],[12230369.9996,146888.003100000321865],[12230492.7526,147045.821899998933077],[12230573.251400001347065,147076.188900001347065],[12230657.675299998372793,147108.036699999123812],[12230733.3975,147136.60190000012517],[12230820.934500001370907,147169.6239],[12231170.942899998277426,147175.453000001609325],[12231170.682100001722574,147136.368700001388788],[12231170.6957,147136.368900001049042],[12231170.0456,146995.78319999948144],[12231168.0464,146563.621300000697374],[12231166.577,146246.063499998301268],[12231515.479600001126528,146246.221500001847744],[12231730.009799998253584,146247.431800000369549],[12231938.328000001609325,146248.606800001114607],[12231972.583500001579523,146248.800000000745058],[12231974.127999998629093,146248.808699999004602],[12232139.5478,146249.741599999368191],[12232157.395100001245737,146249.842300001531839],[12232201.9003,146249.142599999904633],[12232553.577,146243.613099999725819],[12232717.650600001215935,146241.033100001513958],[12232756.127300001680851,146240.428100001066923],[12232797.103999998420477,146239.7837999984622],[12232866.794300001114607,146238.687899999320507],[12232919.2887,146237.862399999052286],[12232981.306400001049042,146236.887099999934435],[12233076.734900001436472,146231.984999999403954],[12233134.26240000128746,146229.029899999499321],[12233291.589000001549721,146220.947999998927116],[12233431.32209999859333,146213.769900001585484],[12233576.5434,146213.834499999880791],[12233581.5942,146213.83669999986887],[12233617.283,146213.852600000798702],[12233647.778099998831749,146213.866099998354912],[12233736.038600001484156,146213.905299998819828],[12233970.667599998414516,146214.009399998933077],[12234476.9223,146220.895700000226498],[12234476.627,146174.195300001651049],[12234507.3136,146174.839800000190735],[12234503.9551,145679.960700001567602],[12234510.047899998724461,145233.855999998748302],[12234512.256700001657009,145072.113000001758337],[12234511.945,144567.110500000417233],[12234514.131700001657009,144280.769299998879433],[12234535.7119,143619.478100001811981],[12234546.375500001013279,143161.521200001239777],[12234553.1562,142778.444499999284744],[12234551.719,142720.429499998688698],[12234550.616700001060963,142675.930399999022484],[12234550.542100001126528,142672.915399998426437],[12234550.413800001144409,142667.737300001084805],[12234550.3387,142664.704599998891354],[12234549.2231,142619.667700000107288],[12234536.2397,142095.557100001722574],[12234530.25959999859333,141497.416900001466274],[12234531.516600001603365,141369.905299998819828],[12234126.124899998307228,141282.670899998396635],[12234104.5559,141345.368400000035763],[12234097.5431,141343.6864],[12234051.008499998599291,141501.021499998867512],[12234051.0066,141501.027199998497963],[12234039.423500001430511,141534.69709999859333],[12233486.1866,141541.920800000429153],[12233232.7573,141338.894999999552965],[12232549.7018,141517.726799998432398],[12232361.1809,141516.736200001090765],[12232363.2568,141482.238200001418591],[12232363.2573,141482.230599999427795],[12232395.2163,141060.660700000822544],[12232154.797600001096725,141294.180599998682737],[12232155.4729,141356.367400001734495],[12232148.880800001323223,141362.5287000015378],[12232156.6092,141858.197999998927116],[12232161.6351,142479.116300001740456],[12232161.535500001162291,142709.174400001764297],[12232161.424600001424551,142965.037999998778105],[12232161.4052,143009.702599998563528],[12232161.3334,143175.107799999415874],[12232161.3011,143249.267099998891354],[12232161.5108,143265.026000000536442],[12232161.7612,143283.859900001436472],[12232168.9905,143827.551100000739098],[12232172.3251,144200.80290000140667],[12232172.329,144201.244100000709295],[12232153.3341,144200.650600001215935],[12232152.217799998819828,144180.726100001484156],[12232149.8673,144138.770199999213219],[12232116.6404,144138.692499998956919],[12232116.767099998891354,144145.266800001263618],[12232117.106199998408556,144162.831000000238419],[12232059.567499998956919,144163.006799999624491],[12232047.7592,144146.802600000053644],[12232009.64,144094.493400000035763],[12231958.3981,144074.075899999588728],[12231956.607700001448393,144073.36259999871254],[12231954.689800001680851,144072.598400000482798],[12231947.8015,144069.853700000792742],[12231924.4844,144012.755800001323223],[12231901.989799998700619,143957.672100000083447],[12231864.3072,143870.91330000013113],[12231808.321899998933077,143871.28830000013113],[12231780.802000001072884,143934.908599998801947],[12231780.7487,143935.031899999827147],[12231780.654,143934.918200001120567],[12231730.8871,143875.166499998420477],[12231703.435899998992682,143842.207600001245737],[12231731.2298,143721.767200000584126],[12231767.240200001746416,143697.905699998140335],[12231848.0953,143787.055500000715256],[12231882.8248,143787.070900000631809],[12231902.226100001484156,143699.737799998372793],[12231911.916900001466274,143634.451099999248981],[12231897.8202,143576.239199999719858],[12231893.6846,143559.161200001835823]]],[[[12230081.97520000115037,144871.950199998915195],[12230033.7353,144892.727000001817942],[12229974.261,144918.342000000178814],[12229972.457400001585484,144924.402199998497963],[12229940.936299998313189,145030.312199998646975],[12229930.0797,145066.791000001132488],[12229974.540600001811981,145087.863699998706579],[12230085.9824,145086.315400000661612],[12230090.1661,145023.959100000560284],[12230091.071400001645088,144992.473999999463558],[12230092.532499998807907,144941.668400000780821],[12230086.820099998265505,144903.945999998599291],[12230082.6065,144876.118900001049042],[12230081.97520000115037,144871.950199998915195]]],[[[12229221.1802,149029.997499998658895],[12229258.2672,149030.742199998348951],[12229262.763,149030.832600001245737],[12229509.8303,149035.7939000017941],[12229571.9018,149037.040199998766184],[12229652.6895,149038.662500001490116],[12229728.286200001835823,149040.180399999022484],[12229730.7397,149040.229699999094009],[12230021.3737,149034.552299998700619],[12230134.855,149032.335400000214577],[12230198.4533,149031.092999998480082],[12230230.3827,149030.469200000166893],[12230673.2843,149048.392700001597404],[12230730.012899998575449,149050.688299998641014],[12230836.9489,149050.737900000065565],[12230974.3468,149050.801500000059605],[12230978.3904,149050.803399998694658],[12231122.1382,149050.869899999350309],[12231156.8574,149050.885999999940395],[12231156.9633,148818.491700001060963],[12231157.002099998295307,148733.208099998533726],[12231157.066,148592.724599998444319],[12231157.0894,148541.218299999833107],[12231157.2689,148507.664900001138449],[12231157.3508,148492.553700000047684],[12231159.4481,148106.535000000149012],[12231160.082899998873472,147989.675299998372793],[12231160.8521,147848.060100000351667],[12231160.969999998807907,147834.481300000101328],[12231161.2538,147801.774099998176098],[12231162.210099998861551,147691.587099999189377],[12231163.854400001466274,147502.11259999871254],[12231165.270599998533726,147338.89919999986887],[12230928.4333,147342.594700001180172],[12230782.467300001531839,147344.872299998998642],[12230754.2555,147333.398200001567602],[12230512.30009999871254,147234.991799999028444],[12230509.006,147233.651999998837709],[12230435.264899998903275,147203.660599999129772],[12230384.949,147183.196400001645088],[12230300.4256,147086.637600000947714],[12230278.224,147061.274599999189377],[12230194.9874,146966.185899998992682],[12230193.968199998140335,146959.577599998563528],[12230166.680799998342991,146782.653900001198053],[12230166.68,146782.648400001227856],[12230164.0328,146761.993599999696016],[12230158.311099998652935,146717.352299999445677],[12230154.7837,146705.515900000929832],[12230144.84010000154376,146641.044900000095367],[12230125.0126,146580.646499998867512],[12230089.6694,146472.984499998390675],[12230057.0346,146373.572900000959635],[12230044.2918,146334.75620000064373],[12230035.673,146305.835700001567602],[12230006.5407,146119.278999999165535],[12229955.434300001710653,145792.007399998605251],[12229957.1551,145590.160599999129772],[12229957.6697,145529.783399999141693],[12229980.407499998807907,145443.605099998414516],[12229981.4888,145439.506799999624491],[12229992.902800001204014,145396.246300000697374],[12230018.9285,145297.605599999427795],[12229999.2887,145298.363099999725819],[12230004.329,145273.9070999994874],[12229687.8229,145277.138700000941753],[12229687.5357,145265.049100000411272],[12229684.530000001192093,145138.574999999254942],[12229682.2753,145043.696299999952316],[12229834.4879,144975.924600001424551],[12229842.37220000103116,144972.414200000464916],[12229855.248399998992682,144967.198399998247623],[12229948.961599998176098,144929.237900000065565],[12229932.2867,144807.711899999529123],[12229869.16160000115633,144850.961199998855591],[12229842.882599998265505,144896.571899998933077],[12229821.070999998599291,144896.135600000619888],[12229822.5387,144928.967599999159575],[12229820.9864999987185,144930.137800000607967],[12229803.922400001436472,144943.003199998289347],[12229799.991500001400709,144945.967099998146296],[12229778.418499998748302,144962.23200000077486],[12229763.8913,144951.192800000309944],[12229751.4199,144959.021699998527765],[12229752.5739,144965.916999999433756],[12229753.4003,144970.854899998754263],[12229743.1466,144978.182500001043081],[12229729.2513,144988.112300001084805],[12229723.7441,145003.425599999725819],[12229721.777199998497963,145008.894900001585484],[12229681.948399998247623,145029.940099999308586],[12229670.2286,144536.803899999707937],[12229640.2548,144496.432399999350309],[12229593.0876,144432.903400000184774],[12229642.02589999884367,144397.52930000051856],[12229616.3657,144361.008799999952316],[12229596.798700001090765,144313.565099999308586],[12229589.147799998521805,144313.037099998444319],[12229522.948399998247623,144308.468499999493361],[12229506.5495,144280.213300000876188],[12229555.5363,144243.460200000554323],[12229516.6497,144187.746800001710653],[12229485.6899,144164.015299998223782],[12229370.8006,144180.752000000327826],[12229327.8545,144226.582499999552965],[12228998.5423,144222.317099999636412],[12228936.470600001513958,144221.583599999547005],[12228947.107700001448393,144169.487300001084805],[12228940.542,144157.005100000649691],[12228930.843899998813868,144138.567099999636412],[12228850.809500001370907,144088.173799999058247],[12228816.778299998492002,144125.466299999505281],[12228774.5273,144194.33390000090003],[12228796.7555,144209.267400000244379],[12228792.2619,144219.879200000315905],[12228550.669599998742342,144217.023800000548363],[12228426.297400001436472,144215.553800001740456],[12228425.219300001859665,143771.321800000965595],[12228425.219300001859665,143771.316500000655651],[12228426.136799998581409,143676.638399999588728],[12228424.992199998348951,143677.72410000115633],[12228424.9351,143654.254099998623133],[12228081.461599998176098,143983.90430000051856],[12228089.7368,143995.697999998927116],[12228080.7762,144004.196600001305342],[12228147.506,144110.239999998360872],[12228149.9665,144114.149900000542402],[12228166.743,144140.810199998319149],[12228123.6294,144360.641399998217821],[12227979.571199998259544,144361.930799998342991],[12227903.739100001752377,144362.609499998390675],[12227903.7287,144362.609499998390675],[12227627.1921,144362.482400000095367],[12227429.4729,144362.39130000025034],[12227425.05290000140667,144366.89299999922514],[12227415.5464,144366.978000000119209],[12227387.9835,144394.858800001442432],[12227211.2474,144573.632199998944998],[12226832.9315,144956.307799998670816],[12226789.735,145352.685499999672174],[12226661.690699998289347,145558.9864999987185],[12226461.2133,145811.269000001251698],[12226488.1162,145838.643100000917912],[12226465.2322,145875.512699998915195],[12226604.150600001215935,145985.503499999642372],[12226587.934099998325109,146199.675000000745058],[12226440.911200001835823,146238.942499998956919],[12226177.2533,146121.877000000327826],[12226048.235100001096725,146307.24549999833107],[12226038.191100001335144,146321.676300000399351],[12226008.2535,146661.432199999690056],[12226676.913800001144409,146926.487900000065565],[12226676.9189000017941,146926.489900000393391],[12226689.8514,146931.940099999308586],[12226735.992199998348951,147084.824499998241663],[12226709.0458,147142.6266999989748],[12226657.1386,147203.804999999701977],[12226576.4084,147238.145100001245737],[12226516.094500001519918,147254.723400000482798],[12226514.7665,147264.365600001066923],[12226514.218199998140335,147264.598799999803305],[12226499.947700001299381,147371.962000001221895],[12226499.944400001317263,147371.9864999987185],[12226469.08219999819994,147596.071699999272823],[12226438.287999998778105,147695.662799999117851],[12226429.8701,147722.887099999934435],[12226299.280699998140335,148145.222800001502037],[12226299.314399998635054,148174.209199998527765],[12226295.4037000015378,148187.209199998527765],[12226299.5882,148409.773499999195337],[12226299.7619,148419.017799999564886],[12226818.5563,148408.152899999171495],[12226965.0,148407.695300001651049],[12227177.9868,148407.029599998146296],[12227223.280299998819828,148406.888000000268221],[12227288.886100001633167,148407.261700000613928],[12227490.626400001347065,148408.410799998790026],[12227807.706300001591444,148410.216400001198053],[12227861.2212,148410.521099999547005],[12228071.24549999833107,148407.375599998980761],[12228227.023400001227856,148405.042500000447035],[12228341.31700000166893,148403.330600000917912],[12228340.906100001186132,148562.980799999088049],[12228340.4408,148743.819600000977516],[12228340.0288,148903.837400000542402],[12228343.69029999896884,149450.762600000947714],[12228344.0731,149507.939399998635054],[12228344.111000001430511,149507.906599998474121],[12228344.102699998766184,149525.924100000411272],[12228423.0202,149456.960099998861551],[12228546.025199998170137,149349.469200000166893],[12228550.338599998503923,149345.701699998229742],[12228609.326299998909235,149294.179400000721216],[12228923.388,149019.864399999380112],[12229120.289900001138449,149026.564500000327826],[12229121.744199998676777,149026.614000000059605],[12229123.304200001060963,149026.667199999094009],[12229186.9875,149028.834100000560284],[12229188.8339,149028.896899998188019],[12229190.557,149028.95549999922514],[12229221.1802,149029.997499998658895]]]]}}
]
}
