{
"type": "FeatureCollection",
"name": "KALBAR B",
"crs": { "type": "name", "properties": { "name": "urn:ogc:def:crs:EPSG::3857" } },
"features": [
{"type":"Feature","properties":{"CompanyCode":"KALBAR - B"},"geometry":{"type":"MultiPolygon","coordinates":[[[[12169824.3724,-28045.291400000452995],[12169827.463100001215935,-28041.642700001597404],[12169990.250999998301268,-27849.466600000858307],[12170145.0284,-27666.746899999678135],[12170145.247299998998642,-27666.488600000739098],[12170383.4514,-27847.872499998658895],[12170452.639600001275539,-27900.55689999833703],[12170435.9721,-27925.03940000012517],[12170384.4318,-28000.745400000363588],[12170327.454300001263618,-28084.437899999320507],[12170268.252300001680851,-28209.258099999278784],[12170387.5284,-28329.334699999541044],[12170387.4842,-28329.413400001823902],[12170327.998799998313189,-28433.188400000333786],[12170215.638099998235703,-28598.412000000476837],[12169470.976799998432398,-28080.458500001579523],[12169487.4662000015378,-28060.277499999850988],[12169605.164700001478195,-27916.229400001466274],[12169621.7643,-27895.913400001823902],[12169824.3724,-28045.291400000452995]]],[[[12167788.3726,-29019.093899998813868],[12167779.090799998492002,-29033.387499999254942],[12167700.9806,-28983.61430000141263],[12167529.838599998503923,-28883.728500001132488],[12167333.715799998492002,-28774.367199998348951],[12167366.3262,-28720.988699998706579],[12167306.3616,-28679.522100001573563],[12167269.4446,-28738.528599999845028],[12167179.420899998396635,-28689.443999998271465],[12166630.2659,-28390.022900000214577],[12166715.0312,-28251.404399998486042],[12166710.2353,-28247.852000001817942],[12166671.75560000166297,-28219.350400000810623],[12166655.5971,-28207.381900001317263],[12166655.517299998551607,-28207.518500000238419],[12166613.21229999884963,-28279.921100001782179],[12166573.223000001162291,-28257.081399999558926],[12166573.2977,-28256.93189999833703],[12166580.3748,-28242.777699999511242],[12166555.740899998694658,-28229.268699999898672],[12166547.5944,-28242.127700001001358],[12166547.2703,-28242.639199998229742],[12166485.769299998879433,-28206.5185999982059],[12166441.1041,-28278.362399999052286],[12166280.7951,-28168.875399999320507],[12166379.4725,-28009.098700001835823],[12166379.465799998492002,-28009.094000000506639],[12165823.1994,-27614.179099999368191],[12165562.992400001734495,-27427.474500000476837],[12165222.072999998927116,-27182.857400000095367],[12165314.763300001621246,-27011.223400000482798],[12165414.1235,-26827.238400001078844],[12165545.6114,-26583.761900000274181],[12165641.332400001585484,-26406.514800000935793],[12165741.0568,-26221.854100000113249],[12165742.215,-26219.709399998188019],[12165799.342300001531839,-26113.925999999046326],[12165835.2014,-26047.525100000202656],[12165934.846500001847744,-25863.010600000619888],[12166027.7465,-25690.985500000417233],[12166118.26069999858737,-25523.377999998629093],[12165767.0876,-25290.311200000345707],[12165872.8785,-25098.732700001448393],[12165864.2672,-25091.559500001370907],[12165863.7368,-25092.569699998944998],[12165800.5935,-25050.000399999320507],[12165791.514199998229742,-25043.879399999976158],[12165797.860399998724461,-25036.24439999833703],[12165797.6406,-25036.061299998313189],[12165886.889199998229742,-24929.134500000625849],[12165916.355,-24893.832100000232458],[12165916.279,-24893.775800000876188],[12165985.358199998736382,-24810.666999999433756],[12165990.219300001859665,-24804.818399999290705],[12166027.873100001364946,-24826.722600001841784],[12166041.8299,-24834.841699998825788],[12166379.9714,-25031.547100000083447],[12166380.6347,-25032.864399999380112],[12166381.0977,-25034.063000001013279],[12166381.362,-25035.461500000208616],[12166381.2423,-25041.622999999672174],[12166381.465799998492002,-25041.745200000703335],[12166817.687600001692772,-25280.393399998545647],[12166817.9644,-25280.544900000095367],[12167340.9921,-25583.455800000578165],[12167517.8257,-25687.273600000888109],[12167518.2185,-25687.504299998283386],[12167532.702599998563528,-25695.268399998545647],[12167670.616700001060963,-25769.195000000298023],[12167695.6151,-25782.594999998807907],[12167691.9694,-25788.614599999040365],[12167612.0612,-25920.556000001728535],[12167619.896200001239777,-25927.569099999964237],[12167636.489500001072884,-25942.421799998730421],[12167674.314599998295307,-25969.3597999997437],[12167626.3154,-26045.195799998939037],[12167626.2198,-26045.346700001507998],[12167562.252300001680851,-26146.411499999463558],[12168076.999499998986721,-26471.878100000321865],[12168357.566399998962879,-26648.028200000524521],[12168362.914900001138449,-26651.386199999600649],[12168750.1012,-26896.680599998682737],[12168934.184500001370907,-27013.719999998807907],[12168864.669599998742342,-27145.32209999859333],[12168864.208,-27146.195999998599291],[12168781.2769,-27303.19709999859333],[12168777.406599998474121,-27310.524099998176098],[12168663.923500001430511,-27525.364100001752377],[12168663.173099998384714,-27526.785100001841784],[12168554.9787,-27731.612100001424551],[12168499.822299998253584,-27692.23200000077486],[12168481.794100001454353,-27679.360399998724461],[12168435.8891,-27646.585400000214577],[12168433.397999998182058,-27644.80689999833703],[12168414.456,-27631.282900001853704],[12168402.043000001460314,-27622.420299999415874],[12168389.629999998956919,-27613.557799998670816],[12168367.312800001353025,-27597.624000001698732],[12168338.9672,-27577.385999999940395],[12168313.5029,-27559.205099999904633],[12168298.5368,-27548.519799999892712],[12168281.5905,-27536.4206000007689],[12168266.518399998545647,-27525.659600000828505],[12168260.6125,-27521.442899998277426],[12168229.6926,-27499.36710000038147],[12168202.8043,-27480.16950000077486],[12168187.3114,-27469.1081000007689],[12168169.7806,-27456.591699998825788],[12168161.782499998807907,-27450.88120000064373],[12168109.0352,-27413.221099998801947],[12168108.633499998599291,-27412.934399999678135],[12168078.6219,-27391.506900001317263],[12168078.146899998188019,-27391.167700000107288],[12168065.524500001221895,-27382.155699998140335],[12168057.098900001496077,-27376.140000000596046],[12168018.765299998223782,-27348.770899999886751],[12168005.1408,-27339.043600000441074],[12168002.9668,-27337.491399999707937],[12167970.5649,-27314.357599999755621],[12167968.488200001418591,-27317.866799999028444],[12167864.258000001311302,-27493.994899999350309],[12167756.891600001603365,-27675.422200001776218],[12168033.129,-27871.278200000524521],[12168179.4093,-27976.58049999922514],[12168360.2933,-28106.793000001460314],[12168357.5387,-28111.807000000029802],[12168253.8068,-28300.622900001704693],[12168158.362,-28474.353700000792742],[12168050.920200001448393,-28669.92119999974966],[12168049.637200001627207,-28672.133799999952316],[12167932.486200001090765,-28874.154599998146296],[12167831.2995,-29048.645300000905991],[12167791.0,-29020.902699999511242],[12167788.3726,-29019.093899998813868]]],[[[12162495.4205,-25537.989000000059605],[12162545.7967,-25575.043299999088049],[12162549.2412,-25569.368299998342991],[12162649.969300001859665,-25403.411200001835823],[12162681.6981,-25424.454799998551607],[12162683.425,-25421.526599999517202],[12162683.4276,-25421.528299998492002],[12162789.6039,-25241.862900000065565],[12162896.019900001585484,-25061.791700001806021],[12162899.279599998146296,-25056.275600001215935],[12162822.5335,-25000.5962999984622],[12162936.099800001829863,-24831.905099999159575],[12162980.879299998283386,-24765.389600001275539],[12162998.25560000166297,-24778.315799999982119],[12163079.2031,-24668.760600000619888],[12163089.458299998193979,-24676.160900000482798],[12163126.6961,-24630.467300001531839],[12163205.6334,-24607.297499999403954],[12163237.071600001305342,-24624.472199998795986],[12163297.872499998658895,-24592.909800000488758],[12163298.147999998182058,-24593.10359999909997],[12163366.271499998867512,-24641.0472999997437],[12163368.388300001621246,-24637.656199999153614],[12163419.644299998879433,-24555.547499999403954],[12163497.6228,-24468.039200000464916],[12163635.910300001502037,-24312.851500000804663],[12163637.262699998915195,-24311.333799999207258],[12163658.2857,-24327.177600000053644],[12163756.679499998688698,-24151.129599999636412],[12163758.173300001770258,-24149.640999998897314],[12163757.6644,-24148.199099998921156],[12163757.6274,-24147.571100000292063],[12163908.0621,-23994.356899999082088],[12164030.726599998772144,-23869.425799999386072],[12164049.645,-23850.157800000160933],[12164210.1697,-23686.666600000113249],[12164252.315699998289347,-23740.807900000363588],[12164260.0026,-23750.682399999350309],[12164262.1824,-23753.482599999755621],[12164301.0275,-23803.383200000971556],[12164301.5647,-23804.073399998247623],[12164361.730500001460314,-23881.362799998372793],[12164363.2018,-23883.252999998629093],[12164492.1639,-24077.050999999046326],[12164444.7555,-24130.499099999666214],[12164415.284000001847744,-24163.725099999457598],[12164379.199499998241663,-24202.345300000160933],[12164326.118700001388788,-24259.156300000846386],[12164316.873799998313189,-24253.551600001752377],[12164302.7916,-24268.955299999564886],[12164297.805,-24274.409800000488758],[12164307.245700001716614,-24281.742199998348951],[12164286.594099998474121,-24304.371599998325109],[12164538.0605,-24492.79280000180006],[12164587.405900001525879,-24423.024500001221895],[12164638.992800001055002,-24461.385499998927116],[12164612.3633,-24507.508099999278784],[12164678.605999998748302,-24558.868900001049042],[12164693.6972,-24539.44029999896884],[12164693.9037000015378,-24539.586399998515844],[12164783.948399998247623,-24423.616900000721216],[12164801.056400001049042,-24435.321100000292063],[12164843.9914,-24464.694600000977516],[12165003.4983000010252,-24573.819400001317263],[12165320.5533,-24790.728999998420477],[12165321.591899998486042,-24791.439500000327826],[12165355.0760000012815,-24750.716499999165535],[12165480.526299998164177,-24598.145199999213219],[12165516.923300001770258,-24553.87950000166893],[12165509.309300001710653,-24548.841499999165535],[12165222.2205,-24358.883200000971556],[12165100.3198,-24278.22520000115037],[12165059.93299999833107,-24251.502399999648333],[12165053.7619,-24247.419100001454353],[12165073.038199998438358,-24217.065900001674891],[12165004.1904,-24136.752399999648333],[12165002.606600001454353,-24134.904899999499321],[12164984.480099998414516,-24108.111900001764297],[12164953.822500001639128,-24062.796399999409914],[12164922.0108,-24015.775199998170137],[12164918.595199998468161,-24010.726399999111891],[12164890.6585,-23969.432799998670816],[12164899.531100001186132,-23938.123199999332428],[12164944.438900001347065,-23779.654599998146296],[12164953.474599998444319,-23747.769999999552965],[12164954.6041,-23743.784499999135733],[12164976.895799998193979,-23740.562600001692772],[12165013.450599998235703,-23735.27930000051856],[12165101.9199,-23722.492600001394749],[12165100.016199998557568,-23712.477400001138449],[12165102.4985,-23710.1266999989748],[12165160.310400001704693,-23655.381099998950958],[12165254.138300001621246,-23566.529599998146296],[12165310.0834,-23519.151900000870228],[12165424.7617,-23422.037399999797344],[12165464.0656,-23451.7043999992311],[12165492.477899998426437,-23473.150199998170137],[12165518.257399998605251,-23492.609099999070168],[12165652.9773,-23594.296999998390675],[12165659.2696,-23599.046300001442432],[12165671.162099998444319,-23614.387800000607967],[12165687.362799998372793,-23635.286699999123812],[12165711.2799,-23666.140000000596046],[12165725.83219999819994,-23684.912599999457598],[12165745.037500001490116,-23709.6875],[12165760.50279999896884,-23729.638000000268221],[12165792.7159,-23771.193300001323223],[12165839.001400001347065,-23830.901999998837709],[12165911.001899998635054,-23923.783500000834465],[12165932.995700001716614,-23952.155699998140335],[12165946.874000001698732,-23970.058800000697374],[12165952.401700001209974,-23977.189599998295307],[12165955.935600001364946,-23981.748199999332428],[12165849.80799999833107,-24158.543000001460314],[12165756.7575,-24313.552400000393391],[12165719.975699998438358,-24374.825899999588728],[12165642.5636,-24503.783900000154972],[12165645.875,-24506.084499999880791],[12165625.674400001764297,-24541.866799999028444],[12165612.003400001674891,-24566.082899998873472],[12165599.8862,-24587.546900000423193],[12165665.8264,-24625.776599999517202],[12165660.6648,-24633.801899999380112],[12165621.105500001460314,-24693.525800000876188],[12165510.197999998927116,-24860.965599998831749],[12165505.883299998939037,-24867.479699999094009],[12165474.251200001686811,-24899.317600000649691],[12165380.874699998646975,-24993.301300000399351],[12165387.66160000115633,-24998.208000000566244],[12165612.9868,-25161.110700000077486],[12165605.959800001233816,-25166.862300001084805],[12165599.5968,-25172.07039999961853],[12165523.583700001239777,-25234.28660000115633],[12165514.68299999833107,-25241.571899998933077],[12165401.0139,-25178.746800001710653],[12165359.4151,-25170.229899998754263],[12165306.4965,-25261.675799999386072],[12165647.5735,-25497.968800000846386],[12165647.8394,-25498.152800001204014],[12165541.2306,-25678.136399999260902],[12165270.1437,-25486.49040000140667],[12165267.9375,-25490.152100000530481],[12165160.801,-25667.966699998825788],[12165121.08729999884963,-25733.879599999636412],[12165108.288600001484156,-25725.496199999004602],[12165041.9168,-25837.527100000530481],[12164995.2265,-25916.336800001561642],[12165010.1796,-25927.199099998921156],[12165010.31700000166893,-25927.298900000751019],[12164946.1272,-26038.815900001674891],[12164840.668000001460314,-26222.029899999499321],[12164747.930599998682737,-26383.141800001263618],[12164632.7341,-26563.696100000292063],[12164548.1149,-26696.324700001627207],[12164198.1804,-26454.929099999368191],[12163978.286400001496077,-26303.239799998700619],[12163772.7714,-26161.469399999827147],[12163425.459600001573563,-25926.464099999517202],[12163164.4037000015378,-25752.718199998140335],[12163052.7568,-25949.278499998152256],[12162951.7784,-26127.056099999696016],[12162879.1387,-26254.94200000166893],[12162712.455899998545647,-26162.790199998766184],[12162733.392,-26121.757800001651049],[12162523.7436,-26003.193599998950958],[12162520.8501,-26001.557199999690056],[12162495.897300001233816,-26041.447999998927116],[12162495.043699998408556,-26040.943399999290705],[12162276.676,-25911.88910000026226],[12162390.972800001502037,-25722.964600000530481],[12162390.9815,-25722.949499998241663],[12162495.269499998539686,-25537.877999998629093],[12162495.4205,-25537.989000000059605]]],[[[12165730.108199998736382,-22829.588100001215935],[12165846.413400001823902,-22787.595199998468161],[12165892.0134,-22832.113099999725819],[12166224.4199,-23156.631799999624491],[12166234.7971,-23165.220600001513958],[12166302.868900001049042,-23221.560899998992682],[12166373.769000001251698,-23280.24210000038147],[12166366.781,-23292.055399999022484],[12166366.589200001209974,-23292.379700001329184],[12166365.7179,-23293.85249999910593],[12166361.2718,-23301.368599999696016],[12166357.871800001710653,-23307.116200000047684],[12166347.715,-23324.286299999803305],[12166340.2892,-23336.839699998497963],[12166338.9071,-23339.176199998706579],[12166250.733199998736382,-23488.23369999974966],[12166250.070300001651049,-23489.354299999773502],[12166540.5064,-23683.4662000015378],[12166926.9716,-23941.759300000965595],[12166924.683899998664856,-23945.557000000029802],[12166867.7047,-24047.850400000810623],[12166866.698800001293421,-24049.655000001192093],[12166458.2912,-23813.796900000423193],[12166173.554200001060963,-23649.3597999997437],[12166167.963799998164177,-23643.239799998700619],[12166158.9263,-23633.346000000834465],[12165712.7069,-23144.852299999445677],[12165676.1353,-23104.815999999642372],[12165616.7588,-23039.814399998635054],[12165502.942200001329184,-22915.215300001204014],[12165500.464499998837709,-22912.502599999308586],[12165708.1151,-22837.528799999505281],[12165730.108199998736382,-22829.588100001215935]]],[[[12166434.1087,-23237.977699998766184],[12166344.843199998140335,-23177.337000001221895],[12166339.1633,-23173.47859999909997],[12166351.1858000010252,-23160.5929000005126],[12166359.1486,-23152.058600001037121],[12166354.032000001519918,-23147.196699999272823],[12166435.943300001323223,-23067.695599999278784],[12166442.717799998819828,-23061.12049999833107],[12166509.686700001358986,-22979.658399999141693],[12166559.789700001478195,-22947.493099998682737],[12166572.599800001829863,-22935.059999998658895],[12166575.7115,-22937.271699998527765],[12166595.835900001227856,-22924.352200001478195],[12166600.862300001084805,-22928.165699999779463],[12166755.331500001251698,-23045.357599999755621],[12166863.993900001049042,-23127.7972999997437],[12166730.363400001078844,-23287.217300001531839],[12166709.348499998450279,-23312.287900000810623],[12166694.5066,-23329.994100000709295],[12166664.5587,-23365.721599999815226],[12166655.969700001180172,-23375.968199998140335],[12166649.709800001233816,-23384.646499998867512],[12166631.0876,-23410.462799999862909],[12166628.8431,-23408.329900000244379],[12166625.901099998503923,-23411.839699998497963],[12166436.634399998933077,-23239.693500000983477],[12166434.1087,-23237.977699998766184]]],[[[12169015.247499998658895,-24687.09180000051856],[12169015.2425,-24687.100999999791384],[12168919.2489,-24861.020100001245737],[12168825.941,-25030.072999998927116],[12168787.9124,-25006.632500000298023],[12168786.1915,-25010.013000000268221],[12168720.9498,-25138.17850000038743],[12168577.1778,-25053.767900001257658],[12168221.6574,-24845.037000000476837],[12167503.5242,-24423.412200000137091],[12167505.676,-24419.795800000429153],[12167540.784400001168251,-24360.788699999451637],[12167626.800900001078844,-24216.219399999827147],[12167945.749899998307228,-24507.9206000007689],[12167945.9769,-24507.546100001782179],[12168149.370000001043081,-24172.049800001084805],[12168160.168499998748302,-24180.255499999970198],[12168271.215599998831749,-24264.639199998229742],[12168389.161899998784065,-24354.265700001269579],[12168389.924600001424551,-24354.845300000160933],[12168395.204100001603365,-24358.153400000184774],[12168464.794599998742342,-24401.757800001651049],[12168654.444699998944998,-24520.589600000530481],[12168807.453899998217821,-24259.063999999314547],[12168357.375999998301268,-23835.758499998599291],[12167899.313700001686811,-23384.120000001043081],[12167885.894299998879433,-23406.199400000274181],[12167881.7502,-23413.017799999564886],[12167878.346,-23418.61879999935627],[12167860.5585,-23447.885299999266863],[12167805.418200001120567,-23538.608800001442432],[12167804.492199998348951,-23540.132399998605251],[12167804.462900001555681,-23540.180700000375509],[12167708.5312,-23698.019299998879433],[12167696.652399998158216,-23717.563799999654293],[12167591.324700001627207,-23890.8614999987185],[12167590.3968,-23892.388000000268221],[12167482.490600001066923,-24069.92790000140667],[12167374.972,-24246.829599998891354],[12167330.734499998390675,-24319.614000000059605],[12167328.39,-24323.471400000154972],[12166907.328499998897314,-24073.446699999272823],[12166909.020100001245737,-24070.613400001078844],[12166967.0948,-23973.341400001198053],[12167077.8246,-23787.874899998307228],[12167078.94310000166297,-23786.001499999314547],[12167188.5011,-23602.497400000691414],[12167293.61,-23426.44480000063777],[12167282.923099998384714,-23418.624200001358986],[12167400.320999998599291,-23244.483500000089407],[12167414.743099998682737,-23223.090500000864267],[12167361.836399998515844,-23146.373799998313189],[12166959.86540000140667,-22863.291499998420477],[12167042.4819,-22731.272900000214577],[12167096.274999998509884,-22645.313299998641014],[12167148.358,-22559.409299999475479],[12167196.585,-22594.64299999922514],[12167196.752700001001358,-22594.765599999576807],[12167202.5634,-22585.487100001424551],[12167202.5847,-22585.453200001269579],[12167264.252,-22632.197999998927116],[12167316.617199998348951,-22671.891699999570847],[12167316.7839,-22672.01799999922514],[12167320.195999998599291,-22666.146099999547005],[12167325.1827,-22657.564500000327826],[12167348.188900001347065,-22617.972600001841784],[12167356.4282,-22603.793400000780821],[12167363.8829,-22590.964299999177456],[12167381.593899998813868,-22560.485199999064207],[12167383.9144,-22556.491700001060963],[12167387.44819999858737,-22550.410399999469519],[12167416.567699998617172,-22500.298000000417233],[12167470.2705,-22407.879799999296665],[12167470.737300001084805,-22407.07660000026226],[12167363.047600001096725,-22330.263000000268221],[12167360.6562,-22328.557300001382828],[12167360.18470000103116,-22329.354899998754263],[12167354.2896,-22339.327399998903275],[12167302.0794,-22427.649099998176098],[12167241.3688,-22530.350400000810623],[12167237.613000001758337,-22529.14979999884963],[12167194.02479999884963,-22515.216299999505281],[12167185.4687,-22504.467500001192093],[12167168.062199998646975,-22482.60020000115037],[12167149.708700001239777,-22459.543099999427795],[12167145.5601,-22454.331399999558926],[12167125.2077,-22428.763199999928474],[12167056.227699998766184,-22342.105500001460314],[12167055.739799998700619,-22342.977400001138449],[12167047.950399998575449,-22356.89809999987483],[12167004.056699998676777,-22435.341699998825788],[12167001.466400001198053,-22439.970800001174212],[12167001.2832,-22439.857700001448393],[12166986.416700001806021,-22430.680300001055002],[12166928.211199998855591,-22394.748399998992682],[12166900.7284,-22377.782600000500679],[12166891.478500001132488,-22372.072399999946356],[12166891.0354,-22372.849399998784065],[12166889.715799998492002,-22375.163600001484156],[12166884.2663,-22384.720600001513958],[12166845.709600001573563,-22452.339200001209974],[12166629.855999998748302,-22286.099399998784065],[12166845.709600001573563,-22452.339299999177456],[12166787.0592,-22554.172100000083447],[12166779.137200001627207,-22567.926699999719858],[12166713.19709999859333,-22682.416000001132488],[12166633.236200001090765,-22629.521499998867512],[12166562.895599998533726,-22556.768100000917912],[12166533.2397,-22511.674699999392033],[12166503.507800001651049,-22453.605999998748302],[12166468.903,-22451.975900001823902],[12166263.7132,-22237.970800001174212],[12166262.8812,-22236.930799998342991],[12166222.081999998539686,-22303.587200000882149],[12166170.325,-22107.951499998569489],[12166245.025199998170137,-21989.721900001168251],[12166246.875,-21987.045000001788139],[12166279.932300001382828,-21939.207100000232458],[12166347.5902,-21841.297800000756979],[12166387.5843,-21783.421500001102686],[12166390.5411,-21779.142599999904633],[12166383.153,-21750.969900000840425],[12166362.0075,-21670.337999999523163],[12166438.0411,-21538.858199998736382],[12166445.9837,-21525.123700000345707],[12166481.3448,-21452.27930000051856],[12166537.629,-21336.332800000905991],[12166538.17509999871254,-21335.207899998873472],[12166517.255399998277426,-21267.572999998927116],[12166511.48030000180006,-21238.172699999064207],[12166487.9025,-21118.144200000911951],[12166483.3964,-21017.113099999725819],[12166483.1505,-21011.601500000804663],[12166734.5449,-20977.646200001239777],[12166836.7498,-20963.841299999505281],[12166866.2483000010252,-20959.857299998402596],[12166993.283300001174212,-20944.275299999862909],[12167029.232299998402596,-20939.865899998694658],[12167124.863200001418591,-20928.135800000280142],[12167178.8708,-20921.511300001293421],[12167237.531100001186132,-20925.196600001305342],[12167391.1901,-20934.850000001490116],[12167492.5123,-20934.574200000613928],[12167572.3569,-20934.356800001114607],[12167627.3228,-20934.207100000232458],[12167744.3966,-20935.217399999499321],[12167753.154,-21010.498799998313189],[12167765.0715,-21112.94649999961257],[12167765.440900001674891,-21122.086399998515844],[12167768.3691,-21194.528499998152256],[12167770.8957,-21257.037799999117851],[12167761.419100001454353,-21313.213100001215935],[12167761.3655,-21313.531399998813868],[12167748.41270000115037,-21314.100999999791384],[12167636.219,-21319.035100001841784],[12167632.092099998146296,-21319.216600000858307],[12167622.4144,-21319.642200000584126],[12167623.2401,-21320.268399998545647],[12167706.6503,-21383.535399999469519],[12167706.6541,-21383.538199998438358],[12167678.5334,-21429.322200000286102],[12167666.424400001764297,-21449.036899998784065],[12167775.491500001400709,-21606.587200000882149],[12167971.7773,-21890.127500001341105],[12167960.1835,-21889.118900001049042],[12167959.248799998313189,-21889.037599999457598],[12167949.1747,-21888.161100000143051],[12167828.300900001078844,-21877.645399998873472],[12167800.1226,-21875.193999998271465],[12167704.682,-21863.49100000038743],[12167638.9342,-21855.429000001400709],[12167638.453899998217821,-21856.158700000494719],[12167628.7352,-21870.922200001776218],[12167630.431400001049042,-21872.151700001209974],[12167797.4474,-21993.225499998778105],[12168009.1004,-22146.657499998807907],[12168013.074700001627207,-22149.538499999791384],[12168036.228,-22166.322900000959635],[12168076.603500001132488,-22195.592099998146296],[12168146.2564,-22246.085200000554323],[12168163.343600001186132,-22258.472199998795986],[12168233.1314,-22309.063000001013279],[12168250.6193,-22321.74040000140667],[12168270.775400001555681,-22336.352099999785423],[12168351.7846,-22395.077799998223782],[12168364.5178,-22404.308400001376867],[12168398.924600001424551,-22429.250599998980761],[12168447.4338,-22464.416299998760223],[12168449.6045,-22466.012699998915195],[12168472.3772,-22482.761399999260902],[12168498.377300001680851,-22501.883699998259544],[12168502.5205,-22504.931000001728535],[12168546.1199,-22536.997099999338388],[12168583.727000001817942,-22564.655999999493361],[12168630.245900001376867,-22598.86939999833703],[12168645.850900001823902,-22610.346400000154972],[12168673.635200001299381,-22630.780999999493361],[12168728.3576,-22671.027699999511242],[12168765.2504,-22698.161299999803305],[12168815.450199998915195,-22735.081999998539686],[12168859.25560000166297,-22767.299499999731779],[12168882.346700001507998,-22784.282400000840425],[12169166.55009999871254,-22993.306499999016523],[12169238.843600001186132,-23046.476500000804663],[12169242.4071,-23049.0760000012815],[12169467.6765,-23213.401099998503923],[12169776.1503,-23438.421100001782179],[12169792.587499998509884,-23450.411400001496077],[12170061.1932,-23646.349500000476837],[12170061.1972,-23646.352299999445677],[12170061.199700001627207,-23646.354200001806021],[12170064.4052,-23648.692499998956919],[12170066.493099998682737,-23650.258000001311302],[12170246.4707,-23785.214200001209974],[12170392.045000001788139,-23895.412799999117851],[12170409.1437,-23908.356199998408556],[12170409.236200001090765,-23908.425999999046326],[12170409.236251562833786,-23908.426038296227489],[12170409.2363,-23908.425999999046326],[12170410.785799998790026,-23909.576799999922514],[12170435.1782,-23927.689899999648333],[12170446.4613,-23936.068399999290705],[12170473.8158,-23956.381299998611212],[12170505.4936,-23979.904599998146296],[12170536.4413,-24002.885600000619888],[12170579.54,-24034.889699999243021],[12170599.6375,-24049.81359999999404],[12170649.855500001460314,-24087.104400001466274],[12170670.8019,-24102.658700000494719],[12170709.838799998164177,-24131.646800000220537],[12170740.7462,-24154.597899999469519],[12170776.1362,-24180.87779999896884],[12170823.328499998897314,-24215.921599999070168],[12170876.874000001698732,-24255.683400001376867],[12170877.7667,-24256.3462999984622],[12170875.767,-24260.294199999421835],[12170875.5275,-24260.767099998891354],[12170865.956300001591444,-24279.173000000417233],[12170836.0662,-24336.652899999171495],[12170833.5323,-24341.525699999183416],[12170800.6096,-24404.837600000202656],[12170795.923099998384714,-24413.849899999797344],[12170780.857299998402596,-24442.82209999859333],[12170779.842300001531839,-24445.103399999439716],[12170776.901500001549721,-24451.714600000530481],[12170767.0557,-24473.847600001841784],[12170747.5174,-24517.769000001251698],[12170742.2674,-24529.570900000631809],[12170739.460499998182058,-24535.880699999630451],[12170734.152399998158216,-24547.813200000673532],[12170715.290600001811981,-24590.213799998164177],[12170694.1862,-24637.655900001525879],[12170687.05799999833107,-24632.28830000013113],[12170684.064599998295307,-24630.034200001507998],[12170659.475699998438358,-24611.518300000578165],[12170649.4705,-24603.984299998730421],[12170648.555799998342991,-24603.295499999076128],[12170647.435600001364946,-24602.451999999582767],[12170606.2672,-24571.451499998569489],[12170561.6058,-24537.820799998939037],[12170479.1283,-24475.714000001549721],[12170478.3481,-24475.126499999314547],[12170454.2835,-24457.005499999970198],[12170415.669300001114607,-24427.928399998694658],[12170344.7533,-24374.527699999511242],[12170315.052499998360872,-24352.162500001490116],[12170264.308600001037121,-24313.95160000026226],[12170261.2036,-24311.657000001519918],[12170236.651500001549721,-24293.513199999928474],[12170165.7451,-24241.113899998366833],[12170160.304699998348951,-24237.093499999493361],[12170074.1105,-24173.39640000090003],[12170074.069899998605251,-24173.36600000038743],[12170074.050900001078844,-24173.352200001478195],[12169856.9087,-24011.015000000596046],[12169852.5713,-24007.772300001233816],[12169644.8277,-23853.546700000762939],[12169635.125799998641014,-23846.344200000166893],[12169422.5262,-23688.51410000026226],[12169155.0264,-23493.352000001817942],[12169032.711599998176098,-23404.36879999935627],[12169031.2106,-23403.276900000870228],[12168815.0508,-23246.022399999201298],[12168480.0387,-23003.816399998962879],[12168236.327,-22825.308800000697374],[12168235.0148,-22827.47690000012517],[12168129.214899998158216,-23002.283700000494719],[12168021.649500001221895,-23180.007199998944998],[12167967.362300001084805,-23269.702500000596046],[12167948.173099998384714,-23301.407400000840425],[12167940.832060851156712,-23313.734489860609756],[12167919.585,-23349.412799999117851],[12167919.584969405084848,-23349.412851375665923],[12168062.1327,-23454.932199999690056],[12168062.988229537382722,-23453.221850956200797],[12168085.8733000010252,-23407.469700001180172],[12168085.8779,-23407.461899999529123],[12168160.725000001490116,-23281.187699999660254],[12168162.0425,-23278.964899998158216],[12168229.41270000115037,-23165.30460000038147],[12168231.8594,-23161.17680000141263],[12168276.2449,-23184.366900000721216],[12168295.5268,-23193.925799999386072],[12168302.551600001752377,-23197.408300001174212],[12168321.4745,-23206.789299998432398],[12168329.454300001263618,-23207.797899998724461],[12168374.5759,-23213.500900000333786],[12168401.1109,-23216.854600001126528],[12168410.0337,-23217.916400000452995],[12168420.059799998998642,-23219.109499998390675],[12168423.733,-23219.546599999070168],[12168428.697299998253584,-23220.13740000128746],[12168488.92509999871254,-23227.304400000721216],[12168594.977000001817942,-23262.386399999260902],[12168629.107,-23263.668600000441074],[12168654.345800001174212,-23281.410799998790026],[12168681.3323,-23283.810899998992682],[12168740.858600001782179,-23313.223499998450279],[12168762.606199998408556,-23317.06140000000596],[12168803.8783,-23335.9239999987185],[12168826.4201,-23338.004099998623133],[12169019.5946,-23451.678700000047684],[12169024.507199998944998,-23454.675200000405312],[12169095.330899998545647,-23497.874699998646975],[12169151.5896,-23544.974399998784065],[12169231.343600001186132,-23681.971799999475479],[12169325.309099998325109,-23795.611200001090765],[12169440.3878,-23907.894799999892712],[12169485.624000001698732,-23966.632100000977516],[12169518.55970000103116,-24003.393500000238419],[12169530.9529,-24021.587999999523163],[12169538.3735,-24032.482299998402596],[12169539.318999998271465,-24041.658700000494719],[12169539.834800001233816,-24046.664700001478195],[12169541.0784,-24058.734700001776218],[12169541.3501,-24059.009799998253584],[12169581.310600001364946,-24099.496800001710653],[12169592.062600001692772,-24110.390399999916553],[12169612.189599998295307,-24130.782699998468161],[12169616.8996,-24135.55460000038147],[12169626.2859,-24145.064699999988079],[12169628.519299998879433,-24147.327399998903275],[12169629.0645,-24147.879799999296665],[12169632.601599998772144,-24151.463599998503923],[12169476.413800001144409,-24271.777100000530481],[12169342.283100001513958,-24375.099599998444319],[12169324.0671,-24389.646499998867512],[12169208.1912,-24482.182500001043081],[12169153.9291,-24517.302400000393391],[12169069.1182,-24572.194499999284744],[12169031.1578,-24672.5439000017941],[12169029.0471,-24678.123500000685453],[12169021.345199998468161,-24676.044100001454353],[12169015.247499998658895,-24687.09180000051856]],[[12166329.344099998474121,-22054.660100001841784],[12166361.0302,-22079.063099998980761],[12166245.025199998170137,-21989.721900001168251],[12166329.344099998474121,-22054.660100001841784]],[[12166875.015500001609325,-21614.703999999910593],[12166968.9113,-21446.372400000691414],[12166973.4406,-21438.252300001680851],[12166981.0966,-21450.716400001198053],[12167075.021000001579523,-21603.627999998629093],[12167115.205400001257658,-21669.049400001764297],[12167181.8314,-21777.518300000578165],[12167188.055300001055002,-21787.650800000876188],[12167188.1813,-21787.855999998748302],[12167289.9786,-21622.246800001710653],[12167290.0872,-21622.063299998641014],[12167290.563900001347065,-21621.257699999958277],[12167363.750100001692772,-21497.591699998825788],[12167368.861699998378754,-21488.954300001263618],[12167306.705699998885393,-21394.831300001591444],[12167240.425900001078844,-21294.463799998164177],[12167239.886300001293421,-21293.646600000560284],[12167087.943999998271465,-21287.925900001078844],[12166882.6778,-21281.424499999731779],[12166875.110100001096725,-21281.184900000691414],[12166874.269299998879433,-21281.532600000500679],[12166763.3594,-21327.410000000149012],[12166673.324499998241663,-21364.652499999850988],[12166654.5797,-21372.406199999153614],[12166561.3484,-21410.97069999948144],[12166561.438700001686811,-21411.325599998235703],[12166574.2282,-21461.585299998521805],[12166579.5788,-21482.611900001764297],[12166610.7667,-21517.547499999403954],[12166650.4654,-21562.016600001603365],[12166651.099599998444319,-21562.72690000012517],[12166651.276099998503923,-21562.924699999392033],[12166651.498599998652935,-21563.193500000983477],[12166802.208099998533726,-21745.230099998414516],[12166873.734700001776218,-21617.000199999660254],[12166875.015500001609325,-21614.703999999910593]],[[12166483.459800001233816,-21957.363000001758337],[12166526.5867,-21886.927400000393391],[12166527.0693,-21886.139199998229742],[12166607.529,-21760.82880000025034],[12166621.8774,-21738.482099998742342],[12166590.374200001358986,-21719.622900001704693],[12166588.605,-21722.594200000166893],[12166501.417100001126528,-21869.025199998170137],[12166500.414,-21870.71000000089407],[12166438.5517,-21968.024500001221895],[12166405.4558,-22020.087000001221895],[12166406.3297,-22020.72749999910593],[12166407.235599998384714,-22021.391499999910593],[12166431.71339999884367,-22039.332699999213219],[12166432.788199998438358,-22040.12049999833107],[12166483.459800001233816,-21957.363000001758337]],[[12167156.0779,-22303.615899998694658],[12167156.954799998551607,-22304.24100000038743],[12167201.857900001108646,-22336.247400000691414],[12167202.1842,-22336.480000000447035],[12167310.6012,-22158.692999999970198],[12167314.045400001108646,-22153.044900000095367],[12167306.1391,-22146.345400001853704],[12167306.037099998444319,-22146.258900001645088],[12167322.066799998283386,-22121.154100000858307],[12167366.406800001859665,-22051.710900001227856],[12167368.6935,-22048.129700001329184],[12167356.9923,-22033.744199998676777],[12167355.4866,-22031.893100000917912],[12167350.3985,-22025.637800000607967],[12167343.773699998855591,-22017.493200000375509],[12167333.3816,-22004.717300001531839],[12167319.416499998420477,-22028.010800000280142],[12167286.7832,-22082.44310000166297],[12167275.1701,-22101.81359999999404],[12167270.585299998521805,-22109.461100000888109],[12167262.3156,-22123.254900000989437],[12167260.281399998813868,-22126.647799998521805],[12167260.250599998980761,-22126.699200000613928],[12167259.236000001430511,-22128.392900001257658],[12167247.361900001764297,-22148.215500000864267],[12167223.831,-22187.497800000011921],[12167212.118099998682737,-22207.051300000399351],[12167154.8138,-22302.714899998158216],[12167156.0779,-22303.615899998694658]]],[[[12166341.7885,-21252.169599998742342],[12166445.664299998432398,-21085.410900000482798],[12166506.3668,-21258.415199998766184],[12166459.8358,-21336.772399999201298],[12166365.3999,-21495.800599999725819],[12166322.0689,-21568.769000001251698],[12166269.401,-21426.063999999314547],[12166256.0319,-21389.839999999850988],[12166341.7885,-21252.169599998742342]]],[[[12168821.87779999896884,-19474.254999998956919],[12168825.1316,-19518.49549999833107],[12168832.0962999984622,-19613.195999998599291],[12168859.137200001627207,-19980.872699998319149],[12168839.779800001531839,-19974.330600000917912],[12168839.289099998772144,-19974.164700001478195],[12168409.5002,-19828.909299999475479],[12168397.3691,-19780.680500000715256],[12168310.7293,-19436.233600001782179],[12168286.028,-19338.030999999493361],[12168282.748,-19324.990899998694658],[12168213.8847,-19051.218800000846386],[12168450.8788,-19057.664599999785423],[12168732.0191,-19065.311099998652935],[12168749.5092,-19065.786800000816584],[12168821.87779999896884,-19474.254999998956919]]],[[[12172544.3260000012815,-18589.598000001162291],[12172486.807799998670816,-18642.456599999219179],[12172466.248100001364946,-18661.350699998438358],[12172413.154399998486042,-18712.826099999248981],[12172332.4384,-18791.081999998539686],[12172318.5718,-18804.52589999884367],[12172316.091899998486042,-18806.93019999936223],[12172292.766800001263618,-18829.544300001114607],[12172270.773200001567602,-18850.867600001394749],[12172254.4866,-18866.657800000160933],[12172240.1978,-18880.510999999940395],[12172227.3618,-18892.955800000578165],[12172222.0436,-18898.111900001764297],[12172217.277199998497963,-18902.7331000007689],[12172214.6985,-18905.2331000007689],[12172214.695300001651049,-18905.236200001090765],[12172167.8116,-18867.888399999588728],[12172131.235100001096725,-18918.071699999272823],[12172127.03489999845624,-18923.834300000220537],[12172083.721099998801947,-18983.261300001293421],[12172003.0244,-19093.977699998766184],[12171992.456300001591444,-19085.431800000369549],[12171980.5781,-19075.826400000602007],[12171964.310600001364946,-19062.671599999070168],[12171958.671300001442432,-19058.111400000751019],[12171938.478100001811981,-19041.7820999994874],[12171927.458299998193979,-19032.870799999684095],[12171904.0135000012815,-19013.912099998444319],[12171896.8217,-19008.096400000154972],[12171892.419300001114607,-19004.536299999803305],[12171910.6692,-18981.428399998694658],[12171911.8,-18979.996599998325109],[12171930.8213,-18955.911699999123812],[12171933.308200001716614,-18952.762899998575449],[12171950.3728,-18931.155699998140335],[12171955.1846,-18925.063000001013279],[12171976.115600001066923,-18898.560100000351667],[12171977.7445,-18896.497499998658895],[12171995.9754,-18873.413699999451637],[12171999.5158,-18868.930900000035763],[12172003.487799998372793,-18863.901500001549721],[12172011.052499998360872,-18854.322999998927116],[12172018.142299998551607,-18845.346000000834465],[12172018.771000001579523,-18844.550000000745058],[12172015.6523,-18842.229400001466274],[12172010.812399998307228,-18838.628199998289347],[12171995.3228,-18827.102699998766184],[12171988.7885,-18822.240699999034405],[12171977.2885,-18813.683800000697374],[12171972.048300001770258,-18809.784699998795986],[12171967.014600001275539,-18806.039099998772144],[12171951.2113,-18794.280299998819828],[12171943.453499998897314,-18788.50789999961853],[12171937.2513,-18783.892900001257658],[12171927.726100001484156,-18776.805500000715256],[12171916.793200001120567,-18768.670499999076128],[12171913.638999998569489,-18766.323600001633167],[12171886.142900001257658,-18745.864199999719858],[12171881.5608000010252,-18742.454799998551607],[12171858.514899998903275,-18725.306699998676777],[12171854.4551,-18722.285999998450279],[12171828.3911,-18702.892299998551607],[12171818.742800001055002,-18695.713199999183416],[12171797.450599998235703,-18679.870000001043081],[12171788.9379,-18673.535999998450279],[12171771.81810000166297,-18660.797499999403954],[12171759.133000001311302,-18651.358800001442432],[12171751.644299998879433,-18645.786699999123812],[12171735.205200001597404,-18633.55460000038147],[12171732.0132,-18631.17960000038147],[12171723.112,-18624.556400001049042],[12171717.960700001567602,-18620.723299998790026],[12171717.435400001704693,-18620.332499999552965],[12171800.365200001746416,-18533.541799999773502],[12171802.807,-18430.217500001192093],[12171808.7504,-18178.703999999910593],[12171812.872000001370907,-18004.280799999833107],[12171846.7264,-17969.266699999570847],[12172006.234299998730421,-17804.295200001448393],[12172266.8787,-18064.998700000345707],[12172294.846500001847744,-18038.482099998742342],[12172444.611699998378754,-17896.488499999046326],[12172452.765500001609325,-17902.255100000649691],[12172627.641800001263618,-18025.928100001066923],[12172893.319200001657009,-18213.816199999302626],[12172888.187199998646975,-18219.614399999380112],[12172753.324,-18371.985599998384714],[12172700.618900001049042,-18431.215500000864267],[12172644.0867,-18494.745900001376867],[12172628.5922,-18512.158300001174212],[12172621.5973,-18518.586599998176098],[12172562.0707,-18573.290899999439716],[12172544.3260000012815,-18589.598000001162291]]],[[[12171036.4560999982059,-17956.090399999171495],[12171036.792599998414516,-17956.210200000554323],[12171037.4677,-17971.160000000149012],[12171038.007199998944998,-17983.103700000792742],[12171038.934099998325109,-18003.627099998295307],[12171039.2381,-18010.359900001436472],[12171040.285,-18033.539000000804663],[12171040.888999998569489,-18046.913600001484156],[12171041.87779999896884,-18068.807199999690056],[12171042.5757,-18084.261900000274181],[12171043.2513,-18099.219500001519918],[12171043.964499998837709,-18115.014600001275539],[12171044.4331,-18125.390000000596046],[12171046.046100001782179,-18161.107900001108646],[12171046.187600001692772,-18164.242800001055002],[12171046.3294,-18167.381700001657009],[12171046.9225,-18180.515000000596046],[12171047.156599998474121,-18185.69819999858737],[12171047.8882,-18201.899399999529123],[12171048.2044,-18208.901900000870228],[12171048.8735,-18223.716099999845028],[12171049.1266999989748,-18229.324200000613928],[12171049.7162000015378,-18242.376800000667572],[12171049.975499998778105,-18248.117499999701977],[12171050.4877,-18259.460700001567602],[12171050.869,-18267.904199998825788],[12171051.028,-18271.42509999871254],[12171051.5858,-18283.776500001549721],[12171051.683600001037121,-18285.942699998617172],[12171051.7762,-18287.992800001055002],[12171052.443,-18302.758299998939037],[12171052.707400001585484,-18308.613800000399351],[12171053.314599998295307,-18322.059200000017881],[12171053.714000001549721,-18330.903599999845028],[12171054.24720000103116,-18342.710200000554323],[12171054.647100001573563,-18351.564300000667572],[12171054.815200001001358,-18355.285500001162291],[12171054.9639,-18358.577899999916553],[12171055.34010000154376,-18366.908300001174212],[12171055.57490000128746,-18372.105900000780821],[12171056.192499998956919,-18385.782000001519918],[12171056.640700001269579,-18395.706900000572205],[12171056.983199998736382,-18403.291299998760223],[12171057.4769,-18414.222100000828505],[12171057.802499998360872,-18421.431400001049042],[12171058.354400001466274,-18433.651099998503923],[12171058.5037,-18436.958599999547005],[12171059.188700001686811,-18452.126600001007318],[12171059.3609,-18455.939500000327826],[12171059.3635,-18455.997800000011921],[12171059.349800001829863,-18455.995099999010563],[12171059.079599998891354,-18455.941300000995398],[12171058.325199998915195,-18455.791299998760223],[12171049.603500001132488,-18454.055799998342991],[12171034.254099998623133,-18451.001400001347065],[12170992.9901,-18442.790300000458956],[12170970.6294,-18438.340799998492002],[12170941.179499998688698,-18432.480700001120567],[12170878.290800001472235,-18419.966499999165535],[12170873.1582,-18418.945099998265505],[12170832.3559,-18410.825899999588728],[12170803.4699,-18405.077899999916553],[12170799.3404,-18453.222699999809265],[12170798.0088,-18468.746800001710653],[12170797.043200001120567,-18480.004599999636412],[12170740.5062,-18463.513300001621246],[12170739.631900001317263,-18463.258299998939037],[12170605.2942,-18424.073300000280142],[12170576.406800001859665,-18415.647300001233816],[12170555.086399998515844,-18409.428199999034405],[12170541.402199998497963,-18405.436599999666214],[12170506.9901,-18395.399000000208616],[12170498.650400001555681,-18392.966299999505281],[12170465.0579,-18383.167700000107288],[12170455.183600001037121,-18380.287500001490116],[12170423.7571,-18371.120700001716614],[12170409.571199998259544,-18366.982900001108646],[12170379.063099998980761,-18358.083999998867512],[12170366.0249,-18354.280799999833107],[12170325.4073,-18342.433200001716614],[12170321.2071,-18341.208099998533726],[12170301.581999998539686,-18335.483600001782179],[12170274.958999998867512,-18327.717999998480082],[12170265.5409,-18324.970800001174212],[12170257.182,-18321.163199998438358],[12170255.5293,-18320.410300001502037],[12170242.99549999833107,-18314.700899999588728],[12170141.3405,-18268.395100001245737],[12170137.600499998778105,-18266.691399998962879],[12170126.1699,-18261.484499998390675],[12170030.530499998480082,-18203.781300000846386],[12169962.8017,-18162.917599998414516],[12169877.937600001692772,-18125.092700000852346],[12169856.724399998784065,-18181.088700000196695],[12169784.677000001072884,-18141.886300001293421],[12169654.290399998426437,-18066.552999999374151],[12169643.423700001090765,-18085.656100001186132],[12169627.9054,-18089.324999999254942],[12169635.9115,-18135.856899999082088],[12169651.006299998611212,-18144.542500000447035],[12169666.1012,-18153.227800000458956],[12169670.272100001573563,-18552.66950000077486],[12169664.5696,-18551.028799999505281],[12169662.4377,-18550.415300000458956],[12169609.999899998307228,-18535.327199999243021],[12169604.2788,-18535.327100001275539],[12169585.461199998855591,-18535.326900001615286],[12169479.7408,-18535.325500000268221],[12169407.0544,-18535.324599999934435],[12169406.242199998348951,-18535.324599999934435],[12169402.079999998211861,-18535.324499998241663],[12169327.827,-17991.009500000625849],[12169327.8262,-17991.004000000655651],[12169306.614100001752377,-17835.508799999952316],[12169288.6508,-17810.825699999928474],[12169286.7483000010252,-17797.228500001132488],[12169267.533300001174212,-17659.898899998515844],[12169259.593899998813868,-17603.155999999493361],[12169239.8525,-17462.064800001680851],[12169229.9525,-17391.309099998325109],[12169226.826499998569489,-17368.968600001186132],[12169216.8715,-17297.820099998265505],[12169216.347199998795986,-17294.073399998247623],[12169620.4575,-17337.122900001704693],[12169877.617800001055002,-17518.102000001817942],[12169933.6301,-17557.521200001239777],[12170047.8253,-17637.887200001627207],[12170062.222,-17648.019000001251698],[12170141.6501,-17703.917399998754263],[12170149.104899998754263,-17709.163800001144409],[12170152.273899998515844,-17603.392499998211861],[12170154.381,-17604.165399998426437],[12170589.284699998795986,-17763.68299999833107],[12170579.067499998956919,-17780.829199999570847],[12170601.934300001710653,-17797.551399998366833],[12170681.16270000115037,-17855.489500001072884],[12170692.992800001055002,-17834.349500000476837],[12170693.338799998164177,-17833.731300000101328],[12171035.33219999819994,-17955.690900001674891],[12171035.6411,-17955.800400000065565],[12171036.121399998664856,-17955.9712999984622],[12171036.4560999982059,-17956.090399999171495]]],[[[12185669.439399998635054,-16849.055300001055002],[12185737.7203,-16847.896600000560284],[12185742.4487,-16847.816399998962879],[12185859.840999998152256,-16845.824000000953674],[12185878.6426,-16740.328299999237061],[12185896.8015,-16638.438900001347065],[12185897.670899998396635,-16632.799600001424551],[12185800.935400001704693,-16616.462400000542402],[12185417.1644,-16551.649599999189377],[12185550.4007,-16406.566100001335144],[12185788.238000001758337,-16147.58049999922514],[12185995.0726,-15922.354499999433756],[12185968.779,-15896.98030000180006],[12185901.522,-15840.867300000041723],[12185891.348700001835823,-15833.450800001621246],[12185891.7716,-15832.732500001788139],[12185883.718899998813868,-15826.01410000026226],[12185922.8306,-15775.934900000691414],[12185815.279800001531839,-15777.0625],[12185721.997699998319149,-15778.040699999779463],[12185732.463100001215935,-15571.372699998319149],[12185733.586800001561642,-15549.18189999833703],[12185733.6162,-15548.601399999111891],[12185732.640500001609325,-15545.067800000309944],[12185697.9905,-15580.26410000026226],[12185572.7493,-15707.479699999094009],[12185546.618,-15673.328699998557568],[12185643.065699998289347,-15483.829799998551607],[12185681.8442,-15407.702799998223782],[12185694.1858000010252,-15386.259500000625849],[12185708.5938,-15375.631799999624491],[12185708.785100001841784,-15375.015500001609325],[12185707.18,-15373.120999999344349],[12185716.209600001573563,-15355.725699998438358],[12185827.4177,-15141.486999999731779],[12185835.418499998748302,-15125.266199998557568],[12185837.9423,-15120.070900000631809],[12185847.2097,-15100.994199998676777],[12185853.5363,-15087.970899999141693],[12185860.2755,-15073.058499999344349],[12185868.4756,-15054.913699999451637],[12185876.5279,-15025.45890000090003],[12185877.481600001454353,-15023.869699999690056],[12185878.964899998158216,-15022.704100001603365],[12185880.0244,-15022.174300000071526],[12185881.2958,-15022.174400001764297],[12185882.6732,-15022.174499999731779],[12185885.110100001096725,-15022.492300000041723],[12185889.666000001132488,-15023.551699999719858],[12185893.48030000180006,-15024.717300001531839],[12185921.875500001013279,-15031.921999998390675],[12185972.4216,-15042.8902000002563],[12185976.452399998903275,-15037.909200001507998],[12185980.6602,-15038.776399999856949],[12186007.8369,-15043.862300001084805],[12186041.370700001716614,-15051.013999998569489],[12186068.3885000012815,-15057.053300000727177],[12186085.5528,-15063.569200001657009],[12186096.677700001746416,-15067.065799999982119],[12186104.3063,-15068.972899999469519],[12186110.9813,-15070.244300000369549],[12186117.6563,-15071.515799999237061],[12186123.2188,-15072.787200000137091],[12186129.258000001311302,-15074.058699999004602],[12186134.3438,-15074.694400001317263],[12186138.3169,-15075.171100001782179],[12186143.084800001233816,-15075.647900000214577],[12186148.488400001078844,-15076.283700000494719],[12186150.316100001335144,-15076.760400000959635],[12186155.3063,-15078.913800001144409],[12186165.219999998807907,-15086.586800001561642],[12186171.365200001746416,-15092.732200000435114],[12186172.4753,-15093.842199999839067],[12186176.0271,-15097.394000001251698],[12186180.0533,-15101.420099999755621],[12186181.409200001507998,-15102.517799999564886],[12186184.5033,-15105.02250000089407],[12186188.953200001269579,-15108.836899999529123],[12186194.0389,-15112.651200000196695],[12186206.155699998140335,-15119.074700001627207],[12186207.9276,-15120.147900000214577],[12186237.0114,-15136.199700001627207],[12186251.6327,-15144.940699998289347],[12186282.4648,-15163.535500001162291],[12186330.6201,-15197.54619999974966],[12186359.545000001788139,-15218.52479999884963],[12186390.8539,-15236.642700001597404],[12186422.957400001585484,-15257.621399998664856],[12186450.452,-15274.944499999284744],[12186472.701900001615286,-15289.089200001209974],[12186487.641199998557568,-15298.7837999984622],[12186493.203699998557568,-15303.551699999719858],[12186497.6537000015378,-15308.001600001007318],[12186501.9448,-15312.292599998414516],[12186503.693,-15314.358899999409914],[12186505.4412,-15316.424800001084805],[12186508.7786,-15319.762299999594688],[12186512.116099998354912,-15323.735500000417233],[12186514.976799998432398,-15327.23200000077486],[12186517.678599998354912,-15330.728399999439716],[12186520.3805,-15334.065999999642372],[12186523.399999998509884,-15338.197999998927116],[12186554.3911,-15379.519600000232458],[12186571.8732,-15401.29280000180006],[12186606.04280000180006,-15444.998199999332428],[12186626.7034,-15475.194600000977516],[12186651.019499998539686,-15508.728700000792742],[12186658.647999998182058,-15523.668000001460314],[12186671.2033,-15557.837600000202656],[12186672.9434,-15565.919300001114607],[12186673.241099998354912,-15567.301899999380112],[12186678.355099998414516,-15591.053700000047684],[12186687.5729,-15636.825199998915195],[12186696.4729,-15692.450199998915195],[12186698.3801,-15723.282400000840425],[12186695.8372,-15760.471700001507998],[12186692.499699998646975,-15780.973499998450279],[12186692.262699998915195,-15783.446199998259544],[12186691.808200001716614,-15788.185400001704693],[12186691.387200001627207,-15792.575399998575449],[12186691.0693,-15801.475299999117851],[12186688.208700001239777,-15855.352099999785423],[12186687.414,-15884.912900000810623],[12186679.3087,-15956.271800000220537],[12186678.5244,-15963.686999998986721],[12186675.812199998646975,-15989.328999999910593],[12186673.2694,-16019.684500001370907],[12186671.680100001394749,-16073.720199998468161],[12186670.090799998492002,-16123.62390000000596],[12186670.8854,-16133.000599998980761],[12186671.839000001549721,-16141.105900000780821],[12186673.110399998724461,-16148.257800001651049],[12186674.699700001627207,-16154.932799998670816],[12186675.67680000141263,-16158.701699998229742],[12186673.169799998402596,-16162.146999999880791],[12186683.43189999833703,-16184.643899999558926],[12186691.344700001180172,-16201.99040000140667],[12186688.1054,-16204.448899999260902],[12186651.4267,-16232.286100000143051],[12186618.8977,-16256.973999999463558],[12186587.786400001496077,-16280.585900001227856],[12186587.2707,-16280.19200000166893],[12186509.2575,-16220.603900000452995],[12186471.3563,-16315.722500000149012],[12186466.664700001478195,-16315.537300001829863],[12186464.122000001370907,-16362.156300000846386],[12186472.413600001484156,-16367.88459999859333],[12186471.619,-16391.988699998706579],[12186501.81529999896884,-16392.677299998700619],[12186507.0489999987185,-16390.434599999338388],[12186564.793000001460314,-16388.687899999320507],[12186568.526099998503923,-16479.712999999523163],[12186626.9076,-16489.643100000917912],[12186661.7396,-16495.567499998956919],[12186672.2784,-16542.772700000554323],[12186831.0742,-16541.977899998426437],[12186807.5482,-16736.18019999936223],[12186796.242400001734495,-16829.506799999624491],[12186411.238899998366833,-16807.654100000858307],[12186207.292599998414516,-16802.364900000393391],[12186183.8251,-16834.614399999380112],[12186158.0291,-16870.063400000333786],[12186203.616099998354912,-16910.062800001353025],[12186573.8715,-16934.406500000506639],[12186569.1034,-16989.634300000965595],[12186308.121,-16970.241999998688698],[12186292.1138,-16987.71229999884963],[12186334.903499998152256,-17025.257599998265505],[12186547.515700001269579,-17033.207299999892712],[12186540.337699998170137,-17054.876299999654293],[12186501.6761,-17171.58839999884367],[12186478.572999998927116,-17231.458000000566244],[12186460.456999998539686,-17311.629299998283386],[12186459.185600001364946,-17314.807900000363588],[12186457.066599998623133,-17316.927000001072884],[12186453.4641,-17319.25789999961853],[12186451.557100001722574,-17320.52930000051856],[12186450.0737,-17323.07209999859333],[12186449.6499,-17325.614900000393391],[12186445.8037,-17398.051199998706579],[12186444.564100001007318,-17423.197399999946356],[12186464.377300001680851,-17425.846200000494719],[12186474.9375,-17426.941399998962879],[12186489.521699998527765,-17428.479699999094009],[12186507.242600001394749,-17430.348700001835823],[12186513.7436,-17434.502700001001358],[12186472.422200001776218,-17576.743999999016523],[12186400.109700001776218,-17554.493999999016523],[12186342.290600001811981,-17783.957800000905991],[12186244.3026,-17736.223799999803305],[12186247.8396,-17728.472300000488758],[12186185.038800001144409,-17690.109999999403954],[12186187.539900001138449,-17643.890000000596046],[12186139.16160000115633,-17615.095600001513958],[12186141.916299998760223,-17572.396699998527765],[12186097.946199998259544,-17548.875199999660254],[12186068.962699998170137,-17531.920699998736382],[12186077.3519,-17486.297899998724461],[12185975.2375,-17445.453400000929832],[12185943.914,-17427.247299998998642],[12185941.0048,-17399.314899999648333],[12185940.170400001108646,-17389.576400000602007],[12185736.2971,-17306.57490000128746],[12185729.9401,-17302.879900000989437],[12185659.216899998486042,-17399.667700000107288],[12185941.7718,-17590.379799999296665],[12186164.942699998617172,-17738.888599999248981],[12186147.493500001728535,-17782.993000000715256],[12186024.7364999987185,-17703.754900000989437],[12185910.1565,-17629.742899999022484],[12185629.974,-17443.373100001364946],[12185565.3416,-17568.208399999886751],[12185282.449099998921156,-17341.734600000083447],[12185352.377500001341105,-17247.966699998825788],[12185392.0521,-17270.529699999839067],[12185477.721,-17319.249800000339746],[12185581.631700001657009,-17086.256700001657009],[12185673.3614999987185,-17081.968800000846386],[12185669.439399998635054,-16849.055300001055002]],[[12186033.7573,-16562.439699999988079],[12185982.8163,-16633.067699998617172],[12185981.2852,-16635.190499998629093],[12186103.180799998342991,-16637.15260000154376],[12186113.7091,-16601.380199998617172],[12186117.166499998420477,-16589.633000001311302],[12186112.080699998885393,-16583.752599999308586],[12186033.7573,-16562.439699999988079]],[[12186328.822700001299381,-16594.983300000429153],[12186328.7989,-16601.380399998277426],[12186328.671799998730421,-16635.563700001686811],[12186328.6637,-16637.735100001096725],[12186533.045400001108646,-16643.297699999064207],[12186542.8679,-16601.380300000309944],[12186544.144299998879433,-16595.933200001716614],[12186557.971099998801947,-16564.94200000166893],[12186556.699700001627207,-16545.711500000208616],[12186468.4945,-16543.009899999946356],[12186470.083700001239777,-16458.777499999850988],[12186461.3618,-16453.218499999493361],[12186455.6213,-16449.55970000103116],[12186255.2128,-16445.268699999898672],[12186255.2128,-16414.456300001591444],[12186255.179699998348951,-16396.000700000673532],[12186218.341400001198053,-16396.000799998641014],[12186217.3435,-16323.605900000780821],[12186062.7033,-16522.306800000369549],[12186064.297200001776218,-16522.751400001347065],[12186094.774300001561642,-16531.252900000661612],[12186122.3218,-16538.139899998903275],[12186229.5871,-16543.440000001341105],[12186233.9795,-16543.309900000691414],[12186335.179699998348951,-16540.311799999326468],[12186336.4512,-16555.886900000274181],[12186336.4512,-16560.495900001376867],[12186335.974399998784065,-16564.151200000196695],[12186334.3851,-16570.667300000786781],[12186332.9547,-16575.11710000038147],[12186328.822700001299381,-16594.983300000429153]],[[12186037.07319999858737,-16959.270599998533726],[12185834.096700001507998,-16946.142499998211861],[12185832.664900001138449,-17016.249699998646975],[12185831.4203,-17077.195799998939037],[12186036.914299998432398,-17085.460099998861551],[12186036.9732,-17038.641199998557568],[12186037.07319999858737,-16959.270599998533726]],[[12185803.680599998682737,-17182.246399998664856],[12185787.999699998646975,-17207.462900001555681],[12185947.9952,-17264.397100001573563],[12185969.98030000180006,-17231.551699999719858],[12185803.680599998682737,-17182.246399998664856]]],[[[12191782.553800001740456,-16262.011199999600649],[12191747.1191,-16291.361000001430511],[12191648.5493,-16371.791000001132488],[12191645.238200001418591,-16367.817899998277426],[12191630.405000001192093,-16354.971200000494719],[12191618.684,-16343.713700000196695],[12191617.2738,-16342.359200000762939],[12191754.429499998688698,-16232.095499999821186],[12191782.553800001740456,-16262.011199999600649]]],[[[12191626.3418,-15843.922499999403954],[12191651.9822,-15878.039299998432398],[12191586.5038,-15929.956000000238419],[12191566.7967,-15889.905900001525879],[12191626.3418,-15843.922499999403954]]],[[[12191366.23759999871254,-16844.846000000834465],[12191249.842799998819828,-16879.115299999713898],[12191243.647100001573563,-16944.301100000739098],[12191243.102699998766184,-16950.029500000178814],[12191196.5258,-16968.845499999821186],[12191175.3919,-16976.950800001621246],[12191140.582899998873472,-16990.300799999386072],[12191133.1452,-16993.39299999922514],[12191053.808200001716614,-17026.377599999308586],[12191046.462499998509884,-17029.431600000709295],[12191045.0834,-17030.005100000649691],[12191044.733,-17030.539799999445677],[12191027.727699998766184,-17059.464899998158216],[12191026.217799998819828,-17062.087200000882149],[12191024.708099998533726,-17064.709600001573563],[12191021.6884,-17069.795200001448393],[12191172.215999998152256,-17386.69200000166893],[12191167.44819999858737,-17529.728000000119209],[12191067.323399998247623,-17523.370900001376867],[12191068.91270000115037,-17373.977699998766184],[12190979.122499998658895,-17154.3293999992311],[12190977.954300001263618,-17156.434799998998642],[12190974.6725,-17108.13399999961257],[12190847.669100001454353,-16983.431600000709295],[12190860.6486,-16919.065699998289347],[12190886.732299998402596,-16932.252700001001358],[12190977.460499998182058,-16831.654800001531839],[12191050.317699998617172,-16781.794599998742342],[12191072.793200001120567,-16781.796100001782179],[12191075.4481,-16781.796300001442432],[12191077.302299998700619,-16779.677400000393391],[12191079.9511,-16777.690600000321865],[12191082.732299998402596,-16775.571600001305342],[12191107.631099998950958,-16759.546399999409914],[12191104.8935999982059,-16756.415100000798702],[12191005.415600001811981,-16642.628800000995398],[12190962.833500001579523,-16606.899700000882149],[12191007.096700001507998,-16552.217799998819828],[12191010.8492,-16547.582299999892712],[12190996.3701,-16536.6570999994874],[12190992.673,-16533.867499999701977],[12190986.7132,-16528.834699999541044],[12190983.667,-16526.583299998193979],[12190979.429000001400709,-16524.331799998879433],[12190975.1908,-16522.47749999910593],[12190969.496,-16520.755899999290705],[12190968.6824,-16520.507800001651049],[12190950.821899998933077,-16515.061000000685453],[12190937.1805,-16510.028299998492002],[12190932.5451,-16506.982099998742342],[12190929.881900001317263,-16505.280499998480082],[12190927.7773,-16503.936000000685453],[12190924.996,-16501.022199999541044],[12190923.009399998933077,-16498.108399998396635],[12190921.022799998521805,-16494.267700001597404],[12190919.566,-16490.426899999380112],[12190918.1091,-16485.791499998420477],[12190911.3547,-16467.912099998444319],[12190909.368099998682737,-16462.349500000476837],[12190905.7922,-16455.992499999701977],[12190902.878600001335144,-16452.019200000911951],[12190898.640500001609325,-16446.853900000452995],[12190895.064599998295307,-16442.7483000010252],[12190891.886,-16439.040100000798702],[12190889.369600001722574,-16435.861299999058247],[12190888.045200001448393,-16433.080099999904633],[12190886.457600001245737,-16426.612199999392033],[12190876.390500001609325,-16426.590500000864267],[12190856.25959999859333,-16426.723000001162291],[12190850.1673,-16426.458200000226498],[12190843.9426,-16425.92850000038743],[12190835.598900001496077,-16424.074299998581409],[12190815.732900001108646,-16417.584600001573563],[12190792.4423,-16409.592700000852346],[12190779.1857,-16403.9037000015378],[12190778.7883,-16403.585799999535084],[12190778.5499,-16403.188499998301268],[12190778.1358,-16390.270100001245737],[12190772.4408,-16388.151099998503923],[12190769.2623,-16386.826499998569489],[12190765.951299998909235,-16384.84010000154376],[12190760.1239,-16380.469399999827147],[12190724.3651,-16347.226799998432398],[12190720.30180000141263,-16343.712699998170137],[12190699.8636,-16326.036299999803305],[12190695.493099998682737,-16322.857799999415874],[12190690.9901,-16320.341299999505281],[12190686.4872,-16318.22239999845624],[12190681.1895,-16316.633000001311302],[12190676.4217,-16314.64640000090003],[12190671.1241,-16311.600299999117851],[12190667.5482,-16309.08390000090003],[12190663.839899998158216,-16305.640399999916553],[12190659.866700001060963,-16301.932100001722574],[12190656.423300001770258,-16298.753600001335144],[12190646.622699998319149,-16291.999099999666214],[12190634.3057,-16283.390399999916553],[12190610.784400001168251,-16262.491300001740456],[12190608.59,-16260.649300001561642],[12190583.4115,-16239.513199999928474],[12190564.589200001209974,-16223.712799999862909],[12190555.7313,-16215.1587999984622],[12190554.8043,-16214.263599999248981],[12190552.579300001263618,-16212.833200000226498],[12190549.0828,-16210.290199998766184],[12190545.7454,-16207.747400000691414],[12190527.1508,-16192.967000000178814],[12190507.4437,-16178.663499999791384],[12190502.326499998569489,-16174.804999999701977],[12190477.72410000115633,-16156.25450000166893],[12190460.241999998688698,-16141.791999999433756],[12190448.163400001823902,-16132.7331000007689],[12190439.422400001436472,-16125.581300001591444],[12190411.61,-16098.404399998486042],[12190388.8832,-16079.333099998533726],[12190369.6529,-16065.506099998950958],[12190340.251200001686811,-16045.7989999987185],[12190318.795899998396635,-16029.906100001186132],[12190314.3459,-16026.72749999910593],[12190309.578000001609325,-16024.18470000103116],[12190305.287,-16022.595499999821186],[12190300.5191,-16020.847300000488758],[12190295.592300001531839,-16019.893699999898672],[12190290.3477,-16018.940200001001358],[12190279.2227,-16016.874099999666214],[12190266.667399998754263,-16014.490100000053644],[12190251.5693,-16010.199099998921156],[12190239.967500001192093,-16005.431200001388788],[12190219.3068,-15995.577599998563528],[12190208.289700001478195,-15989.99040000140667],[12190204.5814,-15987.977200001478195],[12190200.5552,-15985.64640000090003],[12190190.1719,-15977.911800000816584],[12190172.160100001841784,-15964.243999999016523],[12190151.8173,-15950.364199999719858],[12190142.281599998474121,-15943.901099998503923],[12190138.3613,-15941.252199999988079],[12190134.5471,-15938.285500001162291],[12190123.528099998831749,-15928.326099999248981],[12190112.0852,-15916.777199998497963],[12190100.7483000010252,-15907.241599999368191],[12190088.8816,-15899.188999999314547],[12190061.651999998837709,-15881.813000001013279],[12190040.461599998176098,-15869.098600000143051],[12190033.362799998372793,-15865.496100001037121],[12190026.8996,-15862.953299999237061],[12190011.7485,-15858.0793999992311],[12189998.9283,-15854.90089999884367],[12189994.160500001162291,-15853.523499999195337],[12189989.710499998182058,-15851.828400000929832],[12189986.32,-15850.450800001621246],[12189983.565200001001358,-15849.073600001633167],[12189980.916499998420477,-15847.484299998730421],[12189978.2676,-15845.789000000804663],[12189975.8308,-15843.987900000065565],[12189972.7582,-15841.338899999856949],[12189960.255800001323223,-15829.790199998766184],[12189941.608199998736382,-15813.261700000613928],[12189927.304699998348951,-15803.408100001513958],[12189910.3523,-15794.402100000530481],[12189888.208299998193979,-15780.628299999982119],[12189858.4357,-15757.530699998140335],[12189816.6906,-15725.003199998289347],[12189781.4085,-15699.468699999153614],[12189775.226300001144409,-15695.638399999588728],[12189752.165800001472235,-15681.350699998438358],[12189725.359900001436472,-15664.398400001227856],[12189718.473000001162291,-15659.100699998438358],[12189715.294300001114607,-15656.981800001114607],[12189711.5861,-15654.650800000876188],[12189707.136100001633167,-15652.107900001108646],[12189704.063499998301268,-15650.306699998676777],[12189698.1301,-15647.869800001382828],[12189694.315900001674891,-15646.386500000953674],[12189673.8671,-15639.923300001770258],[12189657.524,-15634.758099999278784],[12189644.544799998402596,-15629.990200001746416],[12189619.116300001740456,-15612.243200000375509],[12189600.0449,-15596.350299999117851],[12189586.700199998915195,-15565.237500000745058],[12189582.4622,-15562.191300000995398],[12189574.1184,-15557.42339999973774],[12189548.557500001043081,-15543.7820999994874],[12189543.825,-15541.211599998176098],[12189251.5128,-15941.758099999278784],[12189068.637200001627207,-16204.025100000202656],[12188936.7623,-16393.150299999862909],[12188810.8453,-16569.717000000178814],[12188633.357900001108646,-16818.597500000149012],[12188365.819200001657009,-17190.469300001859665],[12188157.3209,-17033.041299998760223],[12187988.873399998992682,-16885.356600001454353],[12187939.2452,-16947.764600001275539],[12187876.011599998921156,-17026.258799999952316],[12187870.602899998426437,-17025.487399999052286],[12187868.7991,-17022.961899999529123],[12187866.0814,-17019.338500000536442],[12187863.2128,-17016.318799998611212],[12187860.796999998390675,-17014.054000001400709],[12187857.0225,-17011.789200000464916],[12187852.795000001788139,-17009.524599999189377],[12187849.3224,-17008.014800000935793],[12187844.0381,-17006.052000001072884],[12187837.394900001585484,-17004.240100000053644],[12187830.7516999989748,-17002.428300000727177],[12187801.612100001424551,-16995.785199999809265],[12187797.916700001806021,-16995.309000000357628],[12187793.9036,-16994.791700001806021],[12187767.6413,-16991.406700000166893],[12187717.36430000141263,-16984.612399999052286],[12187659.9912,-16979.328200001269579],[12187610.7711,-16977.365200001746416],[12187547.0568,-16974.043600000441074],[12187522.1448,-16973.288699999451637],[12187516.5585,-16972.835799999535084],[12187512.482,-16972.533900000154972],[12187507.6505,-16972.835900001227856],[12187504.631099998950958,-16973.288699999451637],[12187504.80689999833703,-16967.138300001621246],[12187508.14469999819994,-16850.370400000363588],[12187492.2738,-16849.027499999850988],[12187653.100900001823902,-16655.054200001060963],[12187616.121100001037121,-16617.225900001823902],[12187612.132399998605251,-16613.145599998533726],[12187611.6114,-16613.750900000333786],[12187409.1595,-16854.350299999117851],[12187361.8121,-16834.815200001001358],[12187228.378400001674891,-16832.828400000929832],[12187209.1431,-16882.120000001043081],[12187179.3185,-16865.561299998313189],[12187079.7236,-16768.61540000140667],[12187219.050900001078844,-16570.219099998474121],[12187248.7172,-16552.736800000071526],[12187373.678599998354912,-16369.22069999948144],[12187375.6921,-16366.019299998879433],[12187380.054200001060963,-16359.08390000090003],[12187387.295400001108646,-16348.026299998164177],[12187384.8946,-16345.861000001430511],[12187384.886300001293421,-16345.85359999909997],[12187369.631900001317263,-16332.095300000160933],[12187019.0038,-15996.827899999916553],[12186713.058899998664856,-15699.191199999302626],[12186689.2441,-15555.33839999884367],[12186784.504099998623133,-15556.936999998986721],[12186860.7121,-15603.28940000012517],[12186973.4364,-15531.363000001758337],[12187038.530699998140335,-15524.969799999147654],[12187102.037500001490116,-15467.428700000047684],[12187170.307100001722574,-15285.214800000190735],[12187203.6483,-15238.862399999052286],[12187352.852699998766184,-15164.388700000941753],[12187392.5806,-15144.559000000357628],[12187499.483600001782179,-14968.205899998545647],[12187564.578000001609325,-14907.468199998140335],[12187723.344700001180172,-14921.853399999439716],[12187785.2637,-14901.074700001627207],[12187870.9976,-14809.967700000852346],[12187926.566100001335144,-14701.278900001198053],[12187970.937800001353025,-14613.724399998784065],[12187982.901500001549721,-14590.117499999701977],[12188005.9494,-14544.639199998229742],[12188072.443300001323223,-14601.420400001108646],[12188083.1074,-14610.526900000870228],[12188183.767900001257658,-14696.484000001102686],[12188225.047200001776218,-14643.737900000065565],[12188181.554699998348951,-14607.720499999821186],[12188126.612100001424551,-14562.220899999141693],[12188164.715999998152256,-14562.221000000834465],[12188218.9659,-14606.654100000858307],[12188258.388300001621246,-14638.942899998277426],[12188275.2293,-14647.369300000369549],[12188363.40989999845624,-14691.490899998694658],[12188523.5286,-14771.607200000435114],[12188642.6034,-14638.942999999970198],[12188643.16160000115633,-14639.16780000180006],[12188988.2791,-14778.145300000905991],[12188995.5594,-14767.694499999284744],[12189004.1415,-14754.026599999517202],[12189007.0022,-14749.258799999952316],[12189009.3862,-14745.603500001132488],[12189011.4523,-14743.219399999827147],[12189013.041499998420477,-14741.947999998927116],[12189015.2665,-14741.471200000494719],[12189017.9683,-14741.471200000494719],[12189020.988000001758337,-14741.948100000619888],[12189023.5308,-14743.219500001519918],[12189026.2326,-14745.285500001162291],[12189029.570099998265505,-14748.30519999936223],[12189033.066399998962879,-14751.96059999987483],[12189058.654,-14780.090799998492002],[12189087.454100001603365,-14818.082699999213219],[12189150.656599998474121,-14843.534099999815226],[12189272.149500001221895,-14954.271999999880791],[12189292.517900001257658,-14953.926300000399351],[12189301.997299998998642,-14962.989799998700619],[12189281.711800001561642,-14962.987900000065565],[12189522.5748,-15182.529199998825788],[12189726.929000001400709,-15368.793699998408556],[12189776.8525,-15414.297800000756979],[12189881.024300001561642,-15509.2483000010252],[12189885.2359,-15513.087000001221895],[12189886.1157,-15512.383200000971556],[12189888.2348,-15509.999099999666214],[12189907.1738,-15485.894999999552965],[12189927.5696,-15460.731300000101328],[12189939.5522,-15446.4662000015378],[12189935.1208,-15442.458500001579523],[12189834.915800001472235,-15351.836899999529123],[12189798.9538,-15319.314300000667572],[12189809.2738,-15305.974500000476837],[12189793.537999998778105,-15292.635899998247623],[12189790.677299998700619,-15290.093100000172853],[12189788.929200001060963,-15287.550200000405312],[12189788.2934,-15285.00730000063777],[12189788.452399998903275,-15281.987799998372793],[12189789.405900001525879,-15279.603700000792742],[12189791.472,-15277.060899998992682],[12189795.2863,-15274.041200000792742],[12189829.2969,-15245.434099998325109],[12189864.7379,-15215.396499998867512],[12189898.4307,-15189.17339999973774],[12189902.378400001674891,-15185.627099998295307],[12189917.2159,-15166.44819999858737],[12189921.1419,-15161.373399998992682],[12190013.2887,-15042.263999998569489],[12189962.872299998998642,-14997.456700000911951],[12189895.4001,-15035.683400001376867],[12189862.4848,-15074.978900000452995],[12189774.520599998533726,-15179.993099998682737],[12189763.143,-15193.575899999588728],[12189747.220800001174212,-15179.772900000214577],[12189741.1593,-15174.518100000917912],[12189683.7522,-15222.531100001186132],[12189613.370900001376867,-15161.901099998503923],[12189572.894299998879433,-15194.951299998909235],[12189307.3574,-14958.489700000733137],[12189302.9558,-14954.570099998265505],[12189257.9415,-14914.4847999997437],[12189243.728,-14901.8277000002563],[12189301.131900001317263,-14851.525600001215935],[12189438.9886,-14736.796500001102686],[12189539.282000001519918,-14653.328499998897314],[12189544.0451,-14600.582299999892712],[12189583.7366,-14567.016699999570847],[12189586.667599998414516,-14564.538100000470877],[12189553.1391,-14537.023899998515844],[12189550.6435999982059,-14535.025699999183416],[12189547.3061,-14533.118400000035763],[12189528.363000001758337,-14519.080299999564886],[12189508.925500001758337,-14502.452899999916553],[12189482.8666,-14480.161499999463558],[12189450.995700001716614,-14450.793400000780821],[12189338.6334,-14347.489799998700619],[12189317.186,-14325.661200001835823],[12189302.874499998986721,-14311.095100000500679],[12189299.854899998754263,-14306.962900001555681],[12189298.742400001734495,-14303.307599999010563],[12189298.1067,-14299.970199998468161],[12189298.106600001454353,-14297.109499998390675],[12189298.7423,-14294.248599998652935],[12189300.3317,-14291.388099998235703],[12189301.920899998396635,-14289.004000000655651],[12189319.244199998676777,-14264.370200000703335],[12189345.467300001531839,-14229.246800001710653],[12189359.344999998807907,-14210.813499998301268],[12189397.754700001329184,-14159.795099999755621],[12189413.5187,-14134.030299998819828],[12189427.3154,-14111.480799999088049],[12189461.961599998176098,-14061.259300000965595],[12189470.8616,-14047.909299999475479],[12189476.583099998533726,-14039.486099999397993],[12189479.443799998611212,-14035.671900000423193],[12189483.7348,-14029.155799999833107],[12189485.6419,-14025.500399999320507],[12189487.3902,-14023.434399999678135],[12189488.8206,-14022.480799999088049],[12189490.2509,-14022.162999998778105],[12189492.9527,-14022.798599999397993],[12189495.177700001746416,-14024.228900000452995],[12189497.5616,-14026.612900000065565],[12189542.2205,-14066.027100000530481],[12189582.7471,-14101.468299999833107],[12189634.875599998980761,-14145.650499999523163],[12189671.747000001370907,-14174.416499998420477],[12189726.2593,-14216.214800000190735],[12189733.006700001657009,-14220.853999998420477],[12189769.493500001728535,-14153.039799999445677],[12189867.9289,-14232.958000000566244],[12190006.055799998342991,-14280.909200001507998],[12189994.942200001329184,-14359.229100000113249],[12190077.5007,-14416.770199999213219],[12190150.5335,-14352.835299998521805],[12190177.5236,-14274.515399999916553],[12190268.020799998193979,-14308.081199999898672],[12190248.900199998170137,-14357.006999999284744],[12190229.916700001806021,-14405.581599999219179],[12190253.3484,-14418.359299998730421],[12190278.2773,-14367.768699999898672],[12190286.3754,-14370.772900000214577],[12190289.1452,-14371.916900001466274],[12190291.015,-14367.098000001162291],[12190307.71229999884963,-14324.064899999648333],[12190353.754700001329184,-14341.646800000220537],[12190315.650600001215935,-14445.540600001811981],[12190399.796999998390675,-14491.893399998545647],[12190329.9397,-14669.311799999326468],[12190385.5081,-14717.262899998575449],[12190371.219,-14875.501200001686811],[12190490.294300001114607,-15118.452599998563528],[12190623.658100001513958,-15073.698499999940395],[12190734.7947,-15112.059300001710653],[12190742.725699998438358,-15118.071699999272823],[12190757.506,-15088.352000001817942],[12190762.989100001752377,-15077.06810000166297],[12190757.5348,-15025.83390000090003],[12190796.1946,-14879.244100000709295],[12190844.709199998527765,-14686.461399998515844],[12191035.442499998956919,-14576.638700000941753],[12191046.530699998140335,-14582.957800000905991],[12191084.7104,-14604.715999998152256],[12191141.789900001138449,-14705.575899999588728],[12191222.977899998426437,-14658.222199998795986],[12191239.976799998432398,-14685.52760000154376],[12191290.2573,-14766.293200001120567],[12191149.870900001376867,-14854.763399999588728],[12191164.1743,-14893.965900000184774],[12191259.5312,-14834.632800001651049],[12191282.840799998492002,-14867.478000000119209],[12191188.7923,-14923.137800000607967],[12191211.852699998766184,-14964.424699999392033],[12191286.019299998879433,-14922.57319999858737],[12191316.7454,-14943.763999998569489],[12191383.495299998670816,-14907.739999998360872],[12191439.3339,-14982.209199998527765],[12191439.3383,-14982.207699999213219],[12191435.7337,-15003.532400000840425],[12191435.528299998492002,-15004.747600000351667],[12191426.2309,-15013.806600000709295],[12191409.2256,-15026.679900001734495],[12191390.8695,-15037.566300000995398],[12191353.7597,-15061.962000001221895],[12191307.590999998152256,-15091.443300001323223],[12191261.660799998790026,-15120.765500001609325],[12191246.4037000015378,-15131.493299998342991],[12191237.66270000115037,-15136.181699998676777],[12191234.643,-15137.612100001424551],[12191227.014400001615286,-15141.823600001633167],[12191223.8358,-15143.094999998807907],[12191221.451900001615286,-15143.730700001120567],[12191219.227000001817942,-15144.127999998629093],[12191217.7172,-15144.287000000476837],[12191216.0484,-15144.127999998629093],[12191214.3796,-15143.571800000965595],[12191212.075199998915195,-15142.379900000989437],[12191210.5654,-15141.187899999320507],[12191208.8171,-15139.201299998909235],[12191207.307300001382828,-15137.373700000345707],[12191205.6386,-15134.989700000733137],[12191203.7315,-15132.367400001734495],[12191201.983199998736382,-15129.586100000888109],[12191200.3145,-15126.804800000041723],[12191199.202,-15125.136199999600649],[12191198.169,-15123.467199999839067],[12191197.135899998247623,-15121.957600001245737],[12191196.1824,-15120.924499999731779],[12191194.910999998450279,-15120.050400000065565],[12191193.559999998658895,-15119.414599999785423],[12191191.9707,-15118.938000001013279],[12191190.2225,-15118.937899999320507],[12191188.3154,-15119.335200000554323],[12191186.964499998837709,-15119.653099998831749],[12191180.845800001174212,-15122.752199999988079],[12191154.3048,-15139.201299998909235],[12191135.312800001353025,-15150.802999999374151],[12191119.0088,-15161.903099998831749],[12191108.245299998670816,-15169.230900000780821],[12191122.6125,-15169.230500001460314],[12191180.224,-15287.170800000429153],[12191241.5194,-15257.705099999904633],[12191241.525199998170137,-15257.701499998569489],[12191253.1763,-15241.474899999797344],[12191340.0372,-15181.809999998658895],[12191309.999699998646975,-15145.574200000613928],[12191376.9085,-15103.458099998533726],[12191390.0843,-15112.646499998867512],[12191390.326499998569489,-15112.758200000971556],[12191391.9157,-15113.923599999397993],[12191393.1871,-15115.195099998265505],[12191394.6705,-15116.890299998223782],[12191412.894299998879433,-15143.590399999171495],[12191426.35020000115037,-15162.767700001597404],[12191441.6188,-15184.129200000315905],[12191453.7683,-15178.513000000268221],[12191469.9261,-15201.822599999606609],[12191566.342500001192093,-15147.257100000977516],[12191581.250599998980761,-15168.574200000613928],[12191594.68470000103116,-15187.783900000154972],[12191534.2036,-15232.790500000119209],[12191459.066,-15288.703499998897314],[12191474.7982,-15313.875300001353025],[12191474.9588,-15314.132199998944998],[12191732.4476,-15109.386100001633167],[12191751.374899998307228,-15134.024999998509884],[12191721.887699998915195,-15157.24890000000596],[12191729.826699998229742,-15176.361999999731779],[12191709.483800001442432,-15194.585799999535084],[12191731.3101,-15226.159699998795986],[12191668.162500001490116,-15280.407200001180172],[12191532.2282,-15382.907299999147654],[12191464.0722,-15437.05799999833107],[12191481.87220000103116,-15463.599199999123812],[12191542.5828,-15419.258000001311302],[12191577.388099998235703,-15451.361600000411272],[12191649.9993,-15396.4358000010252],[12191701.3521,-15354.574000000953674],[12191767.4662000015378,-15418.781199999153614],[12191685.932,-15481.006499998271465],[12191677.307500001043081,-15487.019999999552965],[12191612.922200001776218,-15531.91270000115037],[12191572.9998,-15559.748599998652935],[12191537.069200001657009,-15583.116999998688698],[12191526.8732,-15583.116900000721216],[12191519.8803,-15583.116999998688698],[12191519.880399998277426,-15600.077500000596046],[12191519.032699998468161,-15602.832299999892712],[12191518.397,-15604.739399999380112],[12191487.882800001651049,-15635.677600000053644],[12191417.7425,-15700.732400000095367],[12191412.021000001579523,-15702.003899998962879],[12191409.266199998557568,-15701.791900001466274],[12191405.2401,-15699.672800000756979],[12191399.942499998956919,-15696.282400000840425],[12191395.916299998760223,-15694.375300001353025],[12191391.4663,-15693.52760000154376],[12191339.549800001084805,-15690.348999999463558],[12191337.854600001126528,-15691.832299999892712],[12191323.0213,-15704.970400001853704],[12191238.8952,-15779.561000000685453],[12191238.047600001096725,-15780.62049999833107],[12191236.9881,-15782.527699999511242],[12191236.9793,-15800.335299998521805],[12191231.91160000115633,-15800.292300000786781],[12191230.6309,-15891.6587999984622],[12191254.1681,-15878.488200001418591],[12191254.1681,-15850.931000001728535],[12191254.0357,-15849.218800000846386],[12191293.50279999896884,-15832.531300000846386],[12191278.537099998444319,-15814.122000001370907],[12191328.318799998611212,-15775.746800001710653],[12191394.43299999833107,-15732.729899998754263],[12191418.8019,-15714.718100000172853],[12191419.2258,-15712.811000000685453],[12191420.7091,-15709.844300001859665],[12191421.7685999982059,-15707.72520000115037],[12191423.6758,-15706.665699999779463],[12191428.3534,-15706.076999999582767],[12191430.4195,-15706.394799999892712],[12191435.0284,-15708.778799999505281],[12191438.8427,-15710.368099998682737],[12191442.498,-15711.16270000115037],[12191445.1998,-15711.16270000115037],[12191446.947999998927116,-15709.732400000095367],[12191447.5838,-15708.143100000917912],[12191455.1111,-15678.328400000929832],[12191526.8732,-15613.639499999582767],[12191592.987300001084805,-15577.615499999374151],[12191594.8944,-15576.767900001257658],[12191625.408599998801947,-15585.032299999147654],[12191627.3158,-15584.608500000089407],[12191636.8515,-15569.774999998509884],[12191669.4848,-15559.603700000792742],[12191688.132399998605251,-15581.006099998950958],[12191757.848900001496077,-15526.970300000160933],[12191858.715300001204014,-15450.896499998867512],[12191879.0718,-15474.99720000103116],[12191883.391199998557568,-15480.111099999397993],[12191860.115600001066923,-15498.415500000119209],[12191802.792100001126528,-15543.495900001376867],[12191782.604200001806021,-15558.25109999999404],[12191793.5887,-15575.423500001430511],[12191785.731800001114607,-15580.646999999880791],[12191789.062600001692772,-15586.193399999290705],[12191792.4841,-15591.890999998897314],[12191775.2445,-15603.263900000602007],[12191743.029599998146296,-15624.515799999237061],[12191696.809300001710653,-15656.098099999129772],[12191701.895100001245737,-15668.653499998152256],[12191695.0612,-15671.514299999922514],[12191707.06700000166893,-15687.489399999380112],[12191729.835,-15717.78489999845624],[12191723.5625,-15722.696899998933077],[12191699.5643,-15741.450500000268221],[12191646.00560000166297,-15782.136300001293421],[12191621.9632,-15800.335299998521805],[12191605.8473,-15812.534600000828505],[12191560.343199998140335,-15846.979299999773502],[12191535.8942,-15866.067299999296665],[12191545.9463,-15878.991399999707937],[12191521.449099998921156,-15899.017799999564886],[12191528.726100001484156,-15907.808499999344349],[12191538.7518,-15919.91950000077486],[12191490.0048,-15955.644200000911951],[12191380.973499998450279,-16035.548599999397993],[12191382.2648,-16042.667399998754263],[12191383.2581,-16045.779599998146296],[12191384.5163,-16048.362300001084805],[12191386.3043,-16051.209699999541044],[12191388.953000001609325,-16054.454500000923872],[12191391.866700001060963,-16057.368299998342991],[12191394.9128,-16060.74549999833107],[12191397.7603,-16064.122699998319149],[12191400.0601,-16066.760099999606609],[12191404.978300001472235,-16072.400100000202656],[12191407.0973,-16074.784200001507998],[12191408.951499998569489,-16076.837000001221895],[12191410.474599998444319,-16078.028999999165535],[12191412.395,-16079.353199999779463],[12191414.778900001198053,-16079.949299998581409],[12191416.8979,-16079.949400000274181],[12191418.752099998295307,-16079.221000000834465],[12191420.54,-16077.830299999564886],[12191422.195500001311302,-16076.042300000786781],[12191422.649999998509884,-16075.575399998575449],[12191424.5794,-16073.592199999839067],[12191440.406,-16059.354800000786781],[12191465.7683,-16038.95890000090003],[12191487.753400001674891,-16022.602600000798702],[12191492.9848,-16018.23200000077486],[12191495.964699998497963,-16015.318300001323223],[12191498.745900001376867,-16012.272199999541044],[12191500.9974,-16009.6233000010252],[12191502.653,-16007.504399999976158],[12191504.0436,-16005.650199998170137],[12191505.632800001651049,-16003.928300000727177],[12191507.487,-16002.868900001049042],[12191509.4074,-16002.140399999916553],[12191511.5927,-16001.544399999082088],[12191530.3992,-16002.074200000613928],[12191552.649099998176098,-16001.875599998980761],[12191649.4304,-15931.867300000041723],[12191739.954,-15855.747900001704693],[12191724.1098,-15827.213300000876188],[12191761.38740000128746,-15796.122000001370907],[12191786.1802,-15779.752500001341105],[12191832.2694,-15743.039799999445677],[12191847.8444,-15730.802299998700619],[12191855.473000001162291,-15722.379000000655651],[12191871.3657,-15708.393399998545647],[12191893.456799998879433,-15689.639800000935793],[12191905.2174,-15681.216699998825788],[12191906.972,-15680.228300001472235],[12191883.193799998611212,-15640.824299998581409],[12191942.4808,-15601.225600000470877],[12191983.9542,-15564.432599999010563],[12191988.1243,-15569.86879999935627],[12192003.8812,-15589.646600000560284],[12191977.658,-15611.764199998229742],[12191998.5836,-15646.198800001293421],[12192018.5821,-15635.338599998503923],[12192042.421300001442432,-15666.594500001519918],[12191981.8297,-15716.579199999570847],[12191963.2443,-15732.41330000013113],[12191912.7051,-15776.43640000000596],[12191848.180300001055002,-15832.53830000013113],[12191802.0911,-15873.22410000115633],[12191781.5713,-15891.161400001496077],[12191782.8427,-15894.022199999541044],[12191785.067699998617172,-15896.405999999493361],[12191787.9285,-15898.63120000064373],[12191791.4249,-15901.332699999213219],[12191794.921300001442432,-15904.193599998950958],[12191797.782000001519918,-15906.895399998873472],[12191799.5302,-15908.961500000208616],[12191801.2784,-15911.345400001853704],[12191802.3909,-15913.729299999773502],[12191844.7014,-15944.719799999147654],[12191917.0137,-15880.83049999922514],[12191979.7152,-15951.258600000292063],[12191977.4901,-15952.212200000882149],[12191972.404399998486042,-15954.437199998646975],[12191965.729400001466274,-15958.410199999809265],[12191958.100900001823902,-15964.290600001811981],[12191913.4421,-16002.115800000727177],[12191911.757199998944998,-16003.579599998891354],[12191967.850900001823902,-16058.012800000607967],[12191945.969,-16078.414599999785423],[12191905.0607,-16113.266800001263618],[12191897.289700001478195,-16104.490299999713898],[12191889.8171,-16095.837900001555681],[12191798.894499998539686,-16152.44029999896884],[12191795.795400001108646,-16155.142099998891354],[12191792.6963,-16157.843800000846386],[12191765.6785,-16177.868900001049042],[12191733.734000001102686,-16204.727899998426437],[12191713.3911,-16218.55460000038147],[12191699.273899998515844,-16233.258099999278784],[12191668.945,-16258.024500001221895],[12191619.677299998700619,-16298.816300000995398],[12191612.922899998724461,-16304.776200000196695],[12191610.141600001603365,-16307.557300001382828],[12191607.890099998563528,-16310.206199999898672],[12191605.9036,-16313.252199999988079],[12191604.4467,-16316.033599998801947],[12191570.0612,-16282.793299999088049],[12191536.3154,-16296.18299999833107],[12191532.660100001841784,-16334.484900001436472],[12191511.3332,-16344.119800001382828],[12191505.6118,-16346.185899998992682],[12191501.956500001251698,-16347.934099998325109],[12191498.46,-16350.159000001847744],[12191494.4868,-16353.019900001585484],[12191491.149300001561642,-16356.198399998247623],[12191488.447500001639128,-16359.535799998790026],[12191485.11,-16363.191300000995398],[12191480.9778,-16366.369800001382828],[12191479.634399998933077,-16367.239100001752377],[12191476.675,-16426.907200001180172],[12191458.2238,-16478.584199998527765],[12191454.722199998795986,-16489.485599998384714],[12191449.5321,-16505.643300000578165],[12191448.0753,-16510.411100000143051],[12191446.8834,-16515.179000001400709],[12191446.088799998164177,-16519.682000000029802],[12191445.294100001454353,-16523.920099999755621],[12191445.1617,-16527.760800000280142],[12191445.294100001454353,-16531.601599998772144],[12191445.956300001591444,-16535.045099999755621],[12191446.618500001728535,-16537.693999998271465],[12191447.0953,-16538.647399999201298],[12191448.4727,-16541.402399998158216],[12191464.497900001704693,-16562.327799998223782],[12191466.7218,-16565.506400000303984],[12191488.8669,-16597.159800000488758],[12191492.233600001782179,-16602.536499999463558],[12191506.613899998366833,-16625.502099998295307],[12191507.6734,-16628.150800000876188],[12191508.589699998497963,-16630.506900001317263],[12191506.1435999982059,-16630.813999999314547],[12191495.516399998217821,-16632.148400001227856],[12191487.09739999845624,-16632.521299999207258],[12191490.7978,-16689.691899999976158],[12191499.671300001442432,-16689.427099999040365],[12191500.598299998790026,-16726.642900001257658],[12191545.363200001418591,-16725.980700001120567],[12191544.3063,-16771.144299998879433],[12191481.1125,-16794.245799999684095],[12191436.7449,-16811.463100001215935],[12191413.1706,-16821.396099999547005],[12191399.132,-16829.0777000002563],[12191395.2912,-16830.666999999433756],[12191391.4505,-16831.726500000804663],[12191388.007,-16832.521099999547005],[12191382.9742,-16832.6537000015378],[12191378.0739,-16832.653599999845028],[12191368.9606,-16832.329100001603365],[12191366.23759999871254,-16844.846000000834465]]],[[[12186849.0647,-15534.748399998992682],[12186810.6961,-15504.113000001758337],[12186771.00450000166893,-15497.453000001609325],[12186706.1749,-15493.45719999819994],[12186665.1602,-15474.809500001370907],[12186634.729899998754263,-15436.182199999690056],[12186587.0999,-15369.583599999547005],[12186516.6464,-15293.361900001764297],[12186498.455400001257658,-15273.681600000709295],[12186351.5964,-15177.779599998146296],[12186200.7683,-15073.885499998927116],[12186159.7711,-15055.809500001370907],[12186142.652199998497963,-15048.261700000613928],[12186019.5097,-14993.967000000178814],[12186179.599399998784065,-14938.024399999529123],[12186180.922400001436472,-15028.598499998450279],[12186385.9958,-15107.184999998658895],[12186579.162300001829863,-14683.618099998682737],[12186751.1593,-14812.819699998944998],[12186976.763099998235703,-15043.837999999523163],[12186982.6937,-15049.910900000482798],[12187109.70719999819994,-14979.316599998623133],[12187125.5839,-14999.295800000429153],[12187160.3688,-14978.284299999475479],[12187191.7364999987185,-14959.336800001561642],[12187310.8116,-15084.542399998754263],[12187378.2874,-15041.919300001114607],[12187346.534000001847744,-15099.193999998271465],[12187299.1481,-15130.659200001507998],[12187284.3504,-15140.485100001096725],[12187167.921500001102686,-15192.432000000029802],[12187093.830200001597404,-15294.99379999935627],[12187023.708099998533726,-15464.154199998825788],[12186954.9093,-15472.146000001579523],[12186849.0647,-15534.748399998992682]]],[[[12185327.000999998301268,-13316.872299998998642],[12185367.562399998307228,-13316.874600000679493],[12185363.1133,-13339.263399999588728],[12185362.7174,-13341.255300000309944],[12185319.545000001788139,-13331.594200000166893],[12185265.927700001746416,-13437.460900001227856],[12185247.9822,-13470.670499999076128],[12185246.105700001120567,-13474.143199998885393],[12185210.6208,-13539.810899998992682],[12185156.267299998551607,-13505.323399998247623],[12185149.306000001728535,-13499.978199999779463],[12185264.803100001066923,-13297.828200001269579],[12185272.9206,-13283.936000000685453],[12185328.227699998766184,-13314.450300000607967],[12185327.000999998301268,-13316.872299998998642]]],[[[12187244.0462,-14487.630399998277426],[12187167.8383,-14528.12220000103116],[12187100.0979,-14464.187300000339746],[12186949.798700001090765,-14724.188099998980761],[12186704.2397,-14581.400600001215935],[12186714.8242,-14515.334800001233816],[12186281.328699998557568,-14356.599800001829863],[12186266.679200001060963,-14351.235399998724461],[12186309.017299998551607,-14155.169199999421835],[12185776.419799998402596,-13914.618999999016523],[12185690.8864,-13875.987500000745058],[12185659.4516,-14086.963199999183416],[12185659.1329,-14089.102699998766184],[12185658.5368,-14088.206399999558926],[12185337.3666,-13605.330200001597404],[12185288.4074,-13532.016600001603365],[12185305.333999998867512,-13481.927000001072884],[12185327.625100001692772,-13422.150499999523163],[12185335.5715,-13422.68019999936223],[12185341.266399998217821,-13383.345300000160933],[12185410.632,-13266.818999998271465],[12185412.3761,-13262.764499999582767],[12185441.777800001204014,-13192.995000001043081],[12185461.8028,-13152.627099998295307],[12185477.2187,-13118.775199998170137],[12185497.720600001513958,-13071.255499999970198],[12185500.5731,-13065.383699998259544],[12185524.8972,-13015.312800001353025],[12185552.391800001263618,-12945.384199999272823],[12185585.7667,-12874.025299999862909],[12185595.9692,-12852.289700001478195],[12185604.0436,-12835.087699998170137],[12185605.7918,-12830.637699998915195],[12185606.586399998515844,-12826.982400000095367],[12185606.5863,-12824.598400000482798],[12185606.1096,-12821.102000001817942],[12185605.3149,-12817.764600001275539],[12185604.043499998748302,-12815.221700001507998],[12185602.2953,-12812.837799999862909],[12185600.070300001651049,-12810.612799998372793],[12185596.5739,-12808.387699998915195],[12185592.1239,-12806.480700001120567],[12185586.879299998283386,-12804.414599999785423],[12185582.4293,-12803.302099999040365],[12185576.5489,-12802.348499998450279],[12185561.7685999982059,-12799.964600000530481],[12185544.922200001776218,-12797.739599999040365],[12185538.72410000115633,-12796.627099998295307],[12185533.479400001466274,-12795.196600001305342],[12185528.2348,-12793.766399998217821],[12185522.195500001311302,-12792.335999999195337],[12185516.1562,-12789.951999999582767],[12185509.7991,-12787.250399999320507],[12185503.759799998253584,-12784.548500001430511],[12185498.9919,-12782.005699999630451],[12185497.660300001502037,-12781.186200000345707],[12185488.456,-12774.01240000128746],[12185486.866700001060963,-12772.74100000038743],[12185480.8275,-12765.536299999803305],[12185473.7287,-12756.636300001293421],[12185472.351300001144409,-12754.622999999672174],[12185471.5037,-12752.610100001096725],[12185470.974,-12750.808800000697374],[12185470.5502,-12748.795800000429153],[12185470.444200001657009,-12747.100600000470877],[12185470.444200001657009,-12745.193300001323223],[12185471.2918,-12735.551600001752377],[12185474.9938,-12718.911100000143051],[12185476.4241,-12716.050400000065565],[12185478.072700001299381,-12713.30180000141263],[12185479.5561,-12711.712400000542402],[12185482.4168,-12709.381400000303984],[12185489.9681,-12703.649099998176098],[12185505.825800001621246,-12693.164599999785423],[12185541.4866,-12669.990699999034405],[12185556.2060999982059,-12660.425200000405312],[12185575.1538,-12650.256099998950958],[12185590.8525,-12641.830699998885393],[12185632.3327,-12615.13060000166297],[12185636.147,-12612.111099999397993],[12185637.8191,-12610.438999999314547],[12185637.6036,-12610.27250000089407],[12185634.704,-12608.030600000172853],[12185641.1965,-12599.774399999529123],[12185648.8649,-12467.823699999600649],[12185664.687199998646975,-12444.190900001674891],[12185665.658,-12442.741099998354912],[12185669.204,-12437.444600000977516],[12185718.341899998486042,-12364.050299998372793],[12185784.5621,-12366.699299998581409],[12185855.754999998956919,-12274.335700001567602],[12186077.2042,-12406.874000001698732],[12186149.4074,-12450.087999999523163],[12186213.408,-12449.794199999421835],[12186222.413800001144409,-12390.990600001066923],[12186004.0073,-12262.319699998944998],[12185876.7133,-12187.326299998909235],[12185922.9666,-12141.73759999871254],[12185912.9012,-12128.096200000494719],[12185703.744800001382828,-12190.910900000482798],[12185693.5948,-12193.959199998527765],[12185549.590300001204014,-12122.581799998879433],[12185427.874899998307228,-12062.252199999988079],[12185746.329799998551607,-11974.340199999511242],[12185750.620700001716614,-11973.155699998140335],[12185753.147999998182058,-11972.458000000566244],[12186191.9778,-11861.726799998432398],[12186228.9287,-11872.056800000369549],[12186244.026500001549721,-11899.869300000369549],[12186361.2361,-11986.882599998265505],[12186541.22239999845624,-11794.18189999833703],[12186711.673099998384714,-11589.958799999207258],[12186766.1212,-11610.1722999997437],[12186771.055300001055002,-11612.004099998623133],[12187015.623399998992682,-11702.798099998384714],[12186894.279800001531839,-11853.1081000007689],[12186892.454,-11855.369699999690056],[12186890.732900001108646,-11888.469099998474121],[12186971.520799998193979,-11917.749000001698732],[12186943.708099998533726,-11963.043499998748302],[12186818.2617,-11919.724800001829863],[12186807.1369,-11953.947599999606609],[12186909.9358000010252,-11993.239799998700619],[12186895.235100001096725,-12029.793600000441074],[12186866.78770000115037,-12012.751299999654293],[12186792.828699998557568,-12060.091299999505281],[12186770.6617,-12108.569099999964237],[12186771.620299998670816,-12178.013199999928474],[12186817.730999998748302,-12193.860599998384714],[12186818.2394,-12229.474300000816584],[12186818.240200001746416,-12229.533100001513958],[12186798.423099998384714,-12224.67119999974966],[12186786.064800001680851,-12260.059599999338388],[12186769.0849,-12272.52479999884963],[12186768.4965,-12296.654399998486042],[12186663.815699998289347,-12261.901700001209974],[12186653.122000001370907,-12262.312600001692772],[12186654.491700001060963,-12292.416200000792742],[12186714.460900001227856,-12326.532800000160933],[12186711.2821,-12354.292500000447035],[12186654.678399998694658,-12396.014600001275539],[12186654.94310000166297,-12434.819400001317263],[12186725.6917,-12469.14469999819994],[12186721.2955,-12506.734600000083447],[12186733.3202,-12520.849700000137091],[12186716.579799998551607,-12558.992300000041723],[12186494.0907,-12465.113899998366833],[12186459.428800001740456,-12541.297499999403954],[12186456.573399998247623,-12599.254399999976158],[12186294.011,-12555.601199999451637],[12186266.875,-12654.362700000405312],[12186263.1525,-12667.910599999129772],[12186573.7247,-12777.438799999654293],[12186611.740200001746416,-12739.407200001180172],[12186669.1923,-12854.360100001096725],[12186769.3897,-13054.839999999850988],[12186769.3897,-13058.439800001680851],[12186769.5026,-13065.159400001168251],[12186770.028,-13067.464000001549721],[12186781.6646,-13088.566399998962879],[12186787.299800001084805,-13101.03319999948144],[12186793.6497,-13109.18470000103116],[12186796.348299998790026,-13113.81980000063777],[12186798.6963,-13119.816899999976158],[12186799.4238,-13121.981199998408556],[12186800.647599998861551,-13122.846999999135733],[12186802.1689000017941,-13123.013599999248981],[12186803.6573,-13122.747400000691414],[12186804.748799998313189,-13122.114799998700619],[12186805.708,-13121.049300000071526],[12186808.5528,-13113.75730000063777],[12186815.598499998450279,-13100.172400001436472],[12186824.0667,-13078.962400000542402],[12186836.244199998676777,-13057.775199998170137],[12186842.593400001525879,-13057.604800000786781],[12186843.3776,-13057.583700001239777],[12186843.428,-13056.316500000655651],[12186843.356199998408556,-13053.37049999833107],[12186789.6069,-12908.599500000476837],[12186754.3561,-12813.653200000524521],[12186782.9633,-12775.775400001555681],[12186872.4927,-12711.9391999989748],[12186920.840300001204014,-12823.754799999296665],[12186983.7757,-12803.199799999594688],[12187021.0709,-12816.973600000143051],[12187046.784000001847744,-12796.17119999974966],[12187005.462900001555681,-12692.337799999862909],[12187045.195099998265505,-12675.385400000959635],[12187133.6672,-12864.386799998581409],[12187237.4769,-13049.541499998420477],[12187267.7432,-13048.819899998605251],[12187176.934,-12863.571199998259544],[12187121.873599998652935,-12745.798700001090765],[12187068.7691,-12632.209800001233816],[12187114.0638,-12609.165300000458956],[12187158.482700001448393,-12709.089899998158216],[12187265.840300001204014,-12642.010499998927116],[12187270.161200001835823,-12650.171900000423193],[12187291.535999998450279,-12690.545899998396635],[12187381.4976,-12860.470499999821186],[12187383.239999998360872,-12863.761700000613928],[12187447.0235,-12999.168499998748302],[12187433.5095,-13049.397300001233816],[12187365.3074,-13054.708200000226498],[12187348.3037,-13056.032299999147654],[12187348.748,-13110.05519999936223],[12187654.8768,-13175.79839999973774],[12187650.627500001341105,-13269.731100000441074],[12187650.059099998325109,-13282.2956000007689],[12187649.0287000015378,-13305.071299999952316],[12187637.711199998855591,-13303.88120000064373],[12187542.513300001621246,-13293.868700001388788],[12187495.470400001853704,-13288.941899999976158],[12187409.808200001716614,-13281.790100000798702],[12187346.713599998503923,-13276.386500000953674],[12187305.551199998706579,-13273.207899998873472],[12187290.0773,-13271.598600000143051],[12187265.819200001657009,-13269.075800001621246],[12187252.6281,-13268.598999999463558],[12187219.412099998444319,-13269.075800001621246],[12187161.8801,-13268.281199999153614],[12187123.34010000154376,-13268.360599998384714],[12187123.464899998158216,-13273.139600001275539],[12187279.5713,-13289.691300000995398],[12187562.522999998182058,-13319.692400000989437],[12187568.5235,-13346.883799999952316],[12187570.589000001549721,-13356.243500001728535],[12187255.1058,-13332.001299999654293],[12187124.7405,-13321.983899999409914],[12187125.6221,-13355.742199998348951],[12187198.940900001674891,-13357.649399999529123],[12187237.344,-13362.717700000852346],[12187666.972800001502037,-13405.777100000530481],[12187645.570500001311302,-13477.401000000536442],[12187373.5046,-13437.371199999004602],[12187374.183600001037121,-13453.238299999386072],[12187375.8281,-13475.812899999320507],[12187447.663600001484156,-13484.289000000804663],[12187579.2852,-13507.241399999707937],[12187630.537,-13519.677099999040365],[12187622.4756,-13540.913499999791384],[12187620.6409,-13545.746500000357628],[12187617.782900001853704,-13553.275100000202656],[12187867.8158,-13583.159400001168251],[12188053.3328,-13605.332699999213219],[12188052.699,-13732.955600000917912],[12188051.771699998527765,-13919.650800000876188],[12188051.2159,-14031.563700001686811],[12187995.541499998420477,-14202.056099999696016],[12187855.310400001704693,-14159.782900001853704],[12187620.8525,-14089.104699999094009],[12187595.4498,-14289.433200001716614],[12187711.8785,-14372.548200000077486],[12187332.955400001257658,-14585.663600001484156],[12187244.0462,-14487.630399998277426]]],[[[12193060.1463,-12490.202599998563528],[12193070.469099998474121,-12497.797100000083447],[12192901.118500001728535,-12812.142599999904633],[12192877.6336,-12805.837799999862909],[12192871.625,-12804.224599998444319],[12192861.4271,-12801.486699998378754],[12192848.355099998414516,-12836.580600000917912],[12192829.6739,-12886.732900001108646],[12192803.006700001657009,-12871.3918999992311],[12192780.785799998790026,-12929.811200000345707],[12192757.7885,-12915.87779999896884],[12192754.9615,-12914.16499999910593],[12192643.4238,-12846.58669999986887],[12192613.9534,-12828.731300000101328],[12192594.6518,-12817.036899998784065],[12192572.510200001299381,-12803.621899999678135],[12192368.404399998486042,-12746.179099999368191],[12192368.413800001144409,-12745.118400000035763],[12192368.425299998372793,-12743.811799999326468],[12192370.938499998301268,-12458.206700000911951],[12192371.8926,-12349.758400000631809],[12192373.00959999859333,-12324.057799998670816],[12192383.814100001007318,-12075.445700000971556],[12192385.024099998176098,-12047.597100000828505],[12192443.166499998420477,-12063.277399998158216],[12192527.8537,-12061.668699998408556],[12192567.7084,-12060.911499999463558],[12192858.7802,-12148.821400001645088],[12192865.8796,-12157.06810000166297],[12192901.7462,-12198.731199998408556],[12192909.296300001442432,-12207.501600001007318],[12192935.887899998575449,-12238.390799999237061],[12192947.68299999833107,-12192.089699998497963],[12192956.9375,-12200.336100000888109],[12192981.1243,-12221.8885000012815],[12193056.614999998360872,-12330.820599999278784],[12193055.613899998366833,-12378.689399998635054],[12193065.3233,-12424.866900000721216],[12193089.0445,-12440.227000001817942],[12193081.9346,-12452.522799998521805],[12193060.1463,-12490.202599998563528]]],[[[12191467.456300001591444,-11161.032999999821186],[12191406.066399998962879,-10785.950399998575449],[12191408.1831,-10540.867899999022484],[12191575.417100001126528,-10525.949599999934435],[12192297.27479999884963,-10223.325699999928474],[12192983.1452,-9997.423000000417233],[12193137.6778,-10133.816599998623133],[12193222.353500001132488,-10430.046599999070168],[12193078.405699998140335,-10711.35869999974966],[12192904.821600001305342,-11146.114000000059605],[12192616.9247,-10805.129799999296665],[12191974.1237,-11003.335700001567602],[12191467.456300001591444,-11161.032999999821186]]],[[[12191944.5205,-9074.223700001835823],[12192542.6668,-8750.291600000113249],[12192733.1868,-9234.062600001692772],[12192845.381900001317263,-9607.013799998909235],[12192244.186900001019239,-9820.12950000166893],[12192008.251400001347065,-9908.664099998772144],[12191723.433400001376867,-10011.933299999684095],[12191416.485100001096725,-10141.933800000697374],[12191477.874699998646975,-9945.867899999022484],[12191276.770399998873472,-9445.047499999403954],[12191944.5205,-9074.223700001835823]]],[[[12194393.400199998170137,-29226.030999999493361],[12194350.3394,-29240.4695999994874],[12194350.951699998229742,-29242.041299998760223],[12194310.1853,-29258.082499999552965],[12194280.804200001060963,-29190.748700000345707],[12194238.211399998515844,-29096.185400001704693],[12194204.8365,-29014.495400000363588],[12194201.9492,-29007.268399998545647],[12194178.6133,-28948.857400000095367],[12194150.1651,-28873.524599999189377],[12194131.1862,-28817.921399999409914],[12194130.283300001174212,-28815.276399999856949],[12194101.753899998962879,-28745.344399999827147],[12194095.23030000180006,-28729.353399999439716],[12194071.0255,-28737.973499998450279],[12193934.410300001502037,-28786.625799998641014],[12193920.4331,-28793.047800000756979],[12193876.5422,-28748.013599999248981],[12193875.350699998438358,-28746.85700000077486],[12193868.1593,-28750.764800000935793],[12193693.502300001680851,-28845.671599999070168],[12193640.7705,-28874.325399998575449],[12193634.5801,-28877.6891999989748],[12193622.739799998700619,-28856.043200001120567],[12193581.368700001388788,-28780.410500001162291],[12193596.007399998605251,-28771.867899999022484],[12193751.4129,-28681.178899999707937],[12193757.195999998599291,-28679.251200001686811],[12193768.6926,-28672.636799998581409],[12193752.119800001382828,-28634.063299998641014],[12193834.881700001657009,-28597.91330000013113],[12194015.3787,-28519.072799999266863],[12194061.698600001633167,-28498.840500000864267],[12194079.8508,-28544.707400001585484],[12194191.1235,-28504.065200001001358],[12194191.9562,-28506.448300000280142],[12194213.6246,-28568.464099999517202],[12194220.7918,-28588.976700000464916],[12194224.070799998939037,-28597.598499998450279],[12194223.830899998545647,-28597.674400001764297],[12194227.951900001615286,-28609.469000000506639],[12194123.670400001108646,-28643.561599999666214],[12194160.601300001144409,-28752.669300001114607],[12194255.913199998438358,-28722.487900000065565],[12194440.1661,-29208.4662000015378],[12194440.799800001084805,-29210.137699998915195],[12194393.400199998170137,-29226.030999999493361]]],[[[12194761.592999998480082,-28605.018699999898672],[12194760.5335,-28605.0185999982059],[12194759.685899998992682,-28604.594799999147654],[12194758.626400001347065,-28603.74720000103116],[12194757.752999998629093,-28601.264199998229742],[12194567.9038,-28666.537300001829863],[12194322.6622,-28750.855000000447035],[12194232.0988,-28494.986099999397993],[12194189.5357,-28374.732799999415874],[12194185.038400001823902,-28362.026399999856949],[12194358.00279999896884,-28304.004900000989437],[12194402.3981,-28289.112399999052286],[12194399.6798,-28286.507599998265505],[12194198.2091,-28093.449999999254942],[12194206.012699998915195,-28084.02479999884963],[12194202.5894,-28080.795699998736382],[12194198.6431,-28077.310400001704693],[12194217.846500001847744,-28059.244899999350309],[12194227.673099998384714,-28049.944499999284744],[12194236.256,-28041.418699998408556],[12194295.456799998879433,-28093.070900000631809],[12194325.2559,-28065.125799998641014],[12194340.5202,-28078.689599998295307],[12194425.155299998819828,-28047.773800000548363],[12194388.429499998688698,-28015.698100000619888],[12194336.6932,-27971.454300001263618],[12194323.9315,-27960.364500001072884],[12194355.628899998962879,-27923.491599999368191],[12194450.0937,-28002.559900000691414],[12194466.5376,-28015.982700001448393],[12194480.5148,-28027.551899999380112],[12194619.074299998581409,-27976.938299998641014],[12194638.803599998354912,-27954.510600000619888],[12194585.085900001227856,-27909.2685999982059],[12194601.084600001573563,-27892.633900001645088],[12194666.225499998778105,-27959.714699998497963],[12194728.2355,-27937.063400000333786],[12194826.2571,-27901.257599998265505],[12194843.9927,-27894.778999999165535],[12194785.507800001651049,-27771.796799998730421],[12194882.6138,-27737.032400000840425],[12194954.9241,-27840.328099999576807],[12194965.390099998563528,-27851.206300001591444],[12195001.6332,-27829.837600000202656],[12195002.392299998551607,-27829.250799998641014],[12195002.657000001519918,-27828.957699999213219],[12195002.7496,-27828.784600000828505],[12195002.8422,-27828.558200001716614],[12195002.842300001531839,-27828.331799998879433],[12195002.829100001603365,-27828.038699999451637],[12195002.7894,-27827.825599998235703],[12195002.6968,-27827.506000000983477],[12195001.7267,-27825.61939999833703],[12194968.3253,-27768.036400001496077],[12194945.3156,-27722.2331000007689],[12194982.785799998790026,-27705.614500001072884],[12195023.2643,-27816.226500000804663],[12195046.6624,-27800.825100000947714],[12195050.506099998950958,-27798.295099999755621],[12195074.754999998956919,-27782.333599999547005],[12195087.2036,-27774.139600001275539],[12195101.073600001633167,-27765.009899999946356],[12195103.7229,-27740.231199998408556],[12195106.4102,-27715.098400000482798],[12195101.845400001853704,-27704.733800001442432],[12195093.937800001353025,-27686.778999999165535],[12195080.290199998766184,-27655.791299998760223],[12195066.5861,-27624.675299998372793],[12195114.105700001120567,-27597.657000001519918],[12195130.657699998468161,-27618.234400000423193],[12195149.813299998641014,-27642.048799999058247],[12195176.0187,-27674.627300001680851],[12195197.71,-27694.909400001168251],[12195205.5684,-27702.25730000063777],[12195222.491999998688698,-27718.081599999219179],[12195233.155699998140335,-27728.052499998360872],[12195250.3719,-27744.150199998170137],[12195274.03770000115037,-27766.278599999845028],[12195291.83729999884963,-27782.921900000423193],[12195322.8686,-27811.937300000339746],[12195351.849599998444319,-27839.035599999129772],[12195382.479600001126528,-27867.675799999386072],[12195412.5565,-27895.7989999987185],[12195442.156599998474121,-27923.478100001811981],[12195339.40260000154376,-27958.435899998992682],[12195334.6301,-27960.089400000870228],[12195311.7364999987185,-27968.021099999547005],[12195227.129099998623133,-27997.334199998527765],[12195204.843400001525879,-28005.055300001055002],[12195136.903499998152256,-28027.762499999254942],[12195624.4333,-28392.302600000053644],[12195657.006499998271465,-28416.658500000834465],[12195779.77,-28508.452500000596046],[12195852.355999998748302,-28562.727200001478195],[12195401.0658,-28735.746899999678135],[12195315.791700001806021,-28514.982099998742342],[12195279.7907,-28421.779699999839067],[12195085.179699998348951,-28488.690099999308586],[12194885.006900001317263,-28557.51240000128746],[12194887.0403,-28564.332499999552965],[12194887.040399998426437,-28566.45160000026226],[12194885.557100001722574,-28566.663600001484156],[12194839.0775,-28573.303599998354912],[12194837.1569,-28573.963899999856949],[12194782.1116,-28592.889299999922514],[12194761.592999998480082,-28605.018699999898672]]],[[[12195659.806400001049042,-28270.048599999397993],[12195658.6144,-28268.856699999421835],[12195644.794300001114607,-28233.102099999785423],[12195632.58839999884367,-28197.039099998772144],[12195617.9573,-28153.810899998992682],[12195597.242199998348951,-28092.607400000095367],[12195597.203899998217821,-28092.494100000709295],[12195612.268199998885393,-28087.244899999350309],[12195615.8132,-28086.00959999859333],[12195638.629,-28107.363699998706579],[12195677.4406,-28104.495099999010563],[12195667.7458,-28077.287099998444319],[12195685.714200001209974,-28052.250500001013279],[12195647.7584,-27946.396999999880791],[12195674.8358,-27941.93129999935627],[12195708.765,-27936.335499998182058],[12195727.441,-27980.963799998164177],[12195767.7548,-28077.298300001770258],[12195784.7432,-28196.106199998408556],[12195807.5759,-28277.198300000280142],[12195822.7317,-28331.025699999183416],[12195793.728300001472235,-28338.070199999958277],[12195755.6371,-28245.368400000035763],[12195741.540800001472235,-28250.586399998515844],[12195726.715999998152256,-28256.074099998921156],[12195721.070500001311302,-28258.163800001144409],[12195712.7441,-28261.245999999344349],[12195689.1875,-28269.965799998492002],[12195687.116999998688698,-28270.732299998402596],[12195676.5185999982059,-28274.655499998480082],[12195667.746399998664856,-28272.597899999469519],[12195661.395599998533726,-28271.108199998736382],[12195659.806400001049042,-28270.048599999397993]]],[[[12193057.361900001764297,-27922.168400000780821],[12193057.6798,-27924.923200000077486],[12193057.6798,-27927.465999998152256],[12193057.256,-27929.161299999803305],[12193056.0905,-27930.962499998509884],[12193054.077399998903275,-27932.657800000160933],[12193050.898899998515844,-27934.035199999809265],[12193046.5548,-27934.776799999177456],[12193039.773899998515844,-27935.730399999767542],[12193008.2075,-27938.573800001293421],[12192949.225900001823902,-27571.024099998176098],[12192994.705699998885393,-27579.480900000780821],[12192996.6514,-27586.614799998700619],[12192997.605,-27590.111099999397993],[12193002.5847,-27624.651900000870228],[12193010.107299998402596,-27663.324799999594688],[12193018.0537,-27713.546599999070168],[12193024.7287,-27759.742199998348951],[12193033.946600001305342,-27797.991300001740456],[12193052.488200001418591,-27897.58729999884963],[12193055.984499998390675,-27913.903999999165535],[12193056.938099998980761,-27918.883799999952316],[12193057.361900001764297,-27922.168400000780821]]],[[[12194658.6626,-27435.564800001680851],[12194802.5588,-27590.059900000691414],[12194802.9445,-27590.47410000115633],[12194769.5389,-27591.202199999243021],[12194722.0724,-27593.109499998390675],[12194714.1259,-27594.380800001323223],[12194683.3525,-27515.610399998724461],[12194661.991300001740456,-27468.36600000038743],[12194649.4795,-27439.059799998998642],[12194658.6626,-27435.564800001680851]]],[[[12194432.681400001049042,-27373.164599999785423],[12194116.085499998182058,-27485.236299999058247],[12193667.464899998158216,-27644.043000001460314],[12193657.284000001847744,-27647.646800000220537],[12193616.0760000012815,-27529.319400001317263],[12193622.536200001835823,-27527.342799998819828],[12194078.5731,-27387.809799998998642],[12194403.9767,-27288.246100001037121],[12194432.681400001049042,-27373.164599999785423]]],[[[12192849.906800001859665,-27020.255300000309944],[12192724.7507,-27070.848000001162291],[12192692.402199998497963,-26998.302999999374151],[12192790.015999998897314,-26940.867600001394749],[12192801.1846,-26934.296000000089407],[12192817.889400001615286,-26924.467099998146296],[12192844.377500001341105,-26965.192699998617172],[12192849.906800001859665,-27020.255300000309944]]],[[[12194198.8002,-26864.565499998629093],[12194204.969300001859665,-26873.147700000554323],[12194198.042399998754263,-26871.746500000357628],[12194196.211,-26889.09910000115633],[12194194.6266999989748,-26922.945599999278784],[12194194.2029,-26924.217000000178814],[12194191.872000001370907,-26925.064699999988079],[12194187.421999998390675,-26925.276500001549721],[12194147.160100001841784,-26911.502599999308586],[12194142.4983000010252,-26909.383600000292063],[12194140.3792,-26907.688400000333786],[12194139.1078,-26905.569299999624491],[12194138.8959,-26903.450199998915195],[12194142.710099998861551,-26841.573600001633167],[12194144.954300001263618,-26789.6570999994874],[12194198.8002,-26864.565499998629093]]],[[[12194097.786400001496077,-26799.828099999576807],[12194060.915,-26795.378100000321865],[12194059.008000001311302,-26796.649500001221895],[12194057.948399998247623,-26798.980500001460314],[12194055.0682,-26829.063400000333786],[12194054.1342,-26838.818799998611212],[12194052.227000001817942,-26840.937899999320507],[12194049.0484,-26842.633099999278784],[12194044.5984,-26843.05689999833703],[12194040.1485,-26843.057000000029802],[12194035.2747,-26842.209300000220537],[12194030.612799998372793,-26840.51410000026226],[12194028.281800001859665,-26839.242600001394749],[12194013.453200001269579,-26836.2162000015378],[12194016.309500001370907,-26816.155600000172853],[12194016.553399998694658,-26812.993299998342991],[12193980.5101,-26799.242499999701977],[12193972.38060000166297,-26796.084199998527765],[12193971.850900001823902,-26795.951799999922514],[12193971.0827,-26795.845899999141693],[12193961.817699998617172,-26811.978300001472235],[12193944.882599998265505,-26815.386100001633167],[12193919.404599998146296,-26797.805900000035763],[12193919.060199998319149,-26798.123799998313189],[12193918.6364,-26798.441599998623133],[12193918.2656,-26798.627000000327826],[12193917.6298,-26798.732999999076128],[12193916.7557,-26798.839000001549721],[12193915.5902,-26798.839000001549721],[12193906.610599998384714,-26798.214200001209974],[12193903.3389,-26798.147399999201298],[12193881.8559,-26797.708999998867512],[12193879.6281,-26797.669199999421835],[12193869.98930000141263,-26797.497099999338388],[12193866.175,-26797.920899998396635],[12193856.6345,-26801.083700001239777],[12193854.9346,-26869.928700000047684],[12193854.943999998271465,-26875.266699999570847],[12193853.6727,-26876.538100000470877],[12193807.238400001078844,-26891.960700001567602],[12193774.632399998605251,-26874.631000000983477],[12193772.9371,-26874.631000000983477],[12193760.646699998527765,-26882.25959999859333],[12193758.739500001072884,-26882.25959999859333],[12193757.680100001394749,-26881.412000000476837],[12193758.315699998289347,-26848.566500000655651],[12193759.3057,-26810.534499999135733],[12193760.858600001782179,-26750.87779999896884],[12193760.6466,-26743.884899999946356],[12193755.9848,-26692.179800000041723],[12193754.5015,-26687.941599998623133],[12193753.4419,-26686.034499999135733],[12193751.111000001430511,-26685.398699998855591],[12193746.0253,-26686.246300000697374],[12193739.879999998956919,-26686.882100000977516],[12193736.4896,-26687.093899998813868],[12193733.9468,-26686.670200001448393],[12193730.344300001859665,-26684.974899999797344],[12193722.715799998492002,-26679.253499999642372],[12193659.7707,-26623.637200001627207],[12193779.162999998778105,-26568.276000000536442],[12193802.0115,-26557.681400001049042],[12193818.301600001752377,-26552.11879999935627],[12193821.082899998873472,-26551.721500001847744],[12193834.732900001108646,-26557.254799999296665],[12193835.2097,-26556.142400000244379],[12193836.004299998283386,-26555.188799999654293],[12193867.7106,-26539.799100000411272],[12193888.538199998438358,-26528.906399998813868],[12193947.7111,-26497.959399998188019],[12193948.4063,-26497.620000001043081],[12193955.1345,-26525.586399998515844],[12193990.2185,-26574.394099999219179],[12193993.2766,-26578.648299999535084],[12194006.0306,-26596.391199998557568],[12194012.5596,-26605.47410000115633],[12194030.7067,-26630.719799999147654],[12194048.927700001746416,-26656.068199999630451],[12194065.2876,-26678.827500000596046],[12194126.117600001394749,-26763.452100001275539],[12194110.076900001615286,-26762.532600000500679],[12194108.8055,-26763.592099998146296],[12194108.169799998402596,-26765.075500000268221],[12194103.719700001180172,-26794.954199999570847],[12194103.083999998867512,-26797.708999998867512],[12194101.388799998909235,-26799.192400000989437],[12194097.786400001496077,-26799.828099999576807]]],[[[12209260.819200001657009,-24312.259300000965595],[12209209.0856,-24311.841400001198053],[12209170.675,-24311.531199999153614],[12209165.026299998164177,-24311.485599998384714],[12209137.74439999833703,-24311.2652000002563],[12209070.9379,-24310.725499998778105],[12209058.0378,-24310.621300000697374],[12209052.6288,-24310.577599998563528],[12209035.6268,-24310.44029999896884],[12208969.3798,-24309.905200000852346],[12208942.480500001460314,-24309.687899999320507],[12208899.5645,-24309.341299999505281],[12208891.608,-24309.276999998837709],[12208868.7177,-24309.092099998146296],[12208858.9886,-24309.0135000012815],[12208821.6815,-24308.712200000882149],[12208788.501600001007318,-24308.444099999964237],[12208782.3854,-24308.394799999892712],[12208778.70719999819994,-24308.364999998360872],[12208737.477699998766184,-24308.032000001519918],[12208733.404199998825788,-24307.999099999666214],[12208714.364,-24307.845300000160933],[12208705.8942,-24307.776900000870228],[12208694.475000001490116,-24307.684599999338388],[12208693.922899998724461,-24307.68019999936223],[12208680.7526,-24307.573800001293421],[12208673.4943,-24307.515099998563528],[12208671.908100001513958,-24307.502300001680851],[12208667.400199998170137,-24307.465900000184774],[12208667.395799998193979,-24307.465900000184774],[12208568.8308,-24306.669599998742342],[12208559.691399998962879,-24306.595800001174212],[12208559.7938,-24308.594700001180172],[12208531.1345,-24309.163499999791384],[12208521.3858,-24309.35700000077486],[12207780.0224,-24324.071600001305342],[12207755.791700001806021,-24324.552600000053644],[12207564.253400001674891,-24328.354200001806021],[12207439.004299998283386,-24330.84010000154376],[12207294.426600001752377,-24178.513300001621246],[12207157.9304,-24031.335999999195337],[12207130.3466,-24002.407600000500679],[12206973.5029,-23837.918299999088049],[12206965.3966,-23829.416799999773502],[12206950.154599998146296,-23813.43189999833703],[12206947.826499998569489,-23810.968600001186132],[12206741.5632,-23594.730500001460314],[12206615.016199998557568,-23462.064399998635054],[12206439.5383,-23277.353199999779463],[12206426.798099998384714,-23263.942600000649691],[12206402.6567,-23238.531100001186132],[12206120.070500001311302,-22940.803700000047684],[12205973.5832,-22787.330899998545647],[12205897.473000001162291,-22707.424600001424551],[12205887.4063,-22696.855799999088049],[12205754.940200001001358,-22557.782999999821186],[12205559.1468,-22350.584699999541044],[12205420.2787000015378,-22202.509100001305342],[12205406.147599998861551,-22187.440999999642372],[12205359.5760000012815,-22137.781700000166893],[12205229.4479,-21998.870900001376867],[12204955.0918,-21707.681099999696016],[12204870.845600001513958,-21618.330800000578165],[12204857.831,-21604.527699999511242],[12204761.7155,-21502.589200001209974],[12204742.066399998962879,-21481.749800000339746],[12204559.809799998998642,-21285.896299999207258],[12204464.640500001609325,-21183.627000000327826],[12204315.441100001335144,-21021.877599999308586],[12204298.871399998664856,-21003.914000000804663],[12204170.9786,-20865.263700000941753],[12203970.75450000166893,-20645.544399999082088],[12203957.813099998980761,-20631.342700000852346],[12203802.976300001144409,-20462.790100000798702],[12203785.6952,-20443.978199999779463],[12203779.9633,-20437.738600000739098],[12203732.7769,-20386.372299998998642],[12203581.482,-20222.609299998730421],[12203447.0165,-20077.0625],[12203438.0053,-20068.209800001233816],[12203393.809,-20024.79109999909997],[12203316.438900001347065,-19948.7820999994874],[12203284.765099998563528,-19917.94480000063777],[12203263.7856,-19897.519400000572205],[12203177.618700001388788,-19813.628400001674891],[12203112.4362,-19750.167500000447035],[12203177.616300001740456,-19643.93859999999404],[12203184.2555,-19633.118200000375509],[12203220.9227,-19583.307399999350309],[12203322.364999998360872,-19445.502900000661612],[12203330.1846,-19434.880499999970198],[12203367.8569,-19383.704300001263618],[12203463.3508,-19255.493400000035763],[12203517.2256,-19188.377000000327826],[12203519.0777,-19186.069699998944998],[12203519.0916,-19186.052400000393391],[12203556.472600001841784,-19139.483600001782179],[12203594.4302,-19092.196699999272823],[12203640.787999998778105,-19068.894600000232458],[12203714.829799998551607,-18975.773299999535084],[12203785.5135000012815,-18886.875300001353025],[12203792.8704,-18877.622600000351667],[12203820.6094,-18842.735599998384714],[12203876.23759999871254,-18771.718400001525879],[12203965.366700001060963,-18657.932300001382828],[12204199.901999998837709,-18358.583700001239777],[12204202.261599998921156,-18355.549400001764297],[12204208.9817,-18346.907499998807907],[12204215.648200001567602,-18338.334800001233816],[12204425.17509999871254,-18068.890900000929832],[12204628.2042,-17804.951299998909235],[12204665.635899998247623,-17756.455400001257658],[12204671.7102,-17748.585799999535084],[12204694.7012,-17718.798900000751019],[12204698.1776,-17714.294799998402596],[12204806.9155,-17573.415199998766184],[12204857.4157,-17507.652100000530481],[12204943.203899998217821,-17395.936000000685453],[12205022.398699998855591,-17292.281199999153614],[12205066.5912000015378,-17234.439599998295307],[12205083.153299998492002,-17212.783900000154972],[12205091.0629,-17202.441700000315905],[12205194.940499998629093,-17066.616399999707937],[12205266.1998,-16973.565200001001358],[12205338.5152,-16879.134899999946356],[12205350.7458,-16863.163899999111891],[12205364.0207,-16845.833000000566244],[12205374.8167,-16831.738499999046326],[12205407.13060000166297,-16789.551199998706579],[12205499.6474,-16668.766699999570847],[12205514.4903,-16649.388700000941753],[12205655.680300001055002,-16466.863200001418591],[12205684.908599998801947,-16429.084300000220537],[12205750.4232,-16344.403299998492002],[12205754.867800001055002,-16338.658399999141693],[12205824.791000001132488,-16248.278799999505281],[12205959.334600001573563,-16069.800200000405312],[12206056.7812,-15940.532299999147654],[12206059.0161,-15937.4037000015378],[12206131.605,-15835.789200000464916],[12206159.3013,-15797.018199998885393],[12206196.1791,-15745.394200000911951],[12206296.0152,-15607.365699999034405],[12206382.897300001233816,-15486.871300000697374],[12206431.553100001066923,-15419.391699999570847],[12206456.19310000166297,-15385.219000000506639],[12206587.624499998986721,-15205.686500001698732],[12206594.346,-15196.557799998670816],[12206624.975499998778105,-15154.958700001239777],[12206633.1477,-15143.859700001776218],[12206742.776999998837709,-14994.967300001531839],[12206861.287500001490116,-14832.899399999529123],[12206870.9787,-14819.646099999547005],[12206889.0673,-14794.909099999815226],[12206995.8319,-14649.200300000607967],[12207021.3913,-14614.317699998617172],[12207025.8798,-14608.19200000166893],[12207051.5865,-14573.108300000429153],[12207051.9494,-14572.614999998360872],[12207061.9386,-14577.29109999909997],[12207066.022999998182058,-14579.203000001609325],[12207066.058899998664856,-14579.219999998807907],[12207072.6151,-14570.495799999684095],[12207073.0242,-14569.951499998569489],[12207103.5084,-14530.111699998378754],[12207141.057799998670816,-14481.038800001144409],[12207227.398400001227856,-14368.200699999928474],[12207381.8059,-14166.406199999153614],[12207408.015500001609325,-14132.152899999171495],[12207561.8321,-13931.130199998617172],[12207680.926,-13775.486299999058247],[12207711.527199998497963,-13735.493500001728535],[12207778.3957,-13648.102699998766184],[12207869.928800001740456,-13528.477899998426437],[12207875.8603,-13520.726100001484156],[12208034.9556,-13312.803599998354912],[12208168.692200001329184,-13138.022399999201298],[12208194.059799998998642,-13104.869199998676777],[12208337.7443,-12917.086599998176098],[12208338.0376,-12916.703299999237061],[12208543.316399998962879,-12648.421900000423193],[12208560.3396,-12626.217599999159575],[12208681.24439999833703,-12468.515500001609325],[12208858.241099998354912,-12237.649500001221895],[12208980.814,-12077.771200001239777],[12209013.327799998223782,-12035.361699998378754],[12209021.283100001513958,-12024.984999999403954],[12209177.0863,-11821.76240000128746],[12209185.425,-11810.885600000619888],[12209373.2221,-11565.930300001055002],[12209408.2685999982059,-11520.217300001531839],[12209415.978,-11510.161499999463558],[12209469.377,-11440.510299999266863],[12209496.4665,-11405.175999999046326],[12209517.551399998366833,-11377.673799999058247],[12209517.4575,-11377.477699998766184],[12209464.926399998366833,-11267.779100000858307],[12209458.3206,-11253.984499998390675],[12209428.3248,-11191.34569999948144],[12209421.494199998676777,-11177.081300001591444],[12209378.062199998646975,-11086.383299998939037],[12209367.673300001770258,-11064.688099998980761],[12209329.22520000115037,-10984.398499999195337],[12209306.2397,-10936.398699998855591],[12209218.793699998408556,-10753.788600001484156],[12209128.9615,-10566.195900000631809],[12209108.770399998873472,-10524.031500000506639],[12209039.858800001442432,-10359.386399999260902],[12208954.937800001353025,-10156.491500001400709],[12208863.627700001001358,-9938.33219999819994],[12208787.0434,-9755.356100000441074],[12208774.7566,-9726.000599998980761],[12208688.8438,-9520.73759999871254],[12208687.938099998980761,-9518.573499999940395],[12208600.261,-9309.095400001853704],[12208569.5643,-9235.754599999636412],[12208339.806400001049042,-8825.115499999374151],[12208299.5247,-8703.442600000649691],[12208277.7091,-8589.494100000709295],[12208266.079,-8496.067299999296665],[12208280.7901,-8356.833799999207258],[12208301.685400001704693,-7277.355999998748302],[12208301.685400001704693,-7277.346099998801947],[12208301.924199998378754,-7225.505399998277426],[12208302.1076,-7185.689899999648333],[12208303.1045,-6969.212999999523163],[12208304.1012,-6752.736200001090765],[12208304.9419,-6570.122900001704693],[12208305.0977,-6536.259300000965595],[12208306.094099998474121,-6319.782400000840425],[12208307.090300001204014,-6103.305500000715256],[12208307.287300001829863,-6060.504700001329184],[12208308.200599998235703,-5861.988499999046326],[12208308.71510000154376,-5750.134199999272823],[12208309.003600001335144,-5687.418800000101328],[12208668.4662000015378,-5841.763099998235703],[12209151.2691,-6044.987399999052286],[12209159.3310999982059,-6048.257500000298023],[12210057.1157,-6412.418299999088049],[12210253.988400001078844,-6492.274300001561642],[12210255.80970000103116,-6493.013099998235703],[12210324.1179,-6520.720400001853704],[12210419.556699998676777,-6559.432500001043081],[12210726.299600001424551,-6683.854499999433756],[12211022.461,-6803.984499998390675],[12211133.1441,-6845.528799999505281],[12211268.2925,-6903.699700001627207],[12211268.3979,-6903.745000001043081],[12211560.5229,-7029.482500001788139],[12211570.7901,-7033.901799999177456],[12212153.4577,-7284.695900000631809],[12212238.2685,-7321.200599998235703],[12212708.09910000115633,-7534.81359999999404],[12212936.2071,-7638.525199998170137],[12213122.5942,-7723.26799999922514],[12213171.9776,-7745.72069999948144],[12213194.7155,-7756.548000000417233],[12213193.2058,-7758.798200000077486],[12213183.6217,-7773.083500001579523],[12213082.18189999833703,-7924.281500000506639],[12212876.825,-8271.668999999761581],[12212840.833500001579523,-8369.705299999564886],[12212812.0775,-8444.086100000888109],[12212804.296799998730421,-8470.779699999839067],[12212793.816799998283386,-8500.510299999266863],[12212783.336399998515844,-8545.585799999535084],[12212771.1091,-8606.006299998611212],[12212753.6422,-8663.869100000709295],[12212742.2091,-8710.383099999278784],[12212736.968899998813868,-8734.199599999934435],[12212733.4756,-8741.712200000882149],[12212731.8878,-8744.589299999177456],[12212729.823600001633167,-8747.945900000631809],[12212726.8068,-8751.302600000053644],[12212723.4725,-8754.179699998348951],[12212719.344300001859665,-8758.015799999237061],[12212711.723000001162291,-8764.409299999475479],[12212704.578000001609325,-8769.204300001263618],[12212689.9707,-8776.716499999165535],[12212676.1571,-8784.708299998193979],[12212664.4076,-8793.818999998271465],[12212646.148200001567602,-8809.4831000007689],[12212623.442899998277426,-8833.45890000090003],[12212617.250500001013279,-8840.012200001627207],[12212615.186299998313189,-8844.168099999427795],[12212612.645799998193979,-8849.282999999821186],[12212611.534200001507998,-8852.479899998754263],[12212610.581500001251698,-8857.275199998170137],[12212609.946199998259544,-8862.549899999052286],[12212609.7872,-8870.22239999845624],[12212608.1979,-8919.454100001603365],[12212599.462699998170137,-9004.330699998885393],[12212594.063000001013279,-9049.406300000846386],[12212593.745299998670816,-9054.041799999773502],[12212592.792599998414516,-9057.877999998629093],[12212590.410799998790026,-9063.152800001204014],[12212584.694699998944998,-9070.984900001436472],[12212571.515999998897314,-9085.370400000363588],[12212559.8259,-9099.352200001478195],[12212555.4793,-9104.551100000739098],[12212532.9327,-9128.526900000870228],[12212512.2918,-9142.432500001043081],[12212488.951699998229742,-9154.579900000244379],[12212451.8537,-9168.2364999987185],[12212431.167399998754263,-9174.958599999547005],[12212403.368500001728535,-9182.346000000834465],[12212392.1076,-9187.034200001507998],[12212390.2562,-9187.914200000464916],[12212373.5222,-9197.493999999016523],[12212368.4413,-9202.049400001764297],[12212364.154199998825788,-9207.643800001591444],[12212362.248799998313189,-9211.799600001424551],[12212360.819699998944998,-9216.594900000840425],[12212355.103,-9240.571100000292063],[12212354.263999998569489,-9244.256299998611212],[12212348.116,-9271.260800000280142],[12212342.9578,-9294.444200001657009],[12212340.732,-9304.447999998927116],[12212339.673,-9321.497999999672174],[12212340.7311,-9332.58049999922514],[12212341.5775,-9342.810499999672174],[12212346.445799998939037,-9367.106699999421835],[12212351.9487,-9403.764400001615286],[12212353.641800001263618,-9418.896200001239777],[12212353.6417,-9420.052200000733137],[12212353.641600001603365,-9424.4375],[12212352.7947,-9429.97859999909997],[12212351.312600001692772,-9435.946100000292063],[12212347.078200001269579,-9448.520300000905991],[12212334.5871,-9477.931000001728535],[12212311.0872,-9518.423900000751019],[12212305.1483,-9527.006000000983477],[12212297.961399998515844,-9537.391399998217821],[12212294.1507,-9541.866999998688698],[12212288.8581,-9546.555500000715256],[12212283.3539,-9550.604699999094009],[12212276.7911,-9554.866999998688698],[12212272.9804,-9558.276799999177456],[12212269.5931,-9562.539200000464916],[12212267.2643,-9567.014699999243021],[12212264.511999998241663,-9572.129599999636412],[12212257.1021,-9585.342999998480082],[12212241.224,-9608.359900001436472],[12212211.373799998313189,-9634.573100000619888],[12212170.8076,-9672.009100001305342],[12212154.342500001192093,-9688.077899999916553],[12212142.781599998474121,-9699.360500000417233],[12212119.0709,-9718.114599999040365],[12212094.3015,-9738.786800000816584],[12212088.3739,-9743.901700001209974],[12212079.482299998402596,-9749.229400001466274],[12212055.029199998825788,-9761.868400000035763],[12212051.638300001621246,-9763.389600001275539],[12212025.2089,-9775.809500001370907],[12212013.155000001192093,-9783.110800001770258],[12212003.156800001859665,-9790.52589999884367],[12211984.0049,-9807.089200001209974],[12211975.32490000128746,-9816.040100000798702],[12211970.6675,-9821.687800001353025],[12211959.733,-9838.108600001782179],[12211948.488899998366833,-9857.277499999850988],[12211939.631700001657009,-9872.456000000238419],[12211929.596900001168251,-9888.087200000882149],[12211915.199700001627207,-9909.7060999982059],[12211884.290399998426437,-9952.542899999767542],[12211833.0568,-10032.888799998909235],[12211785.422200001776218,-10111.316700000315905],[12211732.918200001120567,-10194.433200001716614],[12211716.8284,-10217.44990000128746],[12211706.0313,-10231.515799999237061],[12211703.4908,-10235.778099998831749],[12211701.797200001776218,-10238.974899999797344],[12211701.162,-10242.598099999129772],[12211700.9501,-10246.647300001233816],[12211702.0084,-10249.418000001460314],[12211703.702,-10251.76240000128746],[12211705.3955,-10253.254299998283386],[12211709.205899998545647,-10256.025100000202656],[12211711.5345,-10257.090799998492002],[12211715.133299998939037,-10259.648400001227856],[12211717.250300001353025,-10261.353500001132488],[12211720.4256,-10263.697999998927116],[12211723.1776,-10265.190000001341105],[12211726.352899998426437,-10267.747600000351667],[12211727.834800001233816,-10269.665699999779463],[12211729.316599998623133,-10271.796999998390675],[12211731.010000001639128,-10274.780799999833107],[12211732.2801,-10277.977699998766184],[12211732.7034,-10280.961399998515844],[12211732.915,-10283.305900000035763],[12211732.914900001138449,-10286.715799998492002],[12211732.279599998146296,-10290.978300001472235],[12211731.5915,-10293.269299998879433],[12211730.0037,-10295.986600000411272],[12211731.3125,-10296.665100000798702],[12211727.774,-10300.227099999785423],[12211669.026,-10356.969200000166893],[12211618.057799998670816,-10414.191100001335144],[12211563.7553,-10473.171100001782179],[12211495.004,-10546.376499999314547],[12211484.3636,-10557.721999999135733],[12211401.165600001811981,-10646.434500001370907],[12211337.1776,-10712.60700000077486],[12211284.492400001734495,-10771.301100000739098],[12211244.709600001573563,-10812.677499998360872],[12211222.549600001424551,-10835.725299999117851],[12211145.06529999896884,-10919.266699999570847],[12211062.288600001484156,-11006.004700001329184],[12210966.994199998676777,-11105.428800001740456],[12210937.6537000015378,-11136.413100000470877],[12210935.009,-11139.205899998545647],[12210891.0189,-11185.660799998790026],[12210856.929699998348951,-11221.584199998527765],[12210840.048300001770258,-11239.373700000345707],[12210823.1807,-11257.148899998515844],[12210817.553100001066923,-11263.079100001603365],[12210814.169799998402596,-11266.644499998539686],[12210771.930599998682737,-11311.030000001192093],[12210717.6321,-11368.08729999884963],[12210648.4043,-11441.825100000947714],[12210597.3834,-11494.038100000470877],[12210551.019900001585484,-11542.201999999582767],[12210498.94029999896884,-11598.038100000470877],[12210445.563900001347065,-11653.403000000864267],[12210429.2892,-11670.2837999984622],[12210356.6743,-11746.152499999850988],[12210294.2993,-11809.802700001746416],[12210279.4018,-11825.004700001329184],[12210278.6254,-11825.827599998563528],[12210211.2326,-11897.250500001013279],[12210144.3336,-11968.004299998283386],[12210119.1912,-11994.184399999678135],[12210075.5172,-12039.660999998450279],[12210075.5066,-12039.672100000083447],[12210064.308899998664856,-12051.331900000572205],[12209986.8248,-12131.675700001418591],[12209907.249899998307228,-12214.603500001132488],[12209876.7863,-12246.659800000488758],[12209876.5156,-12246.944499999284744],[12209767.127300001680851,-12362.051500000059605],[12209621.006,-12514.649500001221895],[12209500.2564,-12653.992899999022484],[12209490.1684,-12665.634300000965595],[12209424.539700001478195,-12734.363200001418591],[12209390.7199,-12775.597300000488758],[12209388.224,-12778.640500001609325],[12209636.5922,-12785.097699999809265],[12210069.9775,-12796.108800001442432],[12210463.9694,-12804.88289999961853],[12210694.5165,-12810.804499998688698],[12210879.134,-12815.546300001442432],[12211283.1672,-12824.231100000441074],[12211560.4049,-12831.254200000315905],[12211629.559099998325109,-12833.006000000983477],[12211657.7681,-12833.720600001513958],[12212044.9571,-12839.553599998354912],[12212494.456799998879433,-12845.553700000047684],[12212745.370700001716614,-12848.10869999974966],[12212864.4938,-12849.321800000965595],[12213258.1791,-12852.696199998259544],[12213467.693999998271465,-12853.949400000274181],[12213608.581799998879433,-12854.792199999094009],[12213677.208999998867512,-12855.2027000002563],[12213890.641800001263618,-12856.483199998736382],[12214064.566399998962879,-12857.526700001209974],[12214493.7526,-12861.558400001376867],[12214742.3187,-12862.394099999219179],[12214751.3849,-12862.424600001424551],[12214841.7995,-12862.72859999909997],[12215281.0764,-12867.410599999129772],[12215658.764600001275539,-12870.017700001597404],[12215731.9736,-12870.719799999147654],[12215756.339200001209974,-12870.953499998897314],[12216058.874200001358986,-12873.854899998754263],[12216142.6672,-12874.581700000911951],[12216370.6946,-12876.55970000103116],[12216440.021699998527765,-12877.160999998450279],[12216879.9993,-12880.459399998188019],[12216938.474399998784065,-12880.897799998521805],[12216998.6058,-12881.348700001835823],[12216998.6204,-12882.41499999910593],[12216998.6387,-12883.736400000751019],[12216998.683899998664856,-12887.01410000026226],[12216998.6862,-12887.183400001376867],[12216998.653099998831749,-12891.190099999308586],[12216996.7956,-13115.72749999910593],[12216996.6708,-13130.817600000649691],[12216995.755800001323223,-13241.413499999791384],[12216995.034000001847744,-13328.651099998503923],[12216994.5049,-13392.602800000458956],[12216993.373399998992682,-13529.35080000013113],[12216991.5224,-13753.048700001090765],[12216990.271899998188019,-13904.163499999791384],[12216989.6001,-13985.33500000089407],[12216987.9861,-14180.359299998730421],[12216986.769499998539686,-14327.356899999082088],[12216986.112100001424551,-14406.785900000482798],[12216983.9507,-14546.378699999302626],[12216980.157699998468161,-14791.359900001436472],[12216979.3853,-14841.249400001019239],[12216978.6345,-14889.738200001418591],[12216976.8431,-15005.433899998664856],[12216973.8363,-15199.614000000059605],[12216970.5493,-15411.879099998623133],[12216970.5471,-15412.023800000548363],[12216970.044,-15444.508099999278784],[12216966.8407,-15651.365299999713898],[12216964.281800001859665,-15816.598200000822544],[12216963.5009,-15867.020700000226498],[12216960.9058,-16034.593100000172853],[12216960.3503,-16082.144400000572205],[12216957.898400001227856,-16292.11710000038147],[12216955.375500001013279,-16508.161499999463558],[12216954.23759999871254,-16605.596400000154972],[12216952.908300001174212,-16719.415199998766184],[12216950.439100001007318,-16930.832800000905991],[12216948.513999998569489,-17095.651500001549721],[12216946.739,-17145.526399999856949],[12216939.5682,-17347.016800001263618],[12216934.9841,-17475.82209999859333],[12216882.4905,-17570.837000001221895],[12216784.914500001817942,-17747.452300000935793],[12216680.8695,-17935.776799999177456],[12216653.1815,-17986.238699998706579],[12216625.959399998188019,-18035.851599998772144],[12216570.8525,-18136.285399999469519],[12216554.3682,-18166.328400000929832],[12216487.431000001728535,-18288.322999998927116],[12216435.55290000140667,-18383.880899999290705],[12216321.656399998813868,-18593.674800001084805],[12216208.477200001478195,-18802.147100001573563],[12216199.634100001305342,-18818.435699999332428],[12216088.681400001049042,-19024.687699999660254],[12216056.767700001597404,-19084.012499999254942],[12215979.551,-19229.2331000007689],[12215973.4351,-19240.735300000756979],[12215957.021499998867512,-19271.604100000113249],[12215877.000500001013279,-19430.806400001049042],[12215815.331799998879433,-19553.496700000017881],[12215805.978999998420477,-19572.104299999773502],[12215803.4256,-19577.184099998325109],[12215800.872299998998642,-19582.263999998569489],[12215792.789500001817942,-19598.598200000822544],[12215791.582600001245737,-19601.037099998444319],[12215789.277800001204014,-19605.694600000977516],[12215784.8532,-19614.635999999940395],[12215783.722600001841784,-19616.920800000429153],[12215766.9789,-19650.756999999284744],[12215749.0693,-19686.950300000607967],[12215726.4025,-19732.755300000309944],[12215725.6611,-19734.253499999642372],[12215659.086599998176098,-19868.789599999785423],[12215627.208500001579523,-19933.209800001233816],[12215553.868500001728535,-20068.571899998933077],[12215513.2421,-20145.912099998444319],[12215457.5198,-20251.990100000053644],[12215446.1776,-20273.58219999819994],[12215432.4184,-20299.775499999523163],[12215386.2705,-20483.033399999141693],[12215373.941599998623133,-20531.993299998342991],[12215363.8974,-20573.773299999535084],[12215361.893800001591444,-20582.107500001788139],[12215358.5533,-20597.415800001472235],[12215358.138,-20599.31870000064373],[12215354.243500001728535,-20617.165300000458956],[12215351.7166,-20628.744800001382828],[12215345.19310000166297,-20658.638799998909235],[12215344.1644,-20663.353000000119209],[12215338.711599998176098,-20688.340500000864267],[12215336.3545,-20688.340399999171495],[12215335.608600001782179,-20691.443500000983477],[12215324.2989999987185,-20738.486400000751019],[12215322.3449,-20746.614799998700619],[12215320.7465,-20753.2635000012815],[12215293.5794,-20871.879399999976158],[12215280.626200001686811,-20928.435100000351667],[12215275.9833,-20948.706399999558926],[12215251.8948,-21053.879399999976158],[12215244.654399998486042,-21085.491900000721216],[12215162.9412,-21386.733500000089407],[12215120.7434,-21542.298099998384714],[12215081.7467,-21686.061900001019239],[12215067.05970000103116,-21740.206000000238419],[12215055.9989,-21832.268300000578165],[12215051.6497,-21868.465500000864267],[12215044.449299998581409,-21928.39640000090003],[12215035.9703,-21998.968400001525879],[12215029.3321,-22054.218600001186132],[12215012.8556,-22191.354299999773502],[12215008.9828,-22223.588700000196695],[12214997.154199998825788,-22322.038400001823902],[12214994.2568,-22405.476100001484156],[12214987.8596,-22589.697900000959635],[12214987.132199998944998,-22610.641800001263618],[12214984.384,-22689.781399998813868],[12214982.8314,-22734.49100000038743],[12214979.6651,-22825.667899999767542],[12214979.5528,-22828.903299998492002],[12214978.5887,-22856.666900001466274],[12215020.8992,-22930.778200000524521],[12215074.493,-23024.653499998152256],[12215160.0295,-23174.480399999767542],[12215194.6705,-23235.157800000160933],[12215200.8809,-23246.035900000482798],[12215220.6417,-23280.64919999986887],[12215239.064599998295307,-23312.918999999761581],[12215246.1153,-23325.269400000572205],[12215246.1215,-23325.280600000172853],[12215275.925299998372793,-23377.485300000756979],[12215281.177700001746416,-23386.685400001704693],[12215294.3977,-23409.841899998486042],[12215331.8272,-23475.403999999165535],[12215341.846900001168251,-23492.954700000584126],[12215374.4993,-23550.149099998176098],[12215380.6103,-23560.853399999439716],[12215391.314399998635054,-23579.602800000458956],[12215398.4852,-23593.590300001204014],[12215410.4633,-23616.954900000244379],[12215422.304000001400709,-23640.051600001752377],[12215434.2692,-23663.39130000025034],[12215436.4932,-23667.729400001466274],[12215436.5444,-23667.8293999992311],[12215446.2258,-23686.714200001209974],[12215455.747000001370907,-23705.286499999463558],[12215460.720199998468161,-23714.987199999392033],[12215494.2835,-23780.456599999219179],[12215495.6457,-23783.113699998706579],[12215528.5405,-23847.279199998825788],[12215529.851300001144409,-23849.835999999195337],[12215530.958,-23850.481800001114607],[12215646.970600001513958,-23918.18640000000596],[12215654.8801,-23922.802299998700619],[12215730.623799998313189,-23751.648299999535084],[12215793.9875,-23608.468299999833107],[12215899.852899998426437,-23427.850999999791384],[12215941.568999998271465,-23394.228799998760223],[12216313.192200001329184,-23094.710700001567602],[12216707.506,-23800.617499999701977],[12216785.2793,-23939.848799999803305],[12216863.945300001651049,-24080.67850000038743],[12216903.0616,-24150.705400001257658],[12216974.7445,-24395.351199999451637],[12217025.0051,-24669.287099998444319],[12217037.1939,-24735.719500001519918],[12217052.379700001329184,-24744.824299998581409],[12217052.5084,-24744.901399999856949],[12217052.541000001132488,-24744.920899998396635],[12217100.702599998563528,-24773.796700000762939],[12217136.891399998217821,-24795.494100000709295],[12217168.340999998152256,-24814.350099999457598],[12218277.134399998933077,-25479.140900000929832],[12218329.986699998378754,-25510.829199999570847],[12218324.1924,-25516.327199999243021],[12217976.3132,-25846.412099998444319],[12217956.695999998599291,-25865.025699999183416],[12217932.287500001490116,-25888.185699999332428],[12217932.065499998629093,-25888.39640000090003],[12217930.333500001579523,-25890.039700001478195],[12217920.661400001496077,-25899.217099998146296],[12217914.366300001740456,-25905.190099999308586],[12217884.26969999819994,-25933.74720000103116],[12217820.8688,-25993.904800001531839],[12217803.513099998235703,-26010.372800000011921],[12217767.121599998325109,-26044.902800001204014],[12217733.495000001043081,-26076.809399999678135],[12217628.8182,-26176.131400000303984],[12217472.115899998694658,-26324.817600000649691],[12217293.27,-26494.514400001615286],[12217060.8517,-26715.042700000107288],[12216977.0159,-26794.589499998837709],[12216891.1213,-26876.089800000190735],[12216759.8898,-27000.607500001788139],[12216719.278900001198053,-27039.140599999576807],[12216714.541000001132488,-27043.636199999600649],[12216701.3323,-27054.741200000047684],[12216662.9492,-27087.011300001293421],[12216622.394000001251698,-27121.107500001788139],[12216600.5909,-27139.438400000333786],[12216574.0792,-27161.727800000458956],[12216562.2078,-27171.708500001579523],[12216426.5526,-27285.758799999952316],[12216378.9267,-27325.799699999392033],[12216368.866099998354912,-27334.258000001311302],[12216361.237799998372793,-27340.671300001442432],[12216349.8268,-27350.265000000596046],[12216284.199099998921156,-27405.440699998289347],[12216130.4804,-27491.550500001758337],[12215910.796,-27614.612900000065565],[12215770.7119,-27693.084800001233816],[12215768.248100001364946,-27694.464899998158216],[12215724.55009999871254,-27718.943500000983477],[12215578.876600001007318,-27800.546500001102686],[12215559.746399998664856,-27811.262699998915195],[12215521.017099998891354,-27832.958000000566244],[12215519.456300001591444,-27833.832299999892712],[12215517.682500001043081,-27889.799199998378754],[12215438.223900001496077,-27879.336800001561642],[12215427.608199998736382,-27885.283399999141693],[12215417.290399998426437,-27891.063200000673532],[12215402.822500001639128,-27954.311299998313189],[12215380.377300001680851,-28052.433499999344349],[12215357.932100001722574,-28150.555599998682737],[12215335.4868,-28248.677799999713898],[12215313.041499998420477,-28346.799899999052286],[12215290.5962,-28444.921900000423193],[12215268.1508,-28543.044100001454353],[12215245.7055,-28641.16609999909997],[12215229.0403,-28714.019000001251698],[12215240.4492,-29422.401200000196695],[12215266.503899998962879,-29439.973499998450279],[12215490.989500001072884,-29591.375599998980761],[12215518.852899998426437,-29610.167700000107288],[12215519.5356,-29610.628199998289347],[12215521.007199998944998,-29611.620700001716614],[12215521.840799998492002,-29612.182799998670816],[12215524.056400001049042,-29613.677200000733137],[12215564.4962,-29640.951400000602007],[12215763.404199998825788,-29775.103000000119209],[12215782.8576,-29788.223099999129772],[12216163.991500001400709,-30045.275499999523163],[12216217.204799998551607,-30081.164500001817942],[12216718.0733,-30098.705200001597404],[12217041.6446,-30110.036499999463558],[12218938.236699998378754,-30176.453699998557568],[12219220.434300001710653,-30186.335900001227856],[12219360.864999998360872,-30191.253600001335144],[12219359.7837,-30381.555399999022484],[12219357.631299998611212,-30760.314899999648333],[12218823.510000001639128,-31675.4239999987185],[12218226.776,-32128.574099998921156],[12218128.745299998670816,-32203.016800001263618],[12218092.017499998211861,-32233.549400001764297],[12218071.2128,-32250.844999998807907],[12218030.2315,-32284.913699999451637],[12218022.187800001353025,-32291.600499998778105],[12217773.463100001215935,-32498.371100001037121],[12217767.471500001847744,-32503.352000001817942],[12217765.7714,-32504.765399999916553],[12217760.8763,-32508.834699999541044],[12217753.848499998450279,-32514.677099999040365],[12217752.142299998551607,-32515.495999999344349],[12217601.518399998545647,-32587.777499999850988],[12217597.7516999989748,-32589.585200000554323],[12217572.61259999871254,-32601.648899998515844],[12217543.872900001704693,-32615.440600000321865],[12217513.8382,-32629.853700000792742],[12217512.6474,-32630.42509999871254],[12217425.7912,-32672.105799999088049],[12217281.048700001090765,-32741.564899999648333],[12217228.1582,-32775.510999999940395],[12216863.2386,-33009.723600000143051],[12216743.185400001704693,-33088.50109999999404],[12216653.980999998748302,-33147.035999998450279],[12216467.2617,-33269.559000000357628],[12216370.1664,-33334.308400001376867],[12216229.0387,-33428.421500001102686],[12216071.892099998891354,-33533.216899998486042],[12216063.6114,-33551.373500000685453],[12215942.0334,-33817.949000000953674],[12215929.438900001347065,-33845.564100001007318],[12215863.0495,-33991.131400000303984],[12215796.2196,-34180.252300001680851],[12215791.98030000180006,-34192.249299999326468],[12215783.5445,-34216.121800001710653],[12215759.940499998629093,-34282.918400000780821],[12215749.8409,-34311.499099999666214],[12215738.342500001192093,-34344.03830000013113],[12215729.9903,-34367.674199998378754],[12215725.6948,-34379.830099999904633],[12215711.3481,-34420.42960000038147],[12215704.0132,-34441.186500001698732],[12215699.9432,-34452.7043999992311],[12215699.449299998581409,-34453.741700001060963],[12215683.4791,-34487.28770000115037],[12215681.3865,-34491.683200001716614],[12215681.0051,-34492.484299998730421],[12215621.018399998545647,-34618.488000001758337],[12215606.586199998855591,-34648.803300000727177],[12215590.580699998885393,-34682.423300001770258],[12215556.222800001502037,-34754.592700000852346],[12215510.3644,-34850.919199999421835],[12215494.6912,-34883.841099999845028],[12215470.6265,-34934.389600001275539],[12215467.5513,-34940.780099999159575],[12215437.697299998253584,-35002.819400001317263],[12215385.3356,-35111.631700001657009],[12215373.678399998694658,-35135.8564000017941],[12215304.4883,-35279.639600001275539],[12215214.1122,-35467.448800001293421],[12215155.807100001722574,-35588.611400000751019],[12215123.506700001657009,-35655.734099999070168],[12215081.43189999833703,-35743.168600000441074],[12215046.8233,-35815.087900001555681],[12215033.2835,-35843.224899999797344],[12215029.1849,-35852.169900000095367],[12215012.374000001698732,-35888.859700001776218],[12215008.30290000140667,-35897.744800001382828],[12214966.7108,-35988.519499998539686],[12214932.4304,-36063.336599998176098],[12214921.049400001764297,-36088.175599999725819],[12214861.220199998468161,-36218.752500001341105],[12214792.9344,-36367.785500001162291],[12214780.218199998140335,-36395.538600001484156],[12214698.87950000166893,-36573.059200000017881],[12214627.8272,-36728.129799999296665],[12214626.07,-36731.964899998158216],[12214617.733600001782179,-36748.225099999457598],[12214559.535999998450279,-36861.740899998694658],[12214518.3449,-36942.084899999201298],[12214513.4465,-36951.639499999582767],[12214490.7066,-36995.994100000709295],[12214481.3411,-37014.261700000613928],[12214479.780499998480082,-37017.305599998682737],[12214457.193799998611212,-37061.3614999987185],[12214441.493700001388788,-37091.984700001776218],[12214436.1562,-37102.395599998533726],[12214409.227200001478195,-37154.921000000089407],[12214403.0475,-37156.894200000911951],[12214394.126400001347065,-37159.742800001055002],[12214389.9613,-37161.072799999266863],[12214359.0799,-37170.933600001037121],[12214355.727200001478195,-37172.004200000315905],[12214323.6287,-37182.253699999302626],[12214263.610399998724461,-37201.418200001120567],[12214224.6538,-37213.857599999755621],[12214173.9529,-37230.046900000423193],[12214126.472800001502037,-37245.207899998873472],[12214099.5037,-37253.819499999284744],[12214094.508499998599291,-37255.414599999785423],[12214030.4089,-37275.88230000063777],[12214000.907699998468161,-37285.302400000393391],[12213991.2938,-37288.37220000103116],[12213940.18,-37304.693399999290705],[12213937.256,-37305.664299998432398],[12213884.2403,-37323.268100000917912],[12213868.962000001221895,-37328.3412000015378],[12213829.0187,-37341.604400001466274],[12213787.570500001311302,-37355.36710000038147],[12213734.5425,-37372.974899999797344],[12213725.7927,-37375.880199998617172],[12213706.788800001144409,-37382.190400000661612],[12213690.7447,-37387.517700001597404],[12213664.988400001078844,-37396.070000000298023],[12213652.671100001782179,-37400.15989999845624],[12213651.710499998182058,-37400.478900000452995],[12213646.616300001740456,-37402.170400001108646],[12213643.708099998533726,-37403.136100001633167],[12213640.638999998569489,-37404.155099999159575],[12213640.3310999982059,-37404.257399998605251],[12213640.066399998962879,-37404.345300000160933],[12213638.9962,-37404.700699999928474],[12213636.9128,-37405.392400000244379],[12213635.347,-37405.912399999797344],[12213631.0918,-37407.325300000607967],[12213627.562199998646975,-37408.497299998998642],[12213622.1151,-37410.306000001728535],[12213619.0801,-37411.313700001686811],[12213586.4615,-37422.144600000232458],[12213572.2077,-37426.877599999308586],[12213544.436900001019239,-37436.098799999803305],[12213516.0191,-37445.534800000488758],[12213483.4457,-37456.350699998438358],[12213477.7755,-37458.233500000089407],[12213474.572299998253584,-37459.296999998390675],[12213471.942499998956919,-37460.170299999415874],[12213470.6428,-37460.60190000012517],[12213468.958,-37461.161299999803305],[12213388.620900001376867,-37383.209499999880791],[12213379.806000001728535,-37374.656399998813868],[12213376.92790000140667,-37371.863699998706579],[12213342.046300001442432,-37338.017700001597404],[12213323.011100001633167,-37319.547699999064207],[12213314.339200001209974,-37311.133200000971556],[12213275.6426,-37273.58559999987483],[12213259.638799998909235,-37258.057000000029802],[12213240.444200001657009,-37239.432300001382828],[12213231.5563,-37230.808400001376867],[12213206.4212,-37206.419599998742342],[12213202.230999998748302,-37202.353799998760223],[12213183.2648,-37183.950699999928474],[12213181.569899998605251,-37182.306200001388788],[12213163.769299998879433,-37165.034200001507998],[12213153.972600001841784,-37155.528299998492002],[12213149.919799998402596,-37151.596000000834465],[12213143.686,-37145.5472999997437],[12213133.052000001072884,-37135.228999998420477],[12213132.2436,-37134.444600000977516],[12213119.7562,-37122.328000001609325],[12213110.859499998390675,-37113.69539999961853],[12213110.4685,-37113.316100001335144],[12213105.857099998742342,-37108.841600000858307],[12213105.3305,-37108.33049999922514],[12213077.3666,-37081.197000000625849],[12212830.6202,-36841.777499999850988],[12212723.150600001215935,-36737.499400001019239],[12212723.3189,-36736.976100001484156],[12212725.2667,-36730.920400001108646],[12212725.4322,-36730.405900001525879],[12212726.5572,-36726.90819999948144],[12212734.418200001120567,-36702.469099998474121],[12212736.8349,-36694.955899998545647],[12212739.8424,-36685.605999998748302],[12212743.5962999984622,-36673.935300000011921],[12212751.850900001823902,-36648.272399999201298],[12212782.398200001567602,-36553.302700001746416],[12212779.258499998599291,-36552.191799998283386],[12212805.899,-36464.352400001138449],[12212811.9633,-36442.390000000596046],[12212832.6851,-36367.34739999845624],[12212862.512899998575449,-36271.477299999445677],[12212870.171,-36245.152699999511242],[12212890.5667,-36175.044700000435114],[12212905.6607,-36120.771899998188019],[12212917.524500001221895,-36078.113800000399351],[12212944.331799998879433,-35981.192899998277426],[12212957.080699998885393,-35940.945599999278784],[12212974.7192,-35885.262600000947714],[12212978.6932,-35871.098400000482798],[12212989.7379,-35831.734200000762939],[12212990.152399998158216,-35831.734299998730421],[12212999.836,-35831.735500000417233],[12213001.638799998909235,-35825.477600000798702],[12213013.017099998891354,-35785.98200000077486],[12213032.9553,-35730.31700000166893],[12213045.8206,-35694.398899998515844],[12213059.978,-35654.873199999332428],[12213063.920699998736382,-35643.865600001066923],[12213100.2533,-35542.42960000038147],[12213115.60020000115037,-35499.583000000566244],[12213122.183400001376867,-35481.203899998217821],[12213127.5924,-35460.511999998241663],[12213130.437399998307228,-35449.628899998962879],[12213134.401500001549721,-35434.46510000154376],[12213158.7236,-35341.425400000065565],[12213162.236900001764297,-35327.985599998384714],[12213191.140099998563528,-35217.420899998396635],[12213193.3686,-35208.896099999547005],[12213206.2837999984622,-35159.491200000047684],[12213211.2108,-35140.6435999982059],[12213213.5187,-35131.814899999648333],[12213211.86939999833703,-34962.776599999517202],[12213209.6404,-34734.335999999195337],[12213206.465599998831749,-34728.782900001853704],[12213148.7243,-34627.785900000482798],[12213143.690699998289347,-34618.981300000101328],[12213026.2966,-34413.644000001251698],[12212932.364,-34304.253199998289347],[12212838.935600001364946,-34195.449700001627207],[12212748.776999998837709,-34090.453899998217821],[12212685.505800001323223,-34016.770500000566244],[12212475.013,-33795.772399999201298],[12212346.8581,-33661.221599999815226],[12212343.988699998706579,-33658.208999998867512],[12212343.0784,-33502.973200000822544],[12212342.8246,-33459.702799998223782],[12212342.470600001513958,-33399.339600000530481],[12212343.107099998742342,-33330.915100000798702],[12212345.200599998235703,-33105.877399999648333],[12212402.7654,-33007.460099998861551],[12212470.7802,-32891.176600001752377],[12212588.5422,-32662.523899998515844],[12212661.863400001078844,-32607.015500001609325],[12212818.7262,-32488.261300001293421],[12212829.785300001502037,-32479.888999998569489],[12213087.1415,-32285.054900001734495],[12213087.4058,-32284.854800000786781],[12213145.750599998980761,-32240.684200000017881],[12213475.321400001645088,-32066.261999998241663],[12213588.278099998831749,-32006.480799999088049],[12213648.4793,-31974.649399999529123],[12213786.89469999819994,-31901.462200000882149],[12213802.035500001162291,-31893.456399999558926],[12213834.0616,-31869.48030000180006],[12214136.512699998915195,-31643.051199998706579],[12214153.021499998867512,-31630.691899999976158],[12214212.463,-31583.845899999141693],[12214371.026500001549721,-31458.881599999964237],[12214374.112,-31455.69370000064373],[12214379.261,-31450.373799998313189],[12214396.7762,-31432.276999998837709],[12214472.8818,-31353.644000001251698],[12214580.1705,-31242.792399998754263],[12214633.731199998408556,-31187.453000001609325],[12214673.813099998980761,-31131.028900001198053],[12214683.1622,-31117.868000000715256],[12214747.9074,-31026.724800001829863],[12214820.5581,-30924.452899999916553],[12214851.861200001090765,-30820.77140000090003],[12214878.953899998217821,-30731.035700000822544],[12214890.4153,-30693.073399998247623],[12214912.3715,-30620.350499998778105],[12214925.7009,-30576.201499998569489],[12214937.89,-30535.828899998217821],[12214937.937600001692772,-30535.671799998730421],[12214960.8966,-30416.860500000417233],[12214974.7221,-30345.314699999988079],[12214975.729899998754263,-30338.855099998414516],[12214976.0152,-30337.026099998503923],[12214980.1673,-30310.410300001502037],[12214984.6283,-30281.81359999999404],[12214996.4232,-30206.204700000584126],[12214998.94310000166297,-30190.051300000399351],[12215005.5022,-30153.563700001686811],[12215008.5057,-30136.855599999427795],[12215029.5667,-30019.695000000298023],[12215033.2867,-29999.001400001347065],[12215036.9338,-29978.713100001215935],[12215052.2524,-29893.496599998325109],[12215055.798700001090765,-29865.17960000038147],[12215057.478500001132488,-29851.765700001269579],[12215065.7727,-29785.537799999117851],[12215073.439800001680851,-29724.316899999976158],[12215076.5247,-29699.684300001710653],[12215091.156100001186132,-29582.852899998426437],[12215092.173,-29574.733300000429153],[12215095.773400001227856,-29545.984700001776218],[12215102.292,-29493.933299999684095],[12215103.2139,-29486.571800000965595],[12215122.4157,-29333.24549999833107],[12215134.530499998480082,-29236.509199999272823],[12215132.792599998414516,-29219.580200001597404],[12215116.391399998217821,-29163.099599998444319],[12215103.166499998420477,-29098.626899998635054],[12215102.110100001096725,-29078.912500001490116],[12215129.636,-29031.494100000709295],[12215142.340799998492002,-29005.387200001627207],[12215139.6961,-28988.869500000029802],[12215112.178100001066923,-28957.430300001055002],[12215102.1259,-28920.664599999785423],[12215101.0702,-28892.42509999871254],[12215117.4819,-28843.940000001341105],[12215141.305799998342991,-28768.814599998295307],[12215150.768199998885393,-28728.243299998342991],[12215144.163800001144409,-28635.699400000274181],[12215099.9699,-28418.067600000649691],[12215048.985599998384714,-28232.384799998253584],[12214984.8897,-28084.749400001019239],[12214967.6717,-28048.4662000015378],[12214929.6662,-27968.377599999308586],[12214928.547600001096725,-27966.020300000905991],[12214810.762699998915195,-27717.814100001007318],[12214775.2626,-27643.005499999970198],[12214746.1811,-27546.461199998855591],[12214732.0222,-27499.456799998879433],[12214673.36430000141263,-27304.726199999451637],[12214667.374400001019239,-27284.841099999845028],[12214621.918200001120567,-27133.936799999326468],[12214617.5491,-27071.911499999463558],[12214602.3519,-26856.161200001835823],[12214610.689100001007318,-26782.985199999064207],[12214627.794,-26632.8564000017941],[12214639.226799998432398,-26532.510499998927116],[12214654.787300001829863,-26439.526999998837709],[12214675.2256,-26317.396600000560284],[12214711.9106,-26226.192800000309944],[12214727.419599998742342,-26187.635600000619888],[12214788.040199998766184,-26036.924600001424551],[12214791.378600001335144,-26028.625100001692772],[12214791.5918,-26028.094999998807907],[12214793.127500001341105,-26024.276700001209974],[12214809.3963,-25983.830600000917912],[12214809.4214,-25983.767900001257658],[12214810.256299998611212,-25981.692499998956919],[12214810.5484,-25980.966299999505281],[12214812.3035,-25976.603000000119209],[12214813.3209,-25974.073499999940395],[12214813.5471,-25973.511300001293421],[12214814.446400001645088,-25971.275199998170137],[12214825.7889,-25943.076200000941753],[12214831.0689,-25929.949400000274181],[12214831.882399998605251,-25927.926899999380112],[12214835.4963,-25918.942299999296665],[12214852.573800001293421,-25876.485399998724461],[12214877.7381,-25813.923599999397993],[12214845.863400001078844,-25822.006700001657009],[12214842.4903,-25822.862100001424551],[12214732.6147,-25850.725400000810623],[12214639.458700001239777,-25874.348799999803305],[12214633.131099998950958,-25875.953400000929832],[12214290.676399998366833,-25962.796500001102686],[12214191.897100001573563,-26008.875999998301268],[12213968.778499998152256,-26112.958399999886751],[12213819.4835,-26182.602899998426437],[12213833.83219999819994,-26198.842000000178814],[12213844.275600001215935,-26210.661200001835823],[12213423.4045,-26441.709199998527765],[12213415.4644,-26430.799300000071526],[12213402.522300001233816,-26413.016100000590086],[12213359.9315,-26365.401700001209974],[12213301.5645,-26300.150299999862909],[12213244.7482,-26236.632500000298023],[12213234.632199998944998,-26225.323300000280142],[12212834.717500001192093,-25778.239799998700619],[12212702.4289,-25632.506000000983477],[12212700.1457,-25629.990800000727177],[12212668.4307,-25595.052400000393391],[12212463.455899998545647,-25369.245600000023842],[12212425.9492,-25327.927000001072884],[12212387.527199998497963,-25285.60020000115037],[12212292.8985,-25182.231199998408556],[12212236.809999998658895,-25120.962000001221895],[12212099.1606,-24970.598400000482798],[12211930.587499998509884,-24786.455299999564886],[12211912.265999998897314,-24764.863899998366833],[12211871.3902,-24716.692999999970198],[12211826.7011,-24664.028000000864267],[12211775.2414,-24603.384199999272823],[12211763.516800001263618,-24589.56700000166893],[12211742.384399998933077,-24564.663199998438358],[12211733.4522,-24554.136799998581409],[12211712.8785,-24529.89130000025034],[12211662.727699998766184,-24470.789900001138449],[12211617.016199998557568,-24416.920299999415874],[12211472.973000001162291,-24410.979400001466274],[12211409.2311,-24408.350299999117851],[12211388.074700001627207,-24407.477699998766184],[12211266.169300001114607,-24402.44990000128746],[12211247.414900001138449,-24401.676399998366833],[12211240.402399998158216,-24401.387200001627207],[12211235.547200001776218,-24401.186900001019239],[12211231.736000001430511,-24401.029699999839067],[12211231.709199998527765,-24406.8766999989748],[12211231.3882,-24411.840599998831749],[12210864.147,-24391.987799998372793],[12210647.6725,-24380.205299999564886],[12210447.0634,-24369.286499999463558],[12210147.352200001478195,-24355.087999999523163],[12209911.526099998503923,-24343.916000001132488],[12209547.9494,-24326.295499999076128],[12209402.3893,-24319.179900001734495],[12209324.0513,-24315.350400000810623],[12209324.0515,-24312.769999999552965],[12209319.8257,-24312.73589999973774],[12209319.8217,-24312.73589999973774],[12209260.822500001639128,-24312.259300000965595],[12209260.819200001657009,-24312.259300000965595]],[[12215154.2447,-28966.058200001716614],[12215157.3288,-28909.656500000506639],[12215160.09910000115633,-28858.99439999833703],[12215156.397300001233816,-28807.120999999344349],[12215146.948600001633167,-28836.084100000560284],[12215133.051199998706579,-28881.638900000602007],[12215127.491999998688698,-28902.018800001591444],[12215127.4894,-28928.393399998545647],[12215154.2447,-28966.058200001716614]],[[12215143.2731,-29166.698800001293421],[12215149.224399998784065,-29057.866399999707937],[12215142.162099998444319,-29068.660000000149012],[12215133.8244,-29088.639899998903275],[12215133.028900001198053,-29104.624499998986721],[12215135.011100001633167,-29129.800500001758337],[12215143.2357,-29166.997400000691414],[12215143.2731,-29166.698800001293421]]],[[[12194227.1499,-21441.890000000596046],[12194247.997699998319149,-21456.745200000703335],[12194249.6873,-21457.949200000613928],[12194272.5092,-21474.58839999884367],[12194295.2474,-21491.166600000113249],[12194299.4041,-21494.197299998253584],[12194321.126200001686811,-21509.741300001740456],[12194327.8862,-21514.787000000476837],[12194336.8867,-21521.368900001049042],[12194369.178,-21544.983600001782179],[12194383.317499998956919,-21555.323699999600649],[12194422.410799998790026,-21583.91270000115037],[12194450.514199998229742,-21604.554999999701977],[12194456.5889,-21609.017000000923872],[12194488.1347,-21632.188000001013279],[12194499.404199998825788,-21640.468400001525879],[12194538.8268,-21669.435100000351667],[12194550.4567,-21677.980399999767542],[12194560.401700001209974,-21685.287599999457598],[12194575.569200001657009,-21696.432399999350309],[12194624.0926,-21731.477699998766184],[12194631.1893,-21736.603100001811981],[12194670.5422,-21765.025199998170137],[12194709.7808,-21793.60700000077486],[12194720.5579,-21801.45719999819994],[12194730.2335,-21808.505100000649691],[12194749.506,-21823.407200001180172],[12194950.757399998605251,-21969.756900001317263],[12194794.2071,-22184.069699998944998],[12194647.064,-22378.7635000012815],[12194635.618700001388788,-22390.147199999541044],[12194618.59739999845624,-22407.076999999582767],[12194609.2419,-22399.660300001502037],[12194121.644299998879433,-22013.108600001782179],[12194121.6422,-22013.111699998378754],[12194121.6387,-22013.116700001060963],[12194005.7988,-22185.883699998259544],[12193860.944200001657009,-22401.92339999973774],[12193847.942699998617172,-22421.313999999314547],[12193761.834600001573563,-22550.917199999094009],[12193567.0224,-22844.132399998605251],[12193285.9172,-23226.539299998432398],[12192896.875,-23765.922400001436472],[12192790.9228,-23723.54109999909997],[12192267.215799998492002,-23349.825300000607967],[12192245.2692,-23334.164299998432398],[12192239.6857,-23315.956700000911951],[12192144.0731,-23245.260999999940395],[12192148.0581,-23257.14979999884963],[12191773.2524,-22971.077100001275539],[12191842.1212,-22854.529100000858307],[12191844.5044,-22855.571800000965595],[12191874.436700001358986,-22807.048900000751019],[12191998.443599998950958,-22628.191799998283386],[12192246.6382,-22253.445300001651049],[12192276.2993,-22205.100499998778105],[12192422.8677,-21966.208500001579523],[12192423.506299998611212,-21965.16780000180006],[12192347.792100001126528,-21905.00279999896884],[12192345.452100001275539,-21903.143399998545647],[12192328.257399998605251,-21891.924199998378754],[12192328.204999998211861,-21891.890099998563528],[12192348.365899998694658,-21862.881400000303984],[12192349.843899998813868,-21860.782699998468161],[12192261.092300001531839,-21799.496399998664856],[12192246.7454,-21789.589400000870228],[12192172.578899998217821,-21738.096400000154972],[12192087.8171,-21679.398600000888109],[12192008.141199998557568,-21624.0912000015378],[12191905.367600001394749,-21552.679099999368191],[12191900.978,-21549.591899998486042],[12191882.1728,-21536.366300001740456],[12191949.8503,-21439.623100001364946],[12192035.9007,-21316.616300001740456],[12192074.152399998158216,-21261.986099999397993],[12192188.841400001198053,-21097.13910000026226],[12192190.213100001215935,-21095.167599998414516],[12192239.799199998378754,-21133.670200001448393],[12192384.59786387719214,-20923.929152321277797],[12192384.597800001502037,-20923.929099999368191],[12192224.1452,-20792.4375],[12191954.1626,-20571.185400001704693],[12191882.7436,-20512.657200001180172],[12191778.7779,-20445.774300001561642],[12191724.224800001829863,-20354.626299999654293],[12191506.0819,-19990.149500001221895],[12191458.9349,-19911.375399999320507],[12191364.958099998533726,-19737.1739999987185],[12191268.8831,-19559.083099998533726],[12191240.974800001829863,-19504.512200001627207],[12191153.932300001382828,-19334.311799999326468],[12191046.3838,-19124.014699999243021],[12191042.809799998998642,-19117.938900001347065],[12190900.7691,-18876.468699999153614],[12190768.2592,-18651.201200000941753],[12190767.478,-18650.072000000625849],[12190765.2144,-18646.799699999392033],[12190640.454300001263618,-18466.446299999952316],[12190687.2463,-18428.511900000274181],[12190801.3693,-18335.99210000038147],[12190846.3988,-18268.447599999606609],[12191034.868299998342991,-18049.663899999111891],[12191040.5751,-18056.151799999177456],[12191041.674400001764297,-18054.862700000405312],[12191047.5042,-18048.026299998164177],[12191004.401299998164177,-17889.575599998235703],[12190944.089200001209974,-17652.622400000691414],[12190926.6259,-17574.458399999886751],[12190868.465799998492002,-17339.971999999135733],[12190863.5312,-17324.577100001275539],[12190820.5986,-17296.972800001502037],[12190807.1177,-17287.564800001680851],[12190573.946600001305342,-17101.807199999690056],[12190582.327,-17086.820700000971556],[12190585.735399998724461,-17080.725600000470877],[12190612.4723,-17032.912599999457598],[12190614.7692,-17028.805100001394749],[12190617.7075,-17023.550500001758337],[12190829.416700001806021,-17192.056499999016523],[12190838.966699998825788,-17199.657699998468161],[12190912.4828,-17258.171500001102686],[12190889.4826,-17296.166200000792742],[12190892.8865,-17309.741900000721216],[12191066.4875,-18002.113899998366833],[12191253.330200001597404,-17782.693799998611212],[12191321.8466,-17702.230999998748302],[12191326.999000001698732,-17696.180300001055002],[12191333.9644,-17688.000500001013279],[12191396.2826,-17945.30799999833107],[12191401.469,-17945.093600001186132],[12191584.987300001084805,-18283.870600000023842],[12191769.028900001198053,-18449.146800000220537],[12191780.256900001317263,-18436.123500000685453],[12191788.278499998152256,-18426.819200001657009],[12191849.6573,-18355.625799998641014],[12191849.895100001245737,-18321.593699999153614],[12191851.146899998188019,-18267.314899999648333],[12191867.476100001484156,-18267.57209999859333],[12191901.003600001335144,-18267.57209999859333],[12191901.006499998271465,-18267.57209999859333],[12191902.705200001597404,-18267.57209999859333],[12191918.467099998146296,-18267.892799999564886],[12191929.8041,-18262.663400001823902],[12191930.149,-18262.263300001621246],[12192048.235599998384714,-18125.294300001114607],[12192050.7661,-18122.359200000762939],[12192080.918699998408556,-18087.385099999606609],[12192112.165399998426437,-18051.1418999992311],[12192143.290199998766184,-18015.040199998766184],[12192201.532000001519918,-17947.485199999064207],[12192231.666900001466274,-17912.531500000506639],[12192261.8453,-17877.527399998158216],[12192292.000799998641014,-17842.549800001084805],[12192568.411200001835823,-18200.08559999987483],[12192538.25560000166297,-18235.060899998992682],[12192508.1001,-18270.036100000143051],[12192511.362300001084805,-18273.018199998885393],[12192514.6689000017941,-18276.040800001472235],[12192742.228100001811981,-18484.060100000351667],[12192806.9588,-18543.232500001788139],[12192825.998399998992682,-18560.637200001627207],[12192832.633000001311302,-18565.812100000679493],[12192839.2676,-18570.986999999731779],[12192846.2553,-18576.437300000339746],[12192902.7683,-18487.0472999997437],[12192974.401999998837709,-18373.739900000393391],[12193114.1345,-18154.186299998313189],[12193130.375799998641014,-18128.667199999094009],[12193177.8138,-18054.130499999970198],[12193167.895,-18019.170899998396635],[12193301.841400001198053,-17914.303800001740456],[12193435.7643,-18139.049600001424551],[12193422.519299998879433,-18156.564500000327826],[12193329.755800001323223,-18279.232900001108646],[12193182.744,-18473.638000000268221],[12193212.5075,-18483.628499999642372],[12193206.7837,-18493.83729999884963],[12193036.161400001496077,-18798.152300000190735],[12192929.7099,-18988.014299999922514],[12192812.908,-18940.332600001245737],[12192805.392700001597404,-18937.264699999243021],[12192803.745000001043081,-18936.592000000178814],[12192804.066,-19024.352899998426437],[12192845.3785,-19097.690499998629093],[12192857.5735,-19119.070900000631809],[12192931.6712,-19119.347699999809265],[12192986.553399998694658,-19119.756000000983477],[12192995.063000001013279,-19119.635099999606609],[12192994.8886,-19114.402399998158216],[12193119.71,-19115.131099998950958],[12193368.415600001811981,-18935.119800001382828],[12193451.413600001484156,-19037.820900000631809],[12193410.655299998819828,-19116.829900000244379],[12193520.050900001078844,-19154.398699998855591],[12193550.2474,-19149.366200000047684],[12193555.506700001657009,-19153.382399998605251],[12193557.0693,-19154.575699999928474],[12193564.8156,-19160.491099998354912],[12193551.836599998176098,-19173.735100001096725],[12193658.053399998694658,-19266.973600000143051],[12193638.187399998307228,-19319.950100000947714],[12193663.3512,-19368.953000001609325],[12193611.434500001370907,-19447.887800000607967],[12193584.2383,-19534.893399998545647],[12193584.2379,-19534.897100001573563],[12193574.6965,-19536.882100000977516],[12193571.8999,-19536.934599999338388],[12193564.73759999871254,-19589.711100000888109],[12193564.6316,-19590.028999999165535],[12193560.2082,-19599.167399998754263],[12193554.513300001621246,-19610.160100001841784],[12193551.2022,-19614.265700001269579],[12193549.1494,-19616.384799998253584],[12193527.161400001496077,-19640.371199999004602],[12193524.620900001376867,-19644.366900000721216],[12193520.175,-19651.39919999986887],[12193497.468899998813868,-19691.195599999278784],[12193493.6582,-19695.510800000280142],[12193490.9591,-19696.789200000464916],[12193488.5777,-19697.428399998694658],[12193486.5137,-19697.587999999523163],[12193484.2911,-19697.587799999862909],[12193482.0684,-19697.42790000140667],[12193479.528299998492002,-19696.628499999642372],[12193467.6215,-19691.033399999141693],[12193459.366099998354912,-19688.475499998778105],[12193455.2383,-19687.995600000023842],[12193452.6981,-19687.995400000363588],[12193450.793000001460314,-19688.155099999159575],[12193449.2053,-19688.474700000137091],[12193447.617600001394749,-19689.113899998366833],[12193445.394900001585484,-19689.912799999117851],[12193443.4897,-19691.031500000506639],[12193442.0607,-19692.310100000351667],[12193440.631700001657009,-19694.067999999970198],[12193415.945099998265505,-19740.665399998426437],[12193411.0092,-19749.060499999672174],[12193407.528499998152256,-19754.98030000180006],[12193404.0612,-19760.877599999308586],[12193390.552299998700619,-19788.557900000363588],[12193364.7264,-19839.547600001096725],[12193348.965999998152256,-19869.611600000411272],[12193329.6298,-19901.529899999499321],[12193316.518199998885393,-19920.998599998652935],[12193302.74439999833703,-19943.116200000047684],[12193296.0401,-19958.605500001460314],[12193295.062800001353025,-19960.863400001078844],[12193286.984000001102686,-19979.669900000095367],[12193284.732500001788139,-19984.040500000119209],[12193281.951299998909235,-19988.411100000143051],[12193279.83219999819994,-19991.721999999135733],[12193278.243,-19994.238400001078844],[12193275.859000001102686,-19997.152199998497963],[12193274.1373,-19999.138799998909235],[12193272.0183,-20001.3902000002563],[12193270.2966,-20003.111999999731779],[12193268.4424,-20005.098600000143051],[12193266.9855,-20007.217599999159575],[12193265.7936,-20008.939300000667572],[12193264.866500001400709,-20010.793499998748302],[12193264.336800001561642,-20013.045000001788139],[12193264.3367,-20015.031700000166893],[12193264.336800001561642,-20016.753400001674891],[12193264.7341,-20018.342700000852346],[12193265.5287000015378,-20019.93189999833703],[12193266.853100001811981,-20021.918600000441074],[12193268.5748,-20024.170099999755621],[12193270.561500001698732,-20026.156700000166893],[12193295.4602,-20042.976599998772144],[12193335.5896,-20071.054099999368191],[12193389.3603,-20108.932199999690056],[12193434.6549,-20140.717999998480082],[12193458.6265,-20156.875700000673532],[12193478.817200001329184,-20169.569299999624491],[12193494.650199998170137,-20179.523200001567602],[12193465.9107,-20219.573300000280142],[12193424.986699998378754,-20283.409800000488758],[12193391.479400001466274,-20336.915899999439716],[12193365.8358,-20377.231300000101328],[12193364.858800001442432,-20378.767200000584126],[12193362.261,-20383.135299999266863],[12193349.893199998885393,-20403.930900000035763],[12193335.45719999819994,-20427.240600001066923],[12193309.1015,-20464.588899999856949],[12193291.907000001519918,-20495.539200000464916],[12193291.3567,-20496.529800001531839],[12193311.654800001531839,-20508.66499999910593],[12193311.603999998420477,-20510.999899998307228],[12193311.576900001615286,-20512.248799998313189],[12193310.3055,-20515.904199998825788],[12193307.6037,-20520.195199999958277],[12193305.2198,-20522.896999999880791],[12193301.246599998325109,-20525.916700001806021],[12193297.1144,-20528.141800001263618],[12193293.32319999858737,-20530.416600000113249],[12193293.141199998557568,-20530.525699999183416],[12193291.952599998563528,-20531.86939999833703],[12193289.4859,-20534.657800000160933],[12193273.5931,-20556.219200000166893],[12193205.253899998962879,-20658.198699999600649],[12193186.2482,-20687.223999999463558],[12193188.0357,-20688.526299998164177],[12193188.435899998992682,-20687.962099999189377],[12193196.4492,-20693.872900001704693],[12193262.3673,-20741.896200001239777],[12193279.2278,-20754.000799998641014],[12193290.815000001341105,-20762.735599998384714],[12193322.507800001651049,-20786.495200000703335],[12193345.3501,-20803.136900000274181],[12193354.964699998497963,-20809.926699999719858],[12193405.2894,-20846.4527000002563],[12193458.392299998551607,-20884.337400000542402],[12193514.987799998372793,-20924.69990000128746],[12193562.296100001782179,-20959.946899998933077],[12193617.304000001400709,-20999.510099999606609],[12193674.534400001168251,-21041.311200000345707],[12193722.4778,-21076.478500001132488],[12193736.0816,-21086.351700000464916],[12193769.5962,-21110.467099998146296],[12193901.5532,-21205.417100001126528],[12193954.600499998778105,-21243.587499998509884],[12193962.259799998253584,-21249.190200001001358],[12194002.242800001055002,-21278.437300000339746],[12194034.7997,-21302.252199999988079],[12194054.7839,-21316.090700000524521],[12194062.0411,-21321.116200000047684],[12194095.470199998468161,-21345.932399999350309],[12194143.0051,-21381.220300000160933],[12194145.0104,-21382.680399999022484],[12194157.383900001645088,-21391.690400000661612],[12194177.2075,-21406.125399999320507],[12194182.3499,-21409.869899999350309],[12194224.138300001621246,-21439.737500000745058],[12194227.1499,-21441.890000000596046]],[[12192791.07209999859333,-20439.459199998527765],[12192807.210099998861551,-20415.287999998778105],[12192839.5698,-20366.820000000298023],[12192836.8059,-20366.758799999952316],[12192834.5247,-20366.708299998193979],[12192803.6846,-20411.956399999558926],[12192791.5863,-20429.706999998539686],[12192791.378899998962879,-20433.641399998217821],[12192791.07209999859333,-20439.459199998527765]]],[[[12194975.057,-19058.999600000679493],[12194977.440900001674891,-19061.383499998599291],[12194981.2817,-19065.754099998623133],[12194983.665600001811981,-19069.329900000244379],[12194984.592799998819828,-19072.641100000590086],[12194985.2549,-19075.687199998646975],[12194985.784699998795986,-19079.792899999767542],[12194986.049600001424551,-19083.50109999999404],[12194986.0495,-19088.004200000315905],[12194986.049600001424551,-19092.242300000041723],[12194986.049600001424551,-19096.745299998670816],[12194986.182,-19101.248199999332428],[12194986.976599998772144,-19105.353799998760223],[12194988.4335,-19109.327100001275539],[12194990.2876,-19112.50560000166297],[12194992.804000001400709,-19115.286899998784065],[12194995.85020000115037,-19118.068300001323223],[12195009.0942,-19130.91499999910593],[12195016.858399998396635,-19139.133600000292063],[12195033.9929,-19157.270700000226498],[12195050.6804,-19175.679999999701977],[12195063.924400001764297,-19189.850999999791384],[12195067.6327,-19193.29450000077486],[12195069.3545,-19195.281199999153614],[12195070.414,-19197.400299999862909],[12195070.811299998313189,-19199.25450000166893],[12195070.943799998611212,-19200.843699999153614],[12195070.414,-19202.433100000023842],[12195069.486900001764297,-19203.889800000935793],[12195067.765099998563528,-19204.816899999976158],[12195065.5137,-19205.478999998420477],[12195062.4676,-19206.406199999153614],[12195058.7592,-19207.730599999427795],[12195042.998799998313189,-19213.690600000321865],[12195035.9795,-19217.663600001484156],[12195030.814399998635054,-19222.166700001806021],[12195026.179000001400709,-19227.596799999475479],[12195024.1923,-19231.437600001692772],[12195022.8679,-19236.20549999922514],[12195022.338100001215935,-19240.973200000822544],[12195022.205699998885393,-19245.078999999910593],[12195022.0733,-19250.773800000548363],[12195022.603,-19254.87950000166893],[12195023.5301,-19258.587799999862909],[12195024.7221,-19260.971799999475479],[12195026.3114,-19263.355799999088049],[12195028.695300001651049,-19265.342399999499321],[12195031.609000001102686,-19266.931600000709295],[12195034.920000001788139,-19268.388599999248981],[12195038.893199998885393,-19269.315699998289347],[12195042.469099998474121,-19269.447999998927116],[12195046.4423,-19268.520899999886751],[12195049.6208,-19267.85869999974966],[12195053.0643,-19266.931600000709295],[12195058.361900001764297,-19265.739700000733137],[12195062.0702,-19264.812600001692772],[12195066.838100001215935,-19264.282900001853704],[12195071.6059,-19264.415399998426437],[12195076.2414,-19264.68019999936223],[12195080.8766999989748,-19264.812699999660254],[12195084.850000001490116,-19264.812699999660254],[12195089.8827,-19264.415300000458956],[12195093.7234,-19263.488200001418591],[12195109.7487,-19259.382599998265505],[12195114.9139,-19258.852899998426437],[12195120.079100001603365,-19258.190600000321865],[12195120.079,-19280.892700001597404],[12195119.120700001716614,-19281.304800000041723],[12195109.573399998247623,-19286.311200000345707],[12195100.7685,-19290.927999999374151],[12195088.531100001186132,-19297.24549999833107],[12195087.8953,-19297.841400001198053],[12195087.498,-19298.357999999076128],[12195087.2199,-19298.953899998217821],[12195087.0213,-19299.987100001424551],[12195087.021200001239777,-19300.821400001645088],[12195087.100699998438358,-19301.814800001680851],[12195087.25959999859333,-19303.284699998795986],[12195089.000799998641014,-19311.326699998229742],[12195091.248399998992682,-19321.40089999884367],[12195092.645599998533726,-19327.663199998438358],[12195097.9008,-19351.217799998819828],[12195100.920400001108646,-19380.778599999845028],[12195101.6796,-19388.3293999992311],[12195103.781100001186132,-19409.226799998432398],[12195104.3832,-19413.751200001686811],[12195105.6353,-19423.159600000828505],[12195106.482900001108646,-19427.927499998360872],[12195107.542399998754263,-19431.847800001502037],[12195108.919799998402596,-19435.238099999725819],[12195110.9329,-19439.158500000834465],[12195117.637699998915195,-19447.874800000339746],[12195120.468600001186132,-19451.554999999701977],[12195122.7995,-19454.203699998557568],[12195124.9186,-19456.216699998825788],[12195126.507800001651049,-19457.382399998605251],[12195128.0971,-19458.018100000917912],[12195129.8983,-19458.230000000447035],[12195131.8055,-19458.12390000000596],[12195134.772100001573563,-19457.382399998605251],[12195140.4936,-19454.627500001341105],[12195154.6232,-19447.874899998307228],[12195166.875599998980761,-19442.019299998879433],[12195196.5422,-19427.397799998521805],[12195208.3712,-19422.385400000959635],[12195240.3004,-19408.856100000441074],[12195245.4921,-19414.471400000154972],[12195250.577799998223782,-19419.027499999850988],[12195254.921799998730421,-19422.418000001460314],[12195257.464699998497963,-19424.537099998444319],[12195261.173099998384714,-19427.185899998992682],[12195264.0337999984622,-19428.881000000983477],[12195267.954,-19430.258299998939037],[12195271.2385,-19431.212000001221895],[12195274.8409,-19431.635899998247623],[12195276.500799998641014,-19431.635800000280142],[12195278.973000001162291,-19431.635800000280142],[12195282.6813,-19431.423900000751019],[12195286.813499998301268,-19430.36430000141263],[12195290.098000001162291,-19429.410799998790026],[12195303.1301,-19424.537099998444319],[12195324.5324,-19416.378499999642372],[12195333.2911,-19413.604899998754263],[12195349.960900001227856,-19408.326200000941753],[12195379.30970000103116,-19397.625100001692772],[12195405.270799998193979,-19388.750999998301268],[12195408.446600001305342,-19387.665399998426437],[12195433.23930000141263,-19378.659600000828505],[12195474.242800001055002,-19363.402399998158216],[12195483.107500001788139,-19360.520599998533726],[12195508.4654,-19352.277300000190735],[12195527.642700001597404,-19345.920099999755621],[12195542.0522,-19340.410599999129772],[12195554.852899998426437,-19331.761300001293421],[12195557.7331,-19329.815200001001358],[12195573.7319,-19316.041499998420477],[12195591.637899998575449,-19302.373599998652935],[12195594.2221,-19300.600699998438358],[12195600.749699998646975,-19296.122400000691414],[12195606.577,-19292.837900001555681],[12195610.3913,-19291.03660000115633],[12195614.62950000166893,-19289.659200001507998],[12195618.5497,-19288.599700000137091],[12195622.6818,-19287.646200001239777],[12195626.813900001347065,-19287.116500001400709],[12195630.7341,-19286.798599999397993],[12195633.91270000115037,-19286.798599999397993],[12195638.4687,-19287.22239999845624],[12195649.5937,-19290.295099999755621],[12195657.646000001579523,-19293.155699998140335],[12195665.3805,-19295.910399999469519],[12195670.254299998283386,-19297.605700001120567],[12195672.894900001585484,-19298.858899999409914],[12195669.573399998247623,-19304.280000001192093],[12195655.5348,-19327.192099999636412],[12195645.2045,-19342.290399998426437],[12195641.231199998408556,-19347.588100001215935],[12195630.371100001037121,-19359.905099999159575],[12195604.1479,-19379.771299999207258],[12195580.0438,-19396.591299999505281],[12195562.8266,-19407.848700001835823],[12195557.131700001657009,-19412.351599998772144],[12195552.4963,-19416.589699998497963],[12195548.7879,-19421.22520000115037],[12195540.444200001657009,-19431.688099998980761],[12195520.7106,-19460.560199998319149],[12195495.0172,-19496.848900001496077],[12195473.561900001019239,-19518.436799999326468],[12195448.2658,-19545.852099999785423],[12195446.676600001752377,-19547.176300000399351],[12195443.8953,-19549.42790000140667],[12195441.2465,-19550.619800001382828],[12195437.538199998438358,-19551.41440000012517],[12195434.124400001019239,-19561.017799999564886],[12195432.852899998426437,-19575.798200000077486],[12195433.011799998581409,-19581.201799999922514],[12195433.4886,-19587.876899998635054],[12195434.4421,-19594.233899999409914],[12195435.554699998348951,-19599.637600000947714],[12195436.667100001126528,-19605.67680000141263],[12195437.7797,-19611.557199999690056],[12195438.733199998736382,-19619.503699999302626],[12195439.5279,-19631.42339999973774],[12195439.5279,-19638.098400000482798],[12195439.5279,-19645.567899998277426],[12195439.21,-19651.925200000405312],[12195438.892099998891354,-19660.030600000172853],[12195437.620700001716614,-19673.221700001507998],[12195434.760000001639128,-19695.312699999660254],[12195433.6475,-19715.337799999862909],[12195433.6475,-19753.798700001090765],[12195433.791499998420477,-19758.023499999195337],[12195434.1243,-19767.784499999135733],[12195433.9654,-19773.188000001013279],[12195433.806400001049042,-19778.273699998855591],[12195433.4886,-19783.200599998235703],[12195433.170699998736382,-19787.491599999368191],[12195432.852899998426437,-19793.212999999523163],[12195432.535,-19797.821899998933077],[12195432.535,-19801.318399999290705],[12195432.852899998426437,-19805.450599998235703],[12195433.4886,-19809.105900000780821],[12195434.760000001639128,-19813.238099999725819],[12195436.667100001126528,-19818.323899999260902],[12195438.8922,-19824.045299999415874],[12195443.183200001716614,-19837.713199999183416],[12195444.295699998736382,-19842.798900000751019],[12195445.4082,-19849.156100001186132],[12195446.2029,-19856.307900000363588],[12195446.997499998658895,-19864.095400001853704],[12195447.6332,-19870.770300000905991],[12195448.269000001251698,-19879.19370000064373],[12195451.9243,-19906.847300000488758],[12195453.1957,-19914.31700000166893],[12195454.308200001716614,-19920.833000000566244],[12195455.420699998736382,-19925.918800000101328],[12195456.851100001484156,-19931.958000000566244],[12195462.2546,-19948.80460000038147],[12195463.2082,-19953.25450000166893],[12195464.1618,-19958.658100001513958],[12195464.9564,-19964.379700001329184],[12195465.433200001716614,-19970.101100001484156],[12195465.433200001716614,-19975.345600001513958],[12195465.1153,-19992.827899999916553],[12195467.976,-20026.997499998658895],[12195468.2939000017941,-20031.288600001484156],[12195468.2939000017941,-20036.851199999451637],[12195468.1349,-20042.413600001484156],[12195467.340300001204014,-20047.340500000864267],[12195466.3867,-20052.426300000399351],[12195465.4331,-20057.194200001657009],[12195464.6385000012815,-20061.962099999189377],[12195463.843899998813868,-20067.047800000756979],[12195463.526,-20072.292300000786781],[12195463.526099998503923,-20077.378199998289347],[12195464.1617,-20088.979899998754263],[12195464.9564,-20105.190699998289347],[12195464.3207,-20135.387099999934435],[12195464.0029,-20151.439100001007318],[12195463.6849,-20157.79619999974966],[12195462.890299998223782,-20165.265900000929832],[12195461.9368,-20172.894400000572205],[12195461.3011,-20178.933800000697374],[12195460.188499998301268,-20184.496300000697374],[12195458.917100001126528,-20188.151599999517202],[12195449.3814,-20222.003600001335144],[12195447.3154,-20228.996399998664856],[12195445.2493,-20235.671500001102686],[12195444.136799998581409,-20242.028599999845028],[12195443.5011,-20250.13399999961257],[12195442.070799998939037,-20274.29109999909997],[12195441.117199998348951,-20281.760800000280142],[12195440.163600001484156,-20289.230500001460314],[12195439.6868,-20295.905499998480082],[12195439.369,-20302.421599999070168],[12195438.733199998736382,-20309.25560000166297],[12195437.620700001716614,-20315.45380000025034],[12195432.0583,-20343.584300000220537],[12195430.468899998813868,-20350.100299999117851],[12195429.5154,-20356.457499999552965],[12195428.720800001174212,-20362.496700000017881],[12195428.085,-20367.900400001555681],[12195427.7672,-20372.668299999088049],[12195428.085,-20377.912900000810623],[12195428.5618,-20381.727200001478195],[12195429.8332,-20391.580699998885393],[12195430.469,-20397.143399998545647],[12195430.469,-20399.157299999147654],[12195430.468899998813868,-20403.500500001013279],[12195430.3101,-20409.380899999290705],[12195429.992199998348951,-20415.102299999445677],[12195429.3565,-20420.346999999135733],[12195428.085,-20426.227400001138449],[12195425.7012,-20431.948800001293421],[12195418.867199998348951,-20455.788100000470877],[12195417.595800001174212,-20461.191799998283386],[12195416.483199998736382,-20465.959699999541044],[12195415.370700001716614,-20471.204300001263618],[12195414.735100001096725,-20476.925700001418591],[12195414.5761,-20483.282999999821186],[12195414.894000001251698,-20489.640000000596046],[12195415.8475,-20496.315000001341105],[12195421.727899998426437,-20523.80970000103116],[12195423.794,-20530.166999999433756],[12195425.7011,-20536.683100000023842],[12195427.290399998426437,-20543.675900001078844],[12195428.4029,-20549.715199999511242],[12195428.8796,-20555.913499999791384],[12195428.243900001049042,-20576.097500000149012],[12195427.9261,-20580.86540000140667],[12195427.608199998736382,-20585.474300000816584],[12195427.131499998271465,-20589.129700001329184],[12195426.0189,-20592.308299999684095],[12195430.909400001168251,-20613.61879999935627],[12195435.7832,-20633.326099999248981],[12195436.630800001323223,-20640.530799999833107],[12195436.6309,-20646.252399999648333],[12195436.206999998539686,-20652.609400000423193],[12195434.935600001364946,-20658.330899998545647],[12195433.028499998152256,-20663.628400001674891],[12195430.697500001639128,-20670.621399998664856],[12195429.002300001680851,-20678.461899999529123],[12195429.214200001209974,-20685.454799998551607],[12195429.4261,-20693.931000001728535],[12195429.4261,-20701.771499998867512],[12195428.578499998897314,-20710.459600001573563],[12195426.8832,-20717.66440000012517],[12195425.188000001013279,-20723.80970000103116],[12195422.4333,-20729.742899999022484],[12195419.6785,-20735.040600001811981],[12195416.287999998778105,-20741.397799998521805],[12195413.109499998390675,-20748.602600000798702],[12195409.5071,-20757.07880000025034],[12195405.692899998277426,-20765.342999998480082],[12195402.7262,-20775.302700001746416],[12195397.0048,-20802.638399999588728],[12195395.309500001370907,-20810.478900000452995],[12195393.61430000141263,-20816.412399999797344],[12195393.4709,-20816.699000000953674],[12195391.071400001645088,-20821.498100001364946],[12195387.045200001448393,-20826.15989999845624],[12195381.959600001573563,-20829.974399998784065],[12195352.2929,-20849.045699998736382],[12195343.816799998283386,-20855.402899999171495],[12195333.433400001376867,-20862.607599999755621],[12195319.871599998325109,-20874.26240000128746],[12195298.6811,-20894.817400000989437],[12195265.412099998444319,-20930.20549999922514],[12195241.3521,-20952.340900000184774],[12195238.9241,-20954.574700001627207],[12195235.957400001585484,-20958.388999998569489],[12195234.0504,-20962.415199998766184],[12195232.355099998414516,-20968.772399999201298],[12195232.355099998414516,-20974.281899999827147],[12195232.56700000166893,-20980.427200000733137],[12195232.9908,-20986.148600000888109],[12195233.4146,-20995.048599999397993],[12195233.602400001138449,-21020.385899998247623],[12195241.5407,-21020.638700000941753],[12195261.2846,-21021.267499998211861],[12195340.645399998873472,-21021.671000000089407],[12195355.0522,-21021.74439999833703],[12195419.577100001275539,-21022.379900000989437],[12195544.017900001257658,-21020.949599999934435],[12195615.504700001329184,-21020.200300000607967],[12195613.310600001364946,-21099.301699999719858],[12195614.1052,-21104.546300001442432],[12195614.8999,-21108.519499998539686],[12195616.0123,-21112.492800001055002],[12195617.124899998307228,-21115.51240000128746],[12195619.5088,-21118.849899999797344],[12195621.892700001597404,-21121.074999999254942],[12195624.2766,-21122.664299998432398],[12195628.0909,-21123.935699999332428],[12195631.428399998694658,-21124.889400001615286],[12195637.14979999884963,-21125.683800000697374],[12195642.394499998539686,-21126.796500001102686],[12195647.321199998259544,-21128.385800000280142],[12195652.565900001674891,-21130.292899999767542],[12195660.035500001162291,-21133.471500001847744],[12195690.5497,-21149.046599999070168],[12195694.6818,-21151.430500000715256],[12195697.542599998414516,-21152.701900001615286],[12195700.562199998646975,-21153.337499998509884],[12195704.6943,-21153.337600000202656],[12195709.3033,-21152.860700000077486],[12195715.0247,-21151.430399999022484],[12195720.110399998724461,-21149.682199999690056],[12195726.308600001037121,-21147.298200000077486],[12195732.188900001347065,-21145.07319999858737],[12195737.9104,-21142.689300000667572],[12195743.313900001347065,-21140.6233000010252],[12195748.0817,-21139.669700000435114],[12195753.1675,-21139.033900000154972],[12195758.0942,-21138.875100001692772],[12195763.8156,-21139.033900000154972],[12195770.1727,-21139.034099999815226],[12195777.960299998521805,-21138.557300001382828],[12195784.9531,-21138.080400001257658],[12195790.8334,-21137.921500001102686],[12195797.826299998909235,-21138.080400001257658],[12195805.295899998396635,-21138.080400001257658],[12195810.222600001841784,-21138.398299999535084],[12195814.3548,-21139.034000001847744],[12195818.645799998193979,-21140.146499998867512],[12195821.6655,-21141.89469999819994],[12195823.4137,-21143.64299999922514],[12195824.844099998474121,-21146.026900000870228],[12195825.6387,-21148.569600000977516],[12195825.797600001096725,-21151.430399999022484],[12195825.797600001096725,-21154.76799999922514],[12195825.4797,-21157.946600001305342],[12195825.3209,-21161.125],[12195824.844099998474121,-21164.939399998635054],[12195823.7315,-21168.118000000715256],[12195821.029800001531839,-21170.660799998790026],[12195818.9637,-21171.614399999380112],[12195815.149500001221895,-21171.932300001382828],[12195810.858399998396635,-21171.932300001382828],[12195805.6138,-21171.773299999535084],[12195800.528099998831749,-21171.455600000917912],[12195795.124499998986721,-21171.137600000947714],[12195789.561999998986721,-21170.978799998760223],[12195783.999499998986721,-21170.978799998760223],[12195777.165600001811981,-21170.660900000482798],[12195770.1727,-21170.3429000005126],[12195762.5442,-21170.184099998325109],[12195755.2335,-21169.866099998354912],[12195747.9228,-21169.707400001585484],[12195747.9699,-21193.011700000613928],[12195747.989100001752377,-21202.526200000196695],[12195700.310600001364946,-21235.901200000196695],[12195681.371599998325109,-21250.999600000679493],[12195663.3598,-21265.038400001823902],[12195654.089000001549721,-21270.203400000929832],[12195645.3479,-21275.765999998897314],[12195635.414900001138449,-21281.858300000429153],[12195628.925299998372793,-21286.228700000792742],[12195618.197700001299381,-21294.307700000703335],[12195602.1723,-21310.597899999469519],[12195598.066799998283386,-21315.763199999928474],[12195593.5638,-21321.458099998533726],[12195589.0608000010252,-21327.682799998670816],[12195585.219999998807907,-21333.907600000500679],[12195579.79,-21341.059399999678135],[12195563.8972,-21358.409200001507998],[12195560.3213,-21362.117499999701977],[12195556.3481,-21366.090700000524521],[12195552.5073,-21369.136900000274181],[12195547.8719,-21372.447799999266863],[12195544.031100001186132,-21374.964299999177456],[12195540.3228,-21377.480599999427795],[12195536.482,-21380.261900000274181],[12195532.1116,-21384.764899998903275],[12195529.0654,-21389.665199998766184],[12195522.9731,-21398.538699999451637],[12195520.589200001209974,-21401.982200000435114],[12195518.0729,-21405.955400001257658],[12195515.9538,-21409.928700000047684],[12195514.364500001072884,-21413.636999998241663],[12195512.907699998468161,-21417.875199999660254],[12195511.7157,-21421.451099999248981],[12195510.3913,-21423.967399999499321],[12195508.934500001370907,-21425.82149999961257],[12195506.5506,-21427.278499998152256],[12195503.5044,-21427.940699998289347],[12195499.2663,-21428.072999998927116],[12195494.233600001782179,-21428.073100000619888],[12195486.684500001370907,-21428.470400001853704],[12195450.9256,-21427.675700001418591],[12195451.9852,-21449.131299998611212],[12195451.7203,-21452.839600000530481],[12195451.587900001555681,-21456.282999999821186],[12195451.1906,-21459.593899998813868],[12195449.6012,-21463.169900000095367],[12195447.349800001829863,-21466.480999998748302],[12195444.568599998950958,-21469.659499999135733],[12195441.5225,-21472.440799999982119],[12195434.900400001555681,-21477.076099999248981],[12195423.643,-21483.300999999046326],[12195419.93470000103116,-21485.022700000554323],[12195416.358800001442432,-21486.744300000369549],[12195413.0478,-21488.598499998450279],[12195409.0746,-21490.717700000852346],[12195405.896000001579523,-21492.969200000166893],[12195402.452599998563528,-21496.015299998223782],[12195399.141600001603365,-21499.5912000015378],[12195396.492800001055002,-21502.902199998497963],[12195394.373799998313189,-21505.683400001376867],[12195391.46,-21508.862100001424551],[12195388.546300001442432,-21510.7162000015378],[12195383.1162,-21513.497400000691414],[12195366.561299998313189,-21518.927499998360872],[12195362.32319999858737,-21520.251899998635054],[12195357.820300001651049,-21521.179000001400709],[12195351.992800001055002,-21521.708700001239777],[12195346.562800001353025,-21522.106199998408556],[12195341.000300001353025,-21522.238499999046326],[12195334.643199998885393,-21522.768399998545647],[12195330.1402,-21523.69539999961853],[12195324.8426,-21525.417199999094009],[12195320.339699998497963,-21527.271299999207258],[12195315.042,-21529.390299998223782],[12195310.1417,-21530.714699998497963],[12195303.51969999819994,-21532.436599999666214],[12195270.1448,-21537.601700000464916],[12195263.78770000115037,-21538.131499998271465],[12195259.284699998795986,-21538.39640000090003],[12195254.119600001722574,-21538.263900000602007],[12195248.557,-21537.734200000762939],[12195244.3189,-21536.939500000327826],[12195239.4186,-21535.747600000351667],[12195226.174600001424551,-21530.847100000828505],[12195174.6554,-21515.351599998772144],[12195136.645100001245737,-21503.8293999992311],[12195130.6853,-21502.769799999892712],[12195125.9175,-21502.372499998658895],[12195120.8847,-21502.372400000691414],[12195114.7925,-21502.769799999892712],[12195092.675,-21507.272700000554323],[12195075.4577,-21510.18640000000596],[12195070.0277,-21511.775699999183416],[12195064.8625,-21513.629999998956919],[12195059.9622,-21516.146299999207258],[12195055.4593,-21518.795200001448393],[12195051.486000001430511,-21521.31140000000596],[12195046.850699998438358,-21524.490100000053644],[12195043.142299998551607,-21526.609200000762939],[12195038.904199998825788,-21528.860599998384714],[12195034.7986,-21531.112100001424551],[12195029.8983,-21533.893399998545647],[12195026.0576,-21536.144900001585484],[12195021.422200001776218,-21538.528799999505281],[12195017.051600001752377,-21541.045200001448393],[12195013.475699998438358,-21543.561599999666214],[12195010.694400001317263,-21545.94539999961853],[12195008.443,-21548.329500000923872],[12195006.3239,-21551.375599998980761],[12195005.3968,-21554.024399999529123],[12195004.734700001776218,-21557.600299999117851],[12195004.602200001478195,-21561.308600001037121],[12195004.7516999989748,-21565.253899998962879],[12195005.264400001615286,-21578.790800001472235],[12195005.7942,-21610.973999999463558],[12195005.132,-21660.771800000220537],[12195002.68470000103116,-21711.88569999858737],[12195011.014899998903275,-21718.241999998688698],[12195011.013099998235703,-21718.292599998414516],[12195010.8515,-21722.781899999827147],[12194849.274500001221895,-21605.57149999961257],[12194823.3931,-21580.284099999815226],[12194748.288800001144409,-21506.903299998492002],[12194679.238000001758337,-21450.181699998676777],[12194584.7986,-21391.313999999314547],[12194557.050700001418591,-21374.017700001597404],[12194150.3812,-21120.525299999862909],[12194147.5137,-21056.620000001043081],[12194146.2269,-21027.944400001317263],[12194133.013300001621246,-21017.771099999547005],[12194123.6886,-21010.864900000393391],[12194116.5158,-21005.552600000053644],[12194090.632399998605251,-20986.382599998265505],[12194055.9331,-20962.278400000184774],[12194024.80970000103116,-20941.220199998468161],[12193989.1833,-20916.851100001484156],[12193946.1402,-20890.098099999129772],[12193906.673,-20866.920800000429153],[12193846.545200001448393,-20831.161699999123812],[12193820.0328,-20814.783300001174212],[12193816.663199998438358,-20812.701699998229742],[12193812.2432,-20809.9712999984622],[12193769.465,-20784.807399999350309],[12193737.1496,-20765.736000001430511],[12193685.4978,-20734.347600001841784],[12193648.14979999884963,-20711.170299999415874],[12193591.9952,-20678.192600000649691],[12193541.403,-20647.863600000739098],[12193516.441100001335144,-20632.342799998819828],[12193535.692699998617172,-20587.423500001430511],[12193571.2007,-20589.215599998831749],[12193568.684300001710653,-20588.818399999290705],[12193566.3004,-20588.023800000548363],[12193564.976,-20586.699400000274181],[12193563.6516,-20584.977600000798702],[12193563.386799998581409,-20583.123399998992682],[12193563.6516,-20580.739500001072884],[12193564.446199998259544,-20578.62049999833107],[12193566.168000001460314,-20575.574299998581409],[12193570.9358000010252,-20569.48200000077486],[12193573.717,-20565.376400001347065],[12193575.306400001049042,-20562.330200001597404],[12193575.8361,-20559.813700001686811],[12193575.8361,-20557.69480000063777],[12193575.4388,-20554.913400001823902],[12193574.246800001710653,-20552.397199999541044],[12193572.657499998807907,-20550.543000001460314],[12193570.8033,-20548.688799999654293],[12193568.287,-20546.172499999403954],[12193558.8838,-20539.682700000703335],[12193557.4503,-20538.732799999415874],[12193512.927000001072884,-20509.221400000154972],[12193484.055100001394749,-20493.990699999034405],[12193432.2709,-20463.264499999582767],[12193396.909400001168251,-20441.27930000051856],[12193364.7923,-20420.613899998366833],[12193367.1103,-20417.17509999871254],[12193383.7978,-20394.130300000309944],[12193392.803800001740456,-20380.025400001555681],[12193401.80970000103116,-20365.920499999076128],[12193423.7947,-20329.499200001358986],[12193452.136999998241663,-20283.939399998635054],[12193474.122000001370907,-20253.080699998885393],[12193509.880800001323223,-20198.912399999797344],[12193522.5057,-20178.974199999123812],[12193550.804900001734495,-20134.281399998813868],[12193571.7304,-20103.422699999064207],[12193593.3979,-20067.027899999171495],[12193598.692200001329184,-20072.384899999946356],[12193664.3743,-20133.33219999819994],[12193667.0313,-20135.797600001096725],[12193695.721500001847744,-20161.418200001120567],[12193705.65089999884367,-20170.285199999809265],[12193710.776700001209974,-20175.263799998909235],[12193766.520399998873472,-20229.406800001859665],[12193773.5641999989748,-20237.011999998241663],[12193869.907000001519918,-20180.543099999427795],[12193871.720800001174212,-20180.563099998980761],[12193874.1235,-20177.27589999884367],[12193878.1321,-20171.791700001806021],[12193897.9982,-20140.323800001293421],[12193902.7661,-20131.582699999213219],[12193904.5143,-20127.132699999958277],[12193905.7857,-20123.318300001323223],[12193906.5803,-20119.027199998497963],[12193907.057100001722574,-20114.100299999117851],[12193907.057100001722574,-20108.855900000780821],[12193907.057100001722574,-20103.929099999368191],[12193907.5339,-20099.320099998265505],[12193908.169599998742342,-20094.393300000578165],[12193909.5999,-20089.943300001323223],[12193911.1891999989748,-20086.764800000935793],[12193913.0964,-20083.745000001043081],[12193926.446400001645088,-20063.243099998682737],[12193945.19990000128746,-20034.795000001788139],[12193961.410500001162291,-20012.544900000095367],[12193990.335499998182058,-19970.587600000202656],[12193994.0159,-19965.600099999457598],[12193994.9615,-19964.31870000064373],[12194007.340799998492002,-19947.54280000180006],[12194033.7229,-19909.399900000542402],[12194054.8603,-19877.772999998182058],[12194075.679900001734495,-19848.847899999469519],[12194094.4335,-19821.829900000244379],[12194118.113699998706579,-19785.435199998319149],[12194131.781599998474121,-19765.410199999809265],[12194134.960099998861551,-19761.596000000834465],[12194137.661899998784065,-19759.529800001531839],[12194140.999499998986721,-19758.099399998784065],[12194145.608399998396635,-19757.781700000166893],[12194149.8994,-19757.622699998319149],[12194202.1125,-19759.049199998378754],[12194202.2522,-19753.639600001275539],[12194203.217500001192093,-19716.233800001442432],[12194204.381700001657009,-19698.028599999845028],[12194204.598000001162291,-19694.646800000220537],[12194204.965599998831749,-19688.897900000214577],[12194206.0781,-19682.699799999594688],[12194207.0317,-19677.455200001597404],[12194207.0317,-19671.57490000128746],[12194206.4606,-19667.919399999082088],[12194206.237100001424551,-19666.489000000059605],[12194205.760200001299381,-19661.403400000184774],[12194204.806699998676777,-19655.522999998182058],[12194204.3299,-19649.960499998182058],[12194204.171,-19646.464099999517202],[12194204.3299,-19643.285399999469519],[12194205.1246,-19640.901500001549721],[12194207.1906,-19638.994300000369549],[12194210.5282,-19637.881700001657009],[12194214.660300001502037,-19637.881900001317263],[12194220.222800001502037,-19638.358600001782179],[12194225.3085,-19639.629999998956919],[12194230.553,-19641.696100000292063],[12194235.3209,-19644.55689999833703],[12194239.7709,-19647.576499998569489],[12194244.2209,-19651.072999998927116],[12194247.717300001531839,-19654.569400001317263],[12194251.0548,-19659.019299998879433],[12194252.9619,-19664.740899998694658],[12194253.7566,-19667.91950000077486],[12194254.233399998396635,-19669.82660000026226],[12194255.125,-19673.170000001788139],[12194255.5049,-19674.594300001859665],[12194257.570799998939037,-19679.362399999052286],[12194260.749499998986721,-19684.765799999237061],[12194265.0405,-19689.692699998617172],[12194287.131499998271465,-19709.558800000697374],[12194290.1512,-19711.7837999984622],[12194292.535100001841784,-19713.214099999517202],[12194294.4423,-19714.008799999952316],[12194296.0315,-19714.167599998414516],[12194296.985100001096725,-19714.008699998259544],[12194297.9386,-19711.942699998617172],[12194298.097600001841784,-19709.399900000542402],[12194299.0185999982059,-19672.2989999987185],[12194232.754099998623133,-19603.702799998223782],[12194277.8981,-19552.780799999833107],[12194304.4881,-19527.545699998736382],[12194348.3526,-19567.411499999463558],[12194409.4366,-19628.071299999952316],[12194489.9239,-19715.598200000822544],[12194491.8310999982059,-19756.284000001847744],[12194492.2309,-19762.390599999576807],[12194516.228999998420477,-19762.867300000041723],[12194544.784699998795986,-19762.573899999260902],[12194562.636,-19762.390500001609325],[12194566.055300001055002,-19762.437800001353025],[12194575.785500001162291,-19762.572500001639128],[12194608.5663,-19763.026299998164177],[12194659.264400001615286,-19762.867400001734495],[12194666.5751,-19763.026200000196695],[12194670.5484,-19763.344200000166893],[12194674.521499998867512,-19763.979899998754263],[12194678.3358,-19764.774500001221895],[12194681.0376,-19766.045899998396635],[12194682.309,-19767.158399999141693],[12194683.580400001257658,-19769.383400000631809],[12194684.0572,-19771.290600001811981],[12194684.534000001847744,-19773.356699999421835],[12194684.534000001847744,-19776.535300001502037],[12194684.534000001847744,-19780.031700000166893],[12194683.2626,-19791.474500000476837],[12194681.1965,-19804.347699999809265],[12194679.289299998432398,-19809.910300001502037],[12194677.223299998790026,-19814.201400000602007],[12194673.8858,-19818.810300000011921],[12194670.7073,-19822.30689999833703],[12194665.4626,-19826.915800001472235],[12194661.807300001382828,-19829.776399999856949],[12194657.516199998557568,-19833.43189999833703],[12194653.701900001615286,-19837.245999999344349],[12194649.8876,-19840.742600001394749],[12194647.185899998992682,-19843.762200001627207],[12194644.643,-19848.053199999034405],[12194643.2126,-19851.867499999701977],[12194641.9413,-19856.317499998956919],[12194641.1466,-19865.535399999469519],[12194640.510899998247623,-19870.144400000572205],[12194639.7163,-19874.435499999672174],[12194639.0805,-19877.93189999833703],[12194637.9681,-19881.428399998694658],[12194636.855500001460314,-19883.971200000494719],[12194635.1074,-19886.355200000107288],[12194632.8823,-19888.103300001472235],[12194629.544799998402596,-19889.692600000649691],[12194603.7276,-19899.162799999117851],[12194593.1503,-19903.04280000180006],[12194540.58839999884367,-19923.730399999767542],[12194538.637899998575449,-19924.498100001364946],[12194503.673700001090765,-19944.682199999690056],[12194467.7559,-19965.184000000357628],[12194460.921999998390675,-19967.726799998432398],[12194455.9952,-19969.157200001180172],[12194449.956,-19970.110800001770258],[12194450.6981,-19989.292599998414516],[12194378.207600001245737,-20011.977899998426437],[12194373.6516,-20013.567299999296665],[12194325.9731,-20032.532800000160933],[12194297.8616,-20043.377000000327826],[12194297.225900001823902,-20045.760899998247623],[12194296.7491,-20049.416400000452995],[12194296.5902,-20054.184200000017881],[12194296.4313,-20087.877099998295307],[12194297.225900001823902,-20094.552200000733137],[12194297.8616,-20098.366599999368191],[12194298.815200001001358,-20101.703999999910593],[12194300.8812,-20103.929099999368191],[12194303.2652,-20105.359400000423193],[12194305.967,-20105.995000001043081],[12194308.8277,-20106.154100000858307],[12194312.8008,-20105.995099999010563],[12194317.4098,-20105.041499998420477],[12194363.9758,-20092.803899999707937],[12194409.1114,-20073.255800001323223],[12194449.479200001806021,-20055.455699998885393],[12194502.5612,-20030.185899998992682],[12194545.948600001633167,-20010.796599999070168],[12194590.4485,-19992.360800001770258],[12194620.962699998170137,-19978.772300001233816],[12194627.982099998742342,-19975.461300000548363],[12194631.6904,-19973.872099999338388],[12194634.339200001209974,-19972.415300000458956],[12194637.1204,-19971.090900000184774],[12194639.769299998879433,-19969.766499999910593],[12194641.490899998694658,-19969.369100000709295],[12194643.61,-19969.104200001806021],[12194645.728999998420477,-19969.104200001806021],[12194647.318300001323223,-19969.633900001645088],[12194648.5103,-19970.561000000685453],[12194649.172400001436472,-19972.017900001257658],[12194649.5698,-19974.136900000274181],[12194650.0995,-19976.785700000822544],[12194651.953699998557568,-20012.015099998563528],[12194651.6888,-20049.76069999858737],[12194651.8213,-20053.469000000506639],[12194652.0861,-20055.985399998724461],[12194652.4835,-20058.766600001603365],[12194653.1457,-20061.150699999183416],[12194654.0728,-20062.739799998700619],[12194655.3972,-20064.064300000667572],[12194657.118900001049042,-20064.461599998176098],[12194659.105500001460314,-20064.594000000506639],[12194662.1516,-20064.461500000208616],[12194665.992400001734495,-20063.534400001168251],[12194694.467,-20051.879799999296665],[12194732.212499998509884,-20036.516699999570847],[12194767.309099998325109,-20020.358800001442432],[12194795.651299998164177,-20010.293400000780821],[12194814.325399998575449,-20003.538899999111891],[12194829.0262,-19997.711399998515844],[12194839.621399998664856,-19993.473299998790026],[12194843.1576,-19991.115899998694658],[12194844.3893,-19990.294700000435114],[12194847.1706,-19987.778400000184774],[12194849.686900001019239,-19984.99720000103116],[12194851.9384,-19982.348299998790026],[12194854.057500001043081,-19980.229299999773502],[12194856.441399998962879,-19978.639899998903275],[12194859.884799998253584,-19977.712900001555681],[12194864.122900001704693,-19977.448100000619888],[12194890.7434,-19977.183200001716614],[12194893.912999998778105,-19881.569600000977516],[12194895.6083,-19787.48369999974966],[12194895.820099998265505,-19779.43129999935627],[12194896.243900001049042,-19772.438400000333786],[12194896.879700001329184,-19766.928899999707937],[12194897.3035,-19762.690799999982119],[12194898.151099998503923,-19759.08839999884367],[12194899.4225,-19756.545400001108646],[12194901.3297,-19755.062199998646975],[12194904.5082,-19753.790699999779463],[12194909.594,-19752.307399999350309],[12194914.4677,-19752.095400001853704],[12194918.8574,-19752.267299998551607],[12194922.3453,-19551.800200000405312],[12194925.806200001388788,-19551.800299998372793],[12194931.8768,-19551.895899999886751],[12194938.371,-19543.070799998939037],[12194936.6494,-19540.95160000026226],[12194935.1926,-19538.170499999076128],[12194920.094300001859665,-19509.96059999987483],[12194902.4798,-19486.5185999982059],[12194879.435199998319149,-19459.235599998384714],[12194848.3118,-19421.092799998819828],[12194829.770100001245737,-19396.856199998408556],[12194812.023200001567602,-19372.222100000828505],[12194798.91160000115633,-19356.991500001400709],[12194791.892299998551607,-19349.442200001329184],[12194773.966699998825788,-19332.088899999856949],[12194766.993500001728535,-19325.338100001215935],[12194731.499499998986721,-19292.360199999064207],[12194715.739100001752377,-19276.732299998402596],[12194688.7212999984622,-19252.363099999725819],[12194652.6976,-19219.915199998766184],[12194612.9655,-19183.493900001049042],[12194582.2418,-19154.368900001049042],[12194593.6292,-19130.120299998670816],[12194594.531399998813868,-19127.981899999082088],[12194604.3569,-19104.691700000315905],[12194606.2111,-19100.586100000888109],[12194607.270599998533726,-19097.6722999997437],[12194607.6679,-19094.758600000292063],[12194607.800299998372793,-19092.374600000679493],[12194607.8004,-19090.123199999332428],[12194607.0057,-19087.739399999380112],[12194605.946199998259544,-19085.355399999767542],[12194604.48930000141263,-19083.103799998760223],[12194602.370299998670816,-19080.852400001138449],[12194600.1188,-19078.865800000727177],[12194599.059300001710653,-19077.144099999219179],[12194598.529599998146296,-19075.157499998807907],[12194598.397100001573563,-19072.905900001525879],[12194598.662,-19070.786899998784065],[12194599.721500001847744,-19068.270399998873472],[12194601.178399998694658,-19065.886599998921156],[12194614.952100001275539,-19046.55009999871254],[12194628.9908,-19026.286699999123812],[12194637.3345,-19015.02930000051856],[12194642.499699998646975,-19009.59910000115633],[12194647.1351,-19005.228700000792742],[12194651.1083,-19001.255399998277426],[12194654.8167,-18997.017299998551607],[12194658.2601,-18992.249499998986721],[12194668.5904,-18977.018800001591444],[12194684.3508,-18953.576699998229742],[12194706.070999998599291,-18925.631799999624491],[12194718.387899998575449,-18908.414500001817942],[12194726.7317,-18893.051300000399351],[12194733.3537,-18880.602000001817942],[12194737.591699998825788,-18875.70160000026226],[12194740.9027,-18872.522999998182058],[12194744.3462,-18869.609299998730421],[12194748.584199998527765,-18865.90089999884367],[12194752.42509999871254,-18861.397999998182058],[12194755.4712,-18856.762600000947714],[12194758.6497,-18852.657000001519918],[12194762.358,-18848.683600001037121],[12194765.139400001615286,-18846.03489999845624],[12194769.77479999884963,-18841.664299998432398],[12194773.4831,-18838.618200000375509],[12194779.9727,-18833.982799999415874],[12194786.727000001817942,-18828.287900000810623],[12194791.097600001841784,-18823.78489999845624],[12194800.765700001269579,-18810.938099998980761],[12194812.4205,-18794.780200000852346],[12194822.6184,-18780.476700000464916],[12194825.7969,-18775.443999998271465],[12194828.578200001269579,-18771.205899998545647],[12194830.564800001680851,-18767.894799999892712],[12194832.2865,-18765.510899998247623],[12194834.008299998939037,-18763.656599998474121],[12194835.8624,-18762.067400000989437],[12194837.4516,-18761.140399999916553],[12194839.041000001132488,-18760.743000000715256],[12194840.895100001245737,-18760.743000000715256],[12194842.8818,-18761.140299998223782],[12194845.2656,-18762.597199998795986],[12194847.517099998891354,-18764.981100000441074],[12194849.3713,-18767.89469999819994],[12194851.6228,-18771.868000000715256],[12194853.7418,-18775.841299999505281],[12194858.3772,-18784.714800000190735],[12194863.0126,-18795.707499999552965],[12194867.912999998778105,-18815.573399998247623],[12194874.667399998754263,-18836.101799998432398],[12194875.859299998730421,-18839.677700001746416],[12194876.521499998867512,-18843.253699999302626],[12194876.9188,-18846.432199999690056],[12194876.9189000017941,-18850.670299999415874],[12194876.653900001198053,-18853.716400001198053],[12194875.7269,-18856.232900001108646],[12194874.1376,-18860.338500000536442],[12194872.0185999982059,-18864.046700000762939],[12194869.5022,-18867.887699998915195],[12194867.118299998342991,-18871.993299998342991],[12194849.2388,-18903.249200001358986],[12194822.353500001132488,-18943.908599998801947],[12194818.77760000154376,-18949.868500001728535],[12194816.2612,-18954.239000000059605],[12194814.671999998390675,-18958.3445999994874],[12194814.009799998253584,-18961.788100000470877],[12194813.877300001680851,-18964.834300000220537],[12194814.0097,-18967.482999999076128],[12194815.3341,-18971.588799998164177],[12194818.512699998915195,-18979.402699999511242],[12194825.0882,-18988.095100000500679],[12194837.849,-19004.963799998164177],[12194845.3981,-19014.36710000038147],[12194848.444200001657009,-19019.929699998348951],[12194850.8281,-19026.15430000051856],[12194853.344500001519918,-19031.849300000816584],[12194856.655499998480082,-19039.530799999833107],[12194863.542399998754263,-19052.774900000542402],[12194874.539299998432398,-19071.754900000989437],[12194881.421799998730421,-19083.633699998259544],[12194884.335499998182058,-19088.798900000751019],[12194886.189599998295307,-19091.315200001001358],[12194888.573600001633167,-19093.30180000141263],[12194890.825,-19094.758699998259544],[12194894.003600001335144,-19095.420800000429153],[12194897.049800001084805,-19095.553300000727177],[12194899.96339999884367,-19095.685699999332428],[12194903.0095,-19094.891100000590086],[12194906.7179,-19093.037000000476837],[12194909.896499998867512,-19091.050299998372793],[12194913.339899998158216,-19088.269099999219179],[12194917.313099998980761,-19085.620200000703335],[12194948.568999998271465,-19064.826999999582767],[12194954.793699998408556,-19059.92680000141263],[12194959.1642,-19056.350699998438358],[12194962.210299998521805,-19054.629200000315905],[12194964.3294,-19053.96680000051856],[12194966.978100001811981,-19053.96680000051856],[12194969.494600001722574,-19054.761500000953674],[12194972.2758,-19056.615600001066923],[12194975.057,-19058.999600000679493]],[[12194840.702,-20109.239700000733137],[12194838.2463,-20109.387699998915195],[12194828.4457,-20110.977000001817942],[12194822.088599998503923,-20112.698800001293421],[12194815.863899998366833,-20114.155699998140335],[12194809.5068,-20115.744899999350309],[12194805.2687,-20117.334300000220537],[12194799.8387,-20120.247999999672174],[12194795.4681,-20123.029100000858307],[12194792.686900001019239,-20126.605099998414516],[12194789.3759,-20130.843199998140335],[12194786.197299998253584,-20134.948899999260902],[12194782.3565,-20139.319299999624491],[12194778.118500001728535,-20145.279199998825788],[12194770.966699998825788,-20155.21229999884963],[12194756.6631,-20170.840399999171495],[12194752.160100001841784,-20174.81359999999404],[12194747.52479999884963,-20179.051600001752377],[12194743.9489,-20181.56810000166297],[12194740.7703,-20183.4222999997437],[12194737.4593,-20185.673599999397993],[12194734.5456,-20187.263000000268221],[12194730.572500001639128,-20188.719799999147654],[12194726.996599998325109,-20189.911800000816584],[12194722.6261,-20190.706500001251698],[12194722.486000001430511,-20191.618200000375509],[12194720.6651,-20203.475099999457598],[12194719.946600001305342,-20231.236299999058247],[12194719.6034,-20244.49890000000596],[12194720.579999998211861,-20250.585299998521805],[12194723.835,-20270.871700000017881],[12194729.9732,-20283.233199998736382],[12194730.449,-20284.191700000315905],[12194741.2978,-20283.659699998795986],[12194752.8383,-20279.280200000852346],[12194757.4393,-20277.534099999815226],[12194769.081799998879433,-20279.133400000631809],[12194792.440200001001358,-20290.038499999791384],[12194798.187399998307228,-20292.721599999815226],[12194830.4681,-20306.576400000602007],[12194841.8127,-20310.91950000077486],[12194842.9883,-20311.430700000375509],[12194843.102400001138449,-20304.3141999989748],[12194849.835900001227856,-20301.44990000128746],[12194878.2311,-20289.371199999004602],[12194889.9918,-20283.967700000852346],[12194901.7524,-20278.563999999314547],[12194922.095199998468161,-20271.782999999821186],[12194935.869,-20267.756900001317263],[12194946.6761,-20264.578299999237061],[12194956.423700001090765,-20262.883099999278784],[12194999.2284,-20255.042599998414516],[12195000.923700001090765,-20281.742600001394749],[12195051.992600001394749,-20281.092099998146296],[12195064.5467,-20280.932100001722574],[12195100.730500001460314,-20280.471200000494719],[12195100.7306,-20217.323499999940395],[12195102.4258,-20211.178199999034405],[12195104.756700001657009,-20206.092500001192093],[12195108.1472,-20201.642499998211861],[12195112.809099998325109,-20197.192400000989437],[12195118.3187,-20193.166200000792742],[12195123.8281,-20189.35190000012517],[12195126.4362,-20187.656700000166893],[12195128.0662,-20186.597100000828505],[12195132.3043,-20184.26630000025034],[12195150.540199998766184,-20176.80009999871254],[12195173.6263,-20176.067299999296665],[12195169.931699998676777,-20172.777699999511242],[12195168.6087,-20171.712200000882149],[12195168.079599998891354,-20170.380199998617172],[12195167.682799998670816,-20169.5810999982059],[12195167.5506,-20167.982599999755621],[12195168.74549999833107,-20115.903799999505281],[12195167.952,-20111.64130000025034],[12195165.570999998599291,-20106.313499998301268],[12195161.4699,-20102.583700001239777],[12195145.064800001680851,-20097.121300000697374],[12195134.349800001829863,-20094.184300001710653],[12195122.706,-20090.992600001394749],[12195111.9016,-20088.594000000506639],[12195098.0981,-20085.529500000178814],[12195089.7872,-20084.739500001072884],[12195081.0312,-20084.196299999952316],[12195072.6961,-20084.595300000160933],[12195065.735599998384714,-20085.196899998933077],[12195062.202599998563528,-20085.680900000035763],[12195048.693799998611212,-20088.594500001519918],[12195032.006299998611212,-20093.362300001084805],[12195011.3457,-20099.322200000286102],[12194974.792100001126528,-20112.433899998664856],[12194964.329300001263618,-20116.407200001180172],[12194960.356199998408556,-20117.864000000059605],[12194955.720800001174212,-20119.58559999987483],[12194951.3503,-20120.247999999672174],[12194946.582400001585484,-20120.910199999809265],[12194942.0794,-20121.175000000745058],[12194936.781800001859665,-20121.174899999052286],[12194929.7625,-20120.645199999213219],[12194917.842799998819828,-20118.658500000834465],[12194883.27589999884367,-20110.712200000882149],[12194859.7016,-20108.593100000172853],[12194849.2388,-20108.725600000470877],[12194843.157699998468161,-20109.09180000051856],[12194840.702,-20109.239700000733137]]],[[[12193842.0905,-19291.505100000649691],[12193785.749200001358986,-19242.157699998468161],[12193784.478999998420477,-19241.045099999755621],[12193781.122900001704693,-19248.8766999989748],[12193745.9494,-19229.16609999909997],[12193717.3427,-19251.416400000452995],[12193580.9037000015378,-19137.460900001227856],[12193580.447299998253584,-19137.079799998551607],[12193575.896499998867512,-19133.278900001198053],[12193605.5629,-19118.445599999278784],[12193661.1534,-19076.671700000762939],[12193901.2405,-19074.38120000064373],[12193904.1769,-19070.11540000140667],[12193919.2623,-19070.11540000140667],[12193980.8195,-19070.115299999713898],[12193980.4547,-19073.21680000051856],[12193980.093199998140335,-19076.288800001144409],[12193974.3983,-19128.603000000119209],[12193970.027800001204014,-19175.619500000029802],[12193963.008499998599291,-19245.945599999278784],[12193957.1811,-19314.020100001245737],[12193952.678100001066923,-19362.625900000333786],[12193952.280699998140335,-19368.453299999237061],[12193951.883499998599291,-19371.234499998390675],[12193951.4861,-19373.35359999909997],[12193950.559,-19374.942899998277426],[12193949.3671,-19375.605000000447035],[12193948.3076,-19375.737399999052286],[12193946.5858,-19375.605099998414516],[12193944.7317,-19374.678100001066923],[12193942.6127,-19373.618400000035763],[12193939.6989,-19371.631999999284744],[12193912.548700001090765,-19352.163100000470877],[12193872.8167,-19317.331199999898672],[12193842.0905,-19291.505100000649691]]],[[[12192855.353,-18268.854400001466274],[12192954.5592,-18373.738400001078844],[12192898.318599998950958,-18486.956799998879433],[12192895.022100001573563,-18493.592999998480082],[12192873.762899998575449,-18486.457100000232458],[12192731.32319999858737,-18438.645399998873472],[12192855.353,-18268.854400001466274]]],[[[12196104.1316,-12184.992600001394749],[12196133.3108000010252,-12270.800299998372793],[12196229.8222,-12554.61430000141263],[12196128.778900001198053,-12616.961800001561642],[12196127.2859,-12617.88289999961853],[12196001.5957,-12607.893500000238419],[12195760.138300001621246,-12557.944699998944998],[12195478.9894,-12567.935300000011921],[12195313.6078,-12644.524000000208616],[12195171.379,-12224.953299999237061],[12195052.3043,-12274.90260000154376],[12194865.130199998617172,-11345.88740000128746],[12195585.8697,-10858.771800000220537],[12196110.7452,-11429.099700000137091],[12196368.761599998921156,-11777.340999998152256],[12196411.7408,-11835.349700000137091],[12196104.1316,-12184.992600001394749]]],[[[12196530.814399998635054,-11296.567800000309944],[12195750.211599998176098,-10436.117300000041723],[12195887.809,-10305.583799999207258],[12196022.7604,-10297.59180000051856],[12196528.1662,-10145.746399998664856],[12196526.38459999859333,-10438.189500000327826],[12196528.6818,-11047.578200001269579],[12196530.814399998635054,-11296.567800000309944]]],[[[12195525.217500001192093,-10071.864500001072884],[12195527.4954,-10065.401500001549721],[12195532.108199998736382,-10042.062199998646975],[12195533.9624,-10035.969900000840425],[12195536.081300001591444,-10028.950500000268221],[12195536.875999998301268,-10024.447500001639128],[12195536.875999998301268,-10021.401299998164177],[12195536.7436,-10019.282499998807907],[12195536.0814,-10017.295699998736382],[12195535.021899998188019,-10015.441700000315905],[12195531.1811,-10010.806099999696016],[12195525.353799998760223,-10003.521899998188019],[12195521.777800001204014,-9998.091899998486042],[12195520.633499998599291,-9995.715399999171495],[12195516.9391999989748,-9988.244699999690056],[12195515.455899998545647,-9985.384199999272823],[12195513.5488,-9982.31140000000596],[12195511.429699998348951,-9979.450800001621246],[12195509.5225,-9977.437699999660254],[12195506.8737,-9975.000799998641014],[12195499.189399998635054,-9967.209100000560284],[12195495.1573,-9962.995200000703335],[12195476.7482,-9942.069600000977516],[12195458.339000001549721,-9923.925299998372793],[12195447.2141,-9912.270599998533726],[12195442.843400001525879,-9905.91330000013113],[12195441.5191,-9902.602400001138449],[12195440.7245,-9898.894099999219179],[12195440.327100001275539,-9895.980399999767542],[12195440.327100001275539,-9891.477400001138449],[12195440.459600001573563,-9887.901500001549721],[12195440.8569,-9885.120200000703335],[12195441.9164,-9881.941599998623133],[12195443.042100001126528,-9878.8293999992311],[12195445.349599998444319,-9873.979299999773502],[12195448.6708,-9869.094900000840425],[12195450.6574,-9865.519200000911951],[12195451.6508,-9863.929800000041723],[12195456.6409,-9858.235599998384714],[12195457.544300001114607,-9857.307700000703335],[12195466.9476,-9848.831700000911951],[12195493.9654,-9825.521999999880791],[12195513.434099998325109,-9808.834600001573563],[12195518.718899998813868,-9804.322299998253584],[12195530.6514,-9794.133699998259544],[12195531.386300001293421,-9793.506099998950958],[12195531.795000001788139,-9773.325800001621246],[12195529.6442,-9770.647100001573563],[12195520.903099998831749,-9759.760499998927116],[12195514.8765,-9753.303300000727177],[12195508.665600001811981,-9746.648899998515844],[12195492.9318,-9727.736400000751019],[12195474.098700001835823,-9705.804299999028444],[12195459.8746,-9692.692699998617172],[12195453.0407,-9684.746300000697374],[12195450.5773,-9680.77309999987483],[12195449.067499998956919,-9677.832800000905991],[12195448.272799998521805,-9676.005100000649691],[12195447.875599998980761,-9674.098099999129772],[12195448.0345,-9672.349800001829863],[12195448.272799998521805,-9670.601500000804663],[12195448.908599998801947,-9668.297100000083447],[12195449.2264,-9665.833700001239777],[12195449.147,-9664.323899999260902],[12195448.829100001603365,-9662.575599998235703],[12195448.3523,-9660.50959999859333],[12195447.5577,-9658.920200001448393],[12195446.6041,-9657.410599999129772],[12195445.2533,-9655.503299999982119],[12195443.981800001114607,-9653.834499999880791],[12195441.438900001347065,-9650.759300000965595],[12195435.638099998235703,-9643.130699999630451],[12195430.430599998682737,-9635.962099999189377],[12195426.3501,-9630.232099998742342],[12195424.972800001502037,-9628.642799999564886],[12195423.807300001382828,-9627.583099998533726],[12195422.8537,-9626.947599999606609],[12195421.052499998360872,-9626.629700001329184],[12195419.2513,-9626.629700001329184],[12195417.5561,-9627.371399998664856],[12195415.3310999982059,-9628.854600001126528],[12195413.5299,-9630.12609999999404],[12195411.5169,-9631.821400001645088],[12195404.559999998658895,-9638.201499998569489],[12195403.5345,-9639.157600000500679],[12195387.5623,-9654.335200000554323],[12195379.695300001651049,-9660.851300001144409],[12195368.8088,-9670.863800000399351],[12195357.206999998539686,-9681.909400001168251],[12195346.638300001621246,-9691.047800000756979],[12195328.758900001645088,-9707.496700000017881],[12195319.69990000128746,-9715.443300001323223],[12195317.87220000103116,-9716.873500000685453],[12195316.5214,-9717.509300000965595],[12195314.932,-9718.144999999552965],[12195313.6606,-9718.224500000476837],[12195312.5482,-9718.144999999552965],[12195311.038400001823902,-9717.588700000196695],[12195309.1312,-9716.953099999576807],[12195305.3964,-9715.125399999320507],[12195301.58219999819994,-9713.536100000143051],[12195295.225000001490116,-9710.516499999910593],[12195282.5902,-9703.444200001657009],[12195276.312600001692772,-9700.106699999421835],[12195273.610800001770258,-9698.596700001507998],[12195271.94200000166893,-9697.722699999809265],[12195270.8295,-9697.404800001531839],[12195269.717,-9697.245799999684095],[12195268.922400001436472,-9697.325399998575449],[12195268.127700001001358,-9697.643300000578165],[12195266.061700001358986,-9699.232400000095367],[12195257.956300001591444,-9706.543200001120567],[12195254.777800001204014,-9709.244899999350309],[12195253.34739999845624,-9710.357500001788139],[12195251.9965,-9711.470100000500679],[12195250.6457,-9712.105700001120567],[12195249.374200001358986,-9712.582499999552965],[12195248.102699998766184,-9712.582600001245737],[12195246.9903,-9712.185199998319149],[12195246.0367,-9711.470100000500679],[12195245.0037,-9710.357500001788139],[12195243.7322,-9708.370999999344349],[12195236.66,-9698.120000001043081],[12195227.760000001639128,-9685.087900001555681],[12195226.7269,-9683.578099999576807],[12195225.8528,-9682.386199999600649],[12195225.375999998301268,-9681.194099999964237],[12195224.9787,-9680.002199999988079],[12195224.7403,-9678.412900000810623],[12195224.7403,-9677.061999998986721],[12195225.058200001716614,-9675.949599999934435],[12195225.535,-9675.075500000268221],[12195226.329599998891354,-9674.042399998754263],[12195230.382199998944998,-9670.546000000089407],[12195239.3618,-9662.281599998474121],[12195248.3412000015378,-9654.653099998831749],[12195253.029599998146296,-9650.838700000196695],[12195259.7045,-9645.196899998933077],[12195274.6281,-9629.898299999535084],[12195275.517900001257658,-9628.986099999397993],[12195284.020599998533726,-9621.675500001758337],[12195290.9126,-9615.457899998873472],[12195302.6946,-9604.828999999910593],[12195326.2955,-9584.962900001555681],[12195346.0026,-9569.626499999314547],[12195353.949,-9562.713100001215935],[12195355.427299998700619,-9560.764499999582767],[12195355.6972,-9560.408500000834465],[12195356.5713,-9558.978199999779463],[12195357.048099998384714,-9557.229899998754263],[12195357.2865,-9555.720199998468161],[12195357.366,-9554.210400000214577],[12195357.365899998694658,-9553.097800001502037],[12195357.127500001341105,-9551.667599998414516],[12195356.5713,-9550.316700000315905],[12195355.9355,-9548.965599998831749],[12195354.9025,-9547.535399999469519],[12195354.5962999984622,-9547.153900001198053],[12195350.0552,-9541.495999999344349],[12195335.672200001776218,-9524.888099998235703],[12195325.500799998641014,-9511.538100000470877],[12195323.434799998998642,-9508.597800001502037],[12195321.368700001388788,-9504.863099999725819],[12195319.8589,-9502.240800000727177],[12195318.666900001466274,-9500.015799999237061],[12195317.2364999987185,-9496.360300000756979],[12195316.044599998742342,-9493.579100001603365],[12195313.8196,-9490.480099998414516],[12195311.219700001180172,-9487.657299999147654],[12195311.038400001823902,-9487.460499998182058],[12195308.49549999833107,-9484.838100001215935],[12195306.1116,-9483.328299999237061],[12195301.66160000115633,-9480.864999998360872],[12195299.000599998980761,-9479.187899999320507],[12195296.3519,-9477.068799998611212],[12195289.235599998384714,-9453.686000000685453],[12195287.7787000015378,-9450.242499999701977],[12195286.057,-9446.534200001507998],[12195283.9681,-9442.686200000345707],[12195283.5407,-9441.898899998515844],[12195283.3849,-9441.68640000000596],[12195280.627,-9437.925500001758337],[12195277.448399998247623,-9434.349599998444319],[12195274.613699998706579,-9431.423599999397993],[12195273.3427,-9430.1114999987185],[12195269.7669,-9427.462799999862909],[12195264.866500001400709,-9424.284200001507998],[12195259.436500001698732,-9421.635400000959635],[12195254.2714,-9419.516399998217821],[12195248.1791,-9417.662200000137091],[12195242.881499998271465,-9416.602699998766184],[12195236.127,-9415.940600000321865],[12195229.504999998956919,-9415.675500001758337],[12195221.558600001037121,-9415.940499998629093],[12195213.4798,-9417.662200000137091],[12195208.844300001859665,-9420.311000000685453],[12195203.1494,-9424.813999999314547],[12195196.394900001585484,-9430.906100001186132],[12195160.1064000017941,-9468.386700000613928],[12195155.868299998342991,-9472.227699998766184],[12195152.292399998754263,-9475.273699998855591],[12195149.113899998366833,-9477.260400000959635],[12195146.686999998986721,-9478.210099998861551],[12195146.067699998617172,-9478.452399998903275],[12195142.6243,-9479.114399999380112],[12195139.975499998778105,-9478.982099998742342],[12195136.7969,-9478.054900001734495],[12195134.1481,-9476.99549999833107],[12195131.1019,-9475.14130000025034],[12195127.3935999982059,-9472.889899998903275],[12195116.5335,-9465.738099999725819],[12195114.6794,-9464.281100001186132],[12195113.6199,-9462.956900000572205],[12195112.825199998915195,-9461.234999999403954],[12195112.42790000140667,-9459.116200000047684],[12195112.5603,-9456.73200000077486],[12195113.355,-9454.215799998492002],[12195114.6794,-9451.56700000166893],[12195116.2685999982059,-9449.050599999725819],[12195118.387699998915195,-9446.136900000274181],[12195121.433899998664856,-9442.825800001621246],[12195123.420400001108646,-9440.706900000572205],[12195126.069200001657009,-9437.528299998492002],[12195128.3207,-9434.48200000077486],[12195130.704599998891354,-9430.773800000548363],[12195132.426399998366833,-9427.860100001096725],[12195134.412999998778105,-9424.019400000572205],[12195135.604899998754263,-9419.648800000548363],[12195136.1347,-9415.807900000363588],[12195136.532000001519918,-9410.775299999862909],[12195136.267099998891354,-9399.915100000798702],[12195136.1347,-9395.941899999976158],[12195135.869800001382828,-9391.571400001645088],[12195135.075199998915195,-9387.068500000983477],[12195133.353500001132488,-9381.903400000184774],[12195131.4993,-9377.797699999064207],[12195129.3803,-9373.559500001370907],[12195126.4666,-9369.586300000548363],[12195123.6853,-9366.540300000458956],[12195119.977000001817942,-9362.699499998241663],[12195114.8334,-9358.665199998766184],[12195113.222600001841784,-9357.401900000870228],[12195110.2011,-9355.302799999713898],[12195100.640700001269579,-9348.660700000822544],[12195096.535100001841784,-9346.144400000572205],[12195094.0187,-9344.555100001394749],[12195092.032200001180172,-9342.436200000345707],[12195090.84010000154376,-9340.714400000870228],[12195090.17790000140667,-9338.99269999936223],[12195090.310400001704693,-9336.741099998354912],[12195090.84010000154376,-9334.754599999636412],[12195092.164500001817942,-9332.635499998927116],[12195094.1512,-9330.516499999910593],[12195097.197299998253584,-9327.602699998766184],[12195100.640700001269579,-9323.894400000572205],[12195104.746399998664856,-9319.656300000846386],[12195108.984499998390675,-9316.08049999922514],[12195125.0097,-9298.598400000482798],[12195128.717999998480082,-9293.962999999523163],[12195132.5588,-9289.724800001829863],[12195138.386100001633167,-9284.427299998700619],[12195144.743299998342991,-9279.924300000071526],[12195157.3251,-9272.375100001692772],[12195159.974,-9270.256099998950958],[12195162.2254,-9268.004599999636412],[12195164.609299998730421,-9264.561200000345707],[12195166.7284,-9260.587999999523163],[12195168.317699998617172,-9257.541799999773502],[12195170.3043,-9254.230799999088049],[12195173.085499998182058,-9250.125199999660254],[12195175.8668,-9246.946600001305342],[12195178.647999998182058,-9243.900400001555681],[12195180.700800001621246,-9241.913899999111891],[12195182.7537,-9239.927299998700619],[12195200.500599998980761,-9225.491300001740456],[12195239.305599998682737,-9195.294799998402596],[12195241.6895,-9193.175900001078844],[12195243.4113,-9191.321699999272823],[12195244.868099998682737,-9189.070199999958277],[12195246.059999998658895,-9186.81870000064373],[12195246.8547,-9183.905099999159575],[12195247.252,-9181.123700000345707],[12195247.252,-9178.607400000095367],[12195246.8547,-9176.223499998450279],[12195246.059999998658895,-9173.574599999934435],[12195244.868099998682737,-9171.190799999982119],[12195243.1464,-9168.277199998497963],[12195240.7625,-9165.098499998450279],[12195220.101799998432398,-9139.405099999159575],[12195197.189599998295307,-9108.14919999986887],[12195194.6732,-9104.440900001674891],[12195192.6332,-9101.763199999928474],[12195192.359299998730421,-9101.501299999654293],[12195190.4351,-9099.937699999660254],[12195188.1397,-9098.939800001680851],[12195187.388999998569489,-9098.613499999046326],[12195184.4753,-9097.951299998909235],[12195181.6941,-9097.68640000000596],[12195179.7075,-9097.818799998611212],[12195177.191100001335144,-9098.613499999046326],[12195173.8801,-9100.070199999958277],[12195167.655499998480082,-9103.911100000143051],[12195159.973900001496077,-9108.678899999707937],[12195145.0082,-9119.936299998313189],[12195121.3013,-9139.802299998700619],[12195100.3759,-9160.198100000619888],[12195077.066399998962879,-9180.991399999707937],[12195059.716699998825788,-9195.692200001329184],[12195030.05009999871254,-9222.047800000756979],[12194996.013,-9250.522399999201298],[12194963.5651,-9277.937600001692772],[12194941.977400001138449,-9298.730700001120567],[12194938.269000001251698,-9302.306699998676777],[12194934.825599998235703,-9305.087999999523163],[12194931.911899998784065,-9306.809599999338388],[12194929.528,-9307.869199998676777],[12194926.7467,-9308.663800001144409],[12194924.362799998372793,-9308.531399998813868],[12194921.8464,-9308.13399999961257],[12194919.9751,-9307.26069999858737],[12194919.8598,-9307.206900000572205],[12194918.0057,-9305.882599998265505],[12194915.6217,-9303.498500000685453],[12194912.8405,-9300.584899999201298],[12194901.515299998223782,-9286.932599999010563],[12194890.1897,-9273.279800001531839],[12194883.8361,-9265.620700001716614],[12194880.922400001436472,-9262.309799998998642],[12194878.803399998694658,-9260.322999998927116],[12194877.0817,-9258.866399999707937],[12194874.9626,-9257.806800000369549],[12194872.578699998557568,-9257.409299999475479],[12194870.592099998146296,-9257.409299999475479],[12194868.340599998831749,-9257.939100001007318],[12194866.4864,-9258.733899999409914],[12194864.4998,-9260.190699998289347],[12194861.851,-9262.177200000733137],[12194859.0698,-9264.69370000064373],[12194855.3614999987185,-9268.534400001168251],[12194840.5282,-9284.162399999797344],[12194837.614500001072884,-9286.678599998354912],[12194835.62779999896884,-9288.400400001555681],[12194833.6413,-9289.857299998402596],[12194832.184500001370907,-9290.916700001806021],[12194830.462699998170137,-9291.44649999961257],[12194829.0059,-9291.44649999961257],[12194827.8618,-9291.238600000739098],[12194827.5489999987185,-9291.181800000369549],[12194820.9388,-9315.2956000007689],[12194796.5698,-9337.148200001567602],[12194766.108600001782179,-9300.727200001478195],[12194733.131,-9328.539500001817942],[12194630.3574,-9418.864000000059605],[12194608.9021,-9388.800000000745058],[12194604.2667,-9369.198800001293421],[12194698.034400001168251,-9290.661800000816584],[12194743.7262,-9264.173599999397993],[12194734.190499998629093,-9226.692899998277426],[12194762.4003,-9193.715300001204014],[12194762.5328,-9170.273400001227856],[12194750.877999998629093,-9128.024900000542402],[12194750.480700001120567,-9114.251299999654293],[12194799.814800001680851,-9076.628699999302626],[12194800.0334,-9056.636999998241663],[12194792.464200001209974,-9052.269200000911951],[12194773.3928,-9042.203600000590086],[12194771.1629,-9043.539599999785423],[12194740.8151,-9060.325500000268221],[12194705.4725,-9096.939500000327826],[12194664.7122,-9119.138099998235703],[12194617.108399998396635,-9158.921700000762939],[12194509.672899998724461,-9249.669799998402596],[12194501.2498,-9169.728700000792742],[12194505.5693,-9164.084800001233816],[12194514.972600001841784,-9151.900299999862909],[12194517.8862,-9147.927099999040365],[12194521.462000001221895,-9143.953899998217821],[12194525.4353,-9139.848299998790026],[12194530.2031,-9134.815600000321865],[12194533.381700001657009,-9131.504599999636412],[12194539.0766,-9126.736600000411272],[12194551.1287,-9116.803700000047684],[12194602.9128,-9071.906399998813868],[12194626.8845,-9050.715900000184774],[12194629.6657,-9047.934799998998642],[12194632.5794,-9044.623700000345707],[12194634.3011,-9041.577500000596046],[12194635.7579,-9038.001600001007318],[12194637.214899998158216,-9034.82319999858737],[12194638.6716,-9032.968899998813868],[12194640.260899998247623,-9031.512099999934435],[12194595.995700001716614,-8900.165699999779463],[12194693.1437,-8820.939699999988079],[12194798.099399998784065,-8744.416000001132488],[12194823.263099998235703,-8733.953099999576807],[12194823.6604,-8732.496300000697374],[12194824.190200001001358,-8731.569299999624491],[12194824.8523,-8730.907000001519918],[12194827.7661,-8727.861000001430511],[12194846.0689,-8713.459399998188019],[12194884.498399998992682,-8684.34010000154376],[12194919.4626,-8658.514299999922514],[12194927.938700001686811,-8652.1570999994874],[12194935.487799998372793,-8646.991900000721216],[12194954.5592,-8635.602099999785423],[12194961.181200001388788,-8632.291000001132488],[12194967.935600001364946,-8628.185400001704693],[12194971.9087999984622,-8625.271699998527765],[12194974.6901,-8622.622900001704693],[12194976.544300001114607,-8619.97410000115633],[12194978.398400001227856,-8616.000999998301268],[12194979.227400001138449,-8613.040399998426437],[12194979.3255,-8612.689899999648333],[12194980.1201,-8608.84910000115633],[12194980.1202,-8604.478500001132488],[12194979.9877,-8599.578299999237061],[12194979.19310000166297,-8586.334300000220537],[12194978.6633,-8583.288100000470877],[12194978.133499998599291,-8580.506799999624491],[12194977.2064,-8577.593199998140335],[12194975.7496,-8574.811999998986721],[12194974.36259999871254,-8572.9206000007689],[12194974.29280000180006,-8572.825300000607967],[12194972.306200001388788,-8571.236000001430511],[12194969.7898,-8569.911699999123812],[12194967.6708,-8569.249400001019239],[12194965.949,-8569.249400001019239],[12194963.6976,-8569.514299999922514],[12194961.3136,-8570.309000000357628],[12194958.5324,-8571.633400000631809],[12194955.618700001388788,-8573.355200000107288],[12194952.3077,-8575.606499999761581],[12194948.599399998784065,-8578.520399998873472],[12194944.7586,-8581.831300001591444],[12194938.6664,-8587.129000000655651],[12194929.528,-8594.015700001269579],[12194914.959600001573563,-8604.611000001430511],[12194877.4525,-8628.688700001686811],[12194846.7793,-8648.872800000011921],[12194826.365600001066923,-8664.475499998778105],[12194821.8277,-8667.943999998271465],[12194812.6679,-8673.560400001704693],[12194810.9461,-8674.355000000447035],[12194809.224399998784065,-8675.017099998891354],[12194800.102899998426437,-8688.974199999123812],[12194790.5863,-8696.200100000947714],[12194771.7144,-8708.381999999284744],[12194723.108800001442432,-8745.200500000268221],[12194669.07319999858737,-8791.289500001817942],[12194634.688499998301268,-8820.939699999988079],[12194593.4705,-8854.721000000834465],[12194558.506299998611212,-8836.921100001782179],[12194447.8922,-8926.344799999147654],[12194423.523200001567602,-8909.392499998211861],[12194383.6224,-8949.992300000041723],[12194360.312600001692772,-8960.587699998170137],[12194306.571400001645088,-8988.737500000745058],[12194297.2201,-8993.113200001418591],[12194297.107299998402596,-8992.571800000965595],[12194289.3728,-8954.958799999207258],[12194284.122299998998642,-8926.686299998313189],[12194280.418200001120567,-8927.789599999785423],[12194134.9212,-8971.132500000298023],[12194189.51969999819994,-9147.078200001269579],[12194192.2493,-9155.874400001019239],[12194215.7183,-9144.34910000115633],[12194257.3435,-9123.907299999147654],[12194274.807799998670816,-9164.665300000458956],[12194231.456,-9185.614799998700619],[12194195.4249,-9203.026500001549721],[12194217.278900001198053,-9249.778900001198053],[12194220.827599998563528,-9257.37049999833107],[12194286.2159,-9220.3141999989748],[12194332.933600001037121,-9193.838700000196695],[12194340.6957,-9189.439899999648333],[12194351.8096,-9286.140900000929832],[12194351.572500001639128,-9286.304200001060963],[12194246.23,-9358.866599999368191],[12194252.580899998545647,-9451.571600001305342],[12194237.498100001364946,-9472.350499998778105],[12194255.756099998950958,-9509.112799998372793],[12194285.1279,-9491.530799999833107],[12194319.2628,-9539.481699999421835],[12194292.2725,-9570.64979999884963],[12194311.324499998241663,-9613.272700000554323],[12194357.8959,-9611.141499999910593],[12194415.052000001072884,-9672.94480000063777],[12194412.934999998658895,-9698.5185999982059],[12194551.8693,-9831.567699998617172],[12194732.1899,-10004.249899998307228],[12194900.2885,-10165.228300001472235],[12195313.6705,-10561.10080000013113],[12194792.917599998414516,-10930.323600001633167],[12194692.894000001251698,-10354.913100000470877],[12194806.5766,-10227.082400001585484],[12194783.0585,-10201.771499998867512],[12194687.2727,-10098.683699999004602],[12194668.7648,-10078.764800000935793],[12194643.728,-10051.819299999624491],[12194536.2438,-9936.141800001263618],[12194354.3244,-10119.288100000470877],[12194316.7368,-10206.100099999457598],[12194241.865200001746416,-10379.022199999541044],[12193867.309300001710653,-10621.041499998420477],[12193824.44200000166893,-10495.836300000548363],[12193631.276099998503923,-10330.6722999997437],[12193564.541700001806021,-10122.92790000140667],[12193477.4067,-9851.677400000393391],[12193329.6191,-9318.375799998641014],[12193189.375599998980761,-9329.031399998813868],[12193086.1771,-8990.711300000548363],[12192960.77,-8698.52760000154376],[12192900.949499998241663,-8559.153599999845028],[12193459.2773,-8252.800200000405312],[12193760.2986,-8685.378400001674891],[12193774.6884,-8706.057300001382828],[12193836.563299998641014,-8794.973799999803305],[12193997.2282,-8730.472699999809265],[12194114.0264,-8676.258000001311302],[12194148.739500001072884,-8720.936700001358986],[12194154.2174,-8728.144099999219179],[12193863.760499998927116,-8834.05689999833703],[12193885.829999998211861,-8865.772100001573563],[12194036.1574,-8849.21000000089407],[12194046.776999998837709,-8848.040199998766184],[12194096.1954,-8842.59569999948144],[12194130.335499998182058,-8931.193799998611212],[12194277.8048,-8889.544100001454353],[12194282.7458,-8888.148600000888109],[12194287.6871,-8901.828899998217821],[12194352.315499998629093,-8861.272300001233816],[12194390.906100001186132,-8833.487399999052286],[12194408.440699998289347,-8820.939599998295307],[12194425.5524,-8808.694499999284744],[12194453.6827,-8786.921300001442432],[12194488.647,-8756.565900001674891],[12194516.936099998652935,-8735.26969999819994],[12194539.6629,-8716.357200000435114],[12194562.3897,-8699.034000001847744],[12194574.7861,-8689.6570999994874],[12194579.395,-8686.637600000947714],[12194584.1628,-8683.617899999022484],[12194587.9771,-8681.075100000947714],[12194590.996800001710653,-8678.850000001490116],[12194593.539500001817942,-8676.465999998152256],[12194600.896499998867512,-8661.148400001227856],[12194604.287,-8655.003299999982119],[12194607.465599998831749,-8651.188900001347065],[12194612.551199998706579,-8646.315099999308586],[12194619.120299998670816,-8641.653299998492002],[12194678.0297,-8598.636700000613928],[12194732.277199998497963,-8556.467700000852346],[12194778.2604,-8521.715399999171495],[12194799.026999998837709,-8504.974899999797344],[12194806.4437,-8498.405900001525879],[12194811.317499998956919,-8495.651099998503923],[12194818.3103,-8492.260600000619888],[12194823.3961,-8490.565400000661612],[12194841.8526,-8486.606800001114607],[12194885.5579,-8453.708500001579523],[12194931.3292,-8425.419399999082088],[12194935.620299998670816,-8423.035399999469519],[12194938.9577,-8420.492600001394749],[12194941.977400001138449,-8417.313900001347065],[12194943.7256,-8414.771200001239777],[12194945.155900001525879,-8411.592599999159575],[12194945.950599998235703,-8408.254999998956919],[12194945.950599998235703,-8404.917599998414516],[12194945.950599998235703,-8400.785300001502037],[12194945.6327,-8396.812100000679493],[12194944.6791,-8391.885299999266863],[12194937.8453,-8361.848000001162291],[12194927.6738,-8312.739000000059605],[12194926.561299998313189,-8309.083700001239777],[12194925.289900001138449,-8306.381999999284744],[12194923.541700001806021,-8303.521200001239777],[12194921.63459999859333,-8301.93189999833703],[12194919.727400001138449,-8300.819499999284744],[12194918.456,-8300.819499999284744],[12194916.7078,-8300.978399999439716],[12194914.482700001448393,-8301.614000000059605],[12194911.781,-8303.044399999082088],[12194907.807799998670816,-8305.428300000727177],[12194902.881,-8308.765999998897314],[12194896.523899998515844,-8313.215799998492002],[12194889.2132,-8319.414099998772144],[12194851.229400001466274,-8351.358600001782179],[12194836.608,-8361.132800001651049],[12194835.9747,-8380.014800000935793],[12194658.6109,-8512.878899998962879],[12194639.9633,-8505.885999999940395],[12194639.539500001817942,-8448.035999998450279],[12194633.1824,-8437.228900000452995],[12194616.8657,-8449.943300001323223],[12194591.861000001430511,-8472.616999998688698],[12194405.5971,-8616.500199999660254],[12194293.3893,-8694.278400000184774],[12194264.6615,-8711.437699999660254],[12194252.291700001806021,-8718.826400000602007],[12194248.547600001096725,-8699.656199999153614],[12194248.3185,-8698.483600001782179],[12194262.581300001591444,-8691.108800001442432],[12194287.6893,-8678.125999998301268],[12194291.0073,-8675.890399999916553],[12194298.1591,-8671.122600000351667],[12194306.105500001460314,-8665.083299998193979],[12194311.9859,-8659.997499998658895],[12194317.8662,-8654.752999998629093],[12194356.962499998509884,-8625.986999999731779],[12194365.067899998277426,-8619.788699999451637],[12194371.425,-8615.338799998164177],[12194379.212499998509884,-8610.094200000166893],[12194385.7286,-8605.802999999374151],[12194391.1321,-8601.829700000584126],[12194394.1527,-8599.41330000013113],[12194385.4556,-8559.836100000888109],[12194392.6074,-8545.135299999266863],[12194410.457600001245737,-8543.499099999666214],[12194411.4749,-8542.549499999731779],[12194415.765999998897314,-8539.529800001531839],[12194421.328499998897314,-8536.351300001144409],[12194427.6857,-8533.013900000602007],[12194448.028499998152256,-8522.365600001066923],[12194467.5766,-8509.015700001269579],[12194487.9194,-8492.328200001269579],[12194508.2623,-8477.388900000602007],[12194533.372900001704693,-8461.178100001066923],[12194542.4318,-8454.979899998754263],[12194549.583500001579523,-8449.894200000911951],[12194555.781800001859665,-8444.331799998879433],[12194560.708500001579523,-8439.405000001192093],[12194564.8407,-8434.637200001627207],[12194568.1782,-8431.458500001579523],[12194571.9925,-8428.597899999469519],[12194575.965599998831749,-8426.690699998289347],[12194580.256700001657009,-8425.101399999111891],[12194584.5478,-8423.989000000059605],[12194592.3398,-8422.099800001829863],[12194585.570099998265505,-8405.518399998545647],[12194605.535799998790026,-8379.597600001841784],[12194595.423700001090765,-8373.097100000828505],[12194572.8558,-8401.545200001448393],[12194560.300500001758337,-8399.796999998390675],[12194268.407499998807907,-8623.482999999076128],[12194267.3358,-8620.445799998939037],[12194256.1109,-8627.88399999961257],[12194237.046,-8641.89469999819994],[12194232.8081,-8611.963500000536442],[12194253.5641999989748,-8602.998199999332428],[12194260.171999998390675,-8600.144200000911951],[12194344.2137,-8530.718299999833107],[12194502.2944,-8412.475699998438358],[12194518.101100001484156,-8401.185199998319149],[12194494.830699998885393,-8367.869600001722574],[12194463.452100001275539,-8393.411800000816584],[12194407.9333,-8437.0641999989748],[12194367.98930000141263,-8462.386700000613928],[12194354.5799,-8471.977299999445677],[12194335.25,-8485.802000001072884],[12194290.8561,-8517.905799999833107],[12194281.985399998724461,-8524.127500001341105],[12194281.1629,-8522.986099999397993],[12194239.1505,-8464.692899998277426],[12194323.9122,-8401.91609999909997],[12194315.965799998492002,-8372.11710000038147],[12194493.0383,-8253.450500000268221],[12194478.0726,-8243.385099999606609],[12194458.603799998760223,-8255.856600001454353],[12194292.958299998193979,-8361.890799999237061],[12194235.2753,-8272.461899999529123],[12194139.362100001424551,-8336.629299998283386],[12194005.1003,-8416.448899999260902],[12194116.006700001657009,-8608.756499998271465],[12194082.1369,-8625.804200001060963],[12193959.8537,-8443.348200000822544],[12193958.1772,-8440.846700001507998],[12193916.887200001627207,-8464.159699998795986],[12193874.373599998652935,-8393.039000000804663],[12193890.838,-8381.513799998909235],[12193909.6067,-8368.375399999320507],[12193909.4505,-8368.142400000244379],[12193836.696899998933077,-8259.588599998503923],[12193612.2242,-7924.658900000154972],[12193696.898699998855591,-7882.039900001138449],[12193876.1064000017941,-8192.778400000184774],[12193957.8854,-8334.580099999904633],[12193969.198600001633167,-8327.222600001841784],[12193976.5093,-8322.454599998891354],[12193982.389600001275539,-8319.434999998658895],[12193987.4754,-8317.368999999016523],[12193993.0378,-8316.256400000303984],[12193998.6004,-8315.144000001251698],[12194004.7986,-8313.236900001764297],[12194010.52,-8310.693900000303984],[12194015.128899998962879,-8308.151099998503923],[12194019.261,-8305.131499998271465],[12194045.1664,-8283.676199998706579],[12194067.893,-8263.969099998474121],[12194076.47520000115037,-8257.452899999916553],[12194085.375100001692772,-8251.254799999296665],[12194094.9109,-8244.579799998551607],[12194104.923300001770258,-8238.06359999999404],[12194142.4304,-8213.747800000011921],[12194182.639199998229742,-8186.411899998784065],[12194199.8341,-8175.650699999183416],[12194229.3642,-8157.169199999421835],[12194283.7176,-8119.662000000476837],[12194321.5425,-8094.710299998521805],[12194334.018399998545647,-8086.446100000292063],[12194286.302700001746416,-8010.896999999880791],[12194273.0508,-8019.002300001680851],[12194273.0455,-8019.005499999970198],[12194253.560899998992682,-8030.922699999064207],[12194233.914900001138449,-8042.847699999809265],[12194217.1664,-8053.013799998909235],[12194216.403499998152256,-8053.517299998551607],[12194189.5924,-8071.211100000888109],[12194165.832600001245737,-8086.070799998939037],[12194163.2898,-8087.262800000607967],[12194161.4621,-8088.057300001382828],[12194159.4754,-8088.613800000399351],[12194157.727200001478195,-8088.613800000399351],[12194157.5106,-8088.574400000274181],[12194155.978999998420477,-8088.295800000429153],[12194154.3898,-8087.580699998885393],[12194153.197700001299381,-8086.388599999248981],[12194152.1648,-8085.117300000041723],[12194151.052299998700619,-8083.368900001049042],[12194149.542399998754263,-8080.985199999064207],[12194143.979899998754263,-8071.131499998271465],[12194130.232700001448393,-8046.656599998474121],[12194124.1934,-8035.134300000965595],[12194123.001400001347065,-8031.320000000298023],[12194122.763,-8029.094999998807907],[12194122.763,-8027.664700001478195],[12194122.921999998390675,-8026.075399998575449],[12194123.1604,-8024.644999999552965],[12194123.5576,-8023.294100001454353],[12194124.5907,-8021.704900000244379],[12194126.259399998933077,-8019.797600001096725],[12194128.166499998420477,-8018.129099998623133],[12194129.835299998521805,-8016.539700001478195],[12194131.186299998313189,-8015.029699999839067],[12194132.298700001090765,-8013.361099999397993],[12194133.0933,-8011.453999999910593],[12194133.4907,-8009.546900000423193],[12194133.4907,-8007.511599998921156],[12194133.4907,-8007.321800000965595],[12194227.0288,-7962.720300000160933],[12194319.736900001764297,-7917.359600000083447],[12194366.02479999884963,-7895.996800001710653],[12194374.289,-7891.546900000423193],[12194381.2819,-7887.096999999135733],[12194386.1556,-7882.646999999880791],[12194389.1224,-7879.044599998742342],[12194392.7247,-7876.289799999445677],[12194397.810400001704693,-7873.747000001370907],[12194404.591400001198053,-7871.203999999910593],[12194456.296,-7862.515999998897314],[12194539.150600001215935,-7847.258799999952316],[12194578.1409,-7840.901799999177456],[12194624.9718,-7833.908900000154972],[12194698.078899998217821,-7821.406500000506639],[12194739.824,-7814.201900001615286],[12194755.5049,-7812.082800000905991],[12194769.2786,-7811.447000000625849],[12194783.476300001144409,-7811.235100001096725],[12194824.095400001853704,-7809.451400000602007],[12194819.133499998599291,-7823.812600001692772],[12194806.525199998170137,-7856.869500000029802],[12194792.962699998170137,-7894.956399999558926],[12194791.0563,-7900.310100000351667],[12194766.793200001120567,-7969.496899999678135],[12194763.831799998879433,-7977.345899999141693],[12194751.642099998891354,-8009.652800001204014],[12194740.093199998140335,-8040.4847999997437],[12194729.0742,-8069.727699998766184],[12194717.313499998301268,-8101.407299999147654],[12194711.631499998271465,-8117.583700001239777],[12194718.092,-8120.291999999433756],[12194753.0568,-8131.471200000494719],[12194779.942200001329184,-8140.477299999445677],[12194828.415199998766184,-8156.767400000244379],[12194852.054900001734495,-8168.900100000202656],[12194877.0861,-8176.714099999517202],[12194924.6321,-8192.077199999243021],[12194961.7154,-8200.950699999928474],[12194977.873100001364946,-8205.321199998259544],[12194995.090300001204014,-8212.473000001162291],[12195029.9221,-8228.233399998396635],[12195054.9533,-8238.696100000292063],[12195071.640700001269579,-8243.464000001549721],[12195091.506700001657009,-8248.761599998921156],[12195132.2984,-8256.840500000864267],[12195157.462000001221895,-8262.535399999469519],[12195178.9173,-8270.349300000816584],[12195205.670200001448393,-8280.149900000542402],[12195235.8666,-8289.685600001364946],[12195250.4051,-8294.859499998390675],[12195273.0823,-8302.92960000038147],[12195303.2787000015378,-8316.306099999696016],[12195313.8983,-8320.930799998342991],[12195344.335,-8334.185600001364946],[12195374.5315,-8347.959300000220537],[12195423.2694,-8367.692999999970198],[12195449.227699998766184,-8379.480099998414516],[12195454.392900001257658,-8381.599300000816584],[12195458.366099998354912,-8382.791200000792742],[12195462.3393,-8383.850600000470877],[12195466.445,-8384.115600001066923],[12195469.2262,-8383.850699998438358],[12195473.0669,-8382.923700001090765],[12195476.907699998468161,-8381.201999999582767],[12195481.940499998629093,-8378.28830000013113],[12195519.156100001186132,-8358.157200001180172],[12195549.2201,-8343.059099998325109],[12195580.608399998396635,-8329.285300001502037],[12195608.4208,-8315.643899999558926],[12195620.208,-8309.021800000220537],[12195631.8627,-8303.989100001752377],[12195636.63060000166297,-8302.399999998509884],[12195640.206500001251698,-8301.60530000180006],[12195643.649999998509884,-8301.207899998873472],[12195647.2258,-8301.208000000566244],[12195651.728799998760223,-8301.472800001502037],[12195656.3642,-8302.532299999147654],[12195659.54280000180006,-8303.459399998188019],[12195662.456500001251698,-8304.651299998164177],[12195665.8999,-8306.638099998235703],[12195668.945999998599291,-8308.889499999582767],[12195670.9326,-8311.008400000631809],[12195672.7868,-8314.319499999284744],[12195674.6409,-8317.630499999970198],[12195676.0977,-8321.074000000953674],[12195683.9117,-8340.807700000703335],[12195701.9236,-8389.280699998140335],[12195710.4903,-8410.939899999648333],[12195711.5251,-8413.556200001388788],[12195715.96229999884963,-8424.77479999884963],[12195727.8818,-8454.176500000059605],[12195748.410100001841784,-8496.292500000447035],[12195768.8059,-8548.47410000115633],[12195786.287999998778105,-8593.106300000101328],[12195798.4725,-8623.302700001746416],[12195803.372699998319149,-8637.540199998766184],[12195808.2731,-8651.777499999850988],[12195812.6435999982059,-8668.59739999845624],[12195814.630199998617172,-8674.689599998295307],[12195815.954599998891354,-8678.133000001311302],[12195817.5439000017941,-8680.914200000464916],[12195819.3981,-8683.960499998182058],[12195821.119800001382828,-8686.344399999827147],[12195823.7685,-8689.258099999278784],[12195839.7938,-8708.197000000625849],[12195852.5081,-8722.103300001472235],[12195858.6004,-8727.665800001472235],[12195861.778900001198053,-8730.844300001859665],[12195864.2953,-8734.420400001108646],[12195865.8845,-8737.466400001198053],[12195866.546799998730421,-8741.174699999392033],[12195870.6391,-8739.260200001299381],[12195934.0913,-8709.574400000274181],[12196019.594700001180172,-8672.491099998354912],[12196079.5636,-8646.426899999380112],[12196151.611000001430511,-8616.0185999982059],[12196210.626400001347065,-8591.331599999219179],[12196250.040600001811981,-8575.544700000435114],[12196253.643,-8574.273299999535084],[12196274.1659,-8559.559200000017881],[12196301.282699998468161,-8548.128400001674891],[12196304.616700001060963,-8546.692499998956919],[12196345.2529,-8529.189500000327826],[12196354.887899998575449,-8525.410300001502037],[12196360.5594,-8523.185699999332428],[12196375.9789,-8517.137499999254942],[12196383.898400001227856,-8513.896200001239777],[12196407.3673,-8504.290800001472235],[12196412.471099998801947,-8502.169100001454353],[12196419.304900001734495,-8499.785300001502037],[12196423.5257,-8498.941100001335144],[12196424.0729,-8498.831700000911951],[12196428.6818,-8498.672600001096725],[12196435.0389,-8499.149399999529123],[12196440.601300001144409,-8499.467300001531839],[12196445.846,-8498.831700000911951],[12196451.249499998986721,-8496.765500001609325],[12196463.3281,-8491.361900001764297],[12196480.6125,-8482.719799999147654],[12196489.7102,-8478.171000000089407],[12196504.649500001221895,-8470.621700000017881],[12196519.5887,-8463.072799999266863],[12196546.6644,-8450.651000000536442],[12196563.929699998348951,-8442.729800000786781],[12196593.8609,-8428.436299998313189],[12196602.8671,-8424.135299999266863],[12196625.1171,-8413.487199999392033],[12196648.6384,-8399.819299999624491],[12196655.9296,-8395.379000000655651],[12196667.6087,-8388.266800001263618],[12196673.431200001388788,-8384.721099998801947],[12196706.0115,-8365.808499999344349],[12196722.54,-8355.954999998211861],[12196705.1158,-8421.717700000852346],[12196704.1622,-8424.975699998438358],[12196703.208700001239777,-8428.23369999974966],[12196701.1426,-8433.63740000128746],[12196700.0301,-8438.405200000852346],[12196700.0981,-8443.331900000572205],[12196700.348000001162291,-8461.44990000128746],[12196700.825800001621246,-8483.381999999284744],[12196701.5997,-8518.902699999511242],[12196701.791900001466274,-8527.722899999469519],[12196701.9373,-8534.397900000214577],[12196704.0363,-8579.121399998664856],[12196697.9124,-8579.007399998605251],[12196698.218199998140335,-8580.842500001192093],[12196699.0658,-8598.430500000715256],[12196701.3968,-8638.480500001460314],[12196703.833700001239777,-8693.681600000709295],[12196707.965799998492002,-8738.181499999016523],[12196709.767,-8760.431600000709295],[12196709.767,-8765.093299999833107],[12196709.555100001394749,-8768.695799998939037],[12196709.343199998140335,-8771.768399998545647],[12196708.9194,-8774.629099998623133],[12196708.283599998801947,-8777.065900001674891],[12196707.3301,-8779.185100000351667],[12196705.6349,-8781.516100000590086],[12196703.833700001239777,-8782.999299999326468],[12196702.032499998807907,-8784.058899998664856],[12196700.0194,-8785.224399998784065],[12196697.2647,-8786.601599998772144],[12196694.5099,-8787.873100001364946],[12196689.5301,-8789.674300000071526],[12196681.054000001400709,-8792.429099999368191],[12196635.812399998307228,-8804.825599998235703],[12196597.775600001215935,-8813.407600000500679],[12196595.8684,-8814.14919999986887],[12196594.1732,-8815.208799999207258],[12196592.6899,-8816.374299999326468],[12196591.3125,-8817.857700001448393],[12196590.359000001102686,-8819.55290000140667],[12196589.617199998348951,-8821.142099998891354],[12196589.1934,-8822.837400000542402],[12196589.087499998509884,-8824.850400000810623],[12196589.087499998509884,-8827.181400001049042],[12196589.299400001764297,-8829.406399998813868],[12196589.6173,-8832.055100001394749],[12196590.147,-8834.915800001472235],[12196593.007800001651049,-8846.464600000530481],[12196614.397999998182058,-8845.765700001269579],[12196750.692899998277426,-8836.197500001639128],[12196882.4516,-8826.947700001299381],[12196938.548099998384714,-9046.602899998426437],[12196750.684099998325109,-9089.938099998980761],[12196645.267499998211861,-9114.254799999296665],[12196650.115899998694658,-9134.44310000166297],[12196646.48759999871254,-9134.386799998581409],[12196602.2256,-9133.701200000941753],[12196594.762899998575449,-9133.684300001710653],[12196555.288800001144409,-9133.595400001853704],[12196539.8251,-9133.066799998283386],[12196539.6694,-9210.095800001174212],[12196538.639600001275539,-9719.51630000025034],[12195999.306699998676777,-9881.8108000010252],[12195792.4023,-9909.778000000864267],[12195751.4238,-9915.317099999636412],[12195793.7617,-10061.833799999207258],[12195768.3413,-10083.743500001728535],[12195779.9983000010252,-10100.820599999278784],[12195714.901500001549721,-10154.878400001674891],[12195590.609000001102686,-10258.093499999493361],[12195583.2782,-10247.999899998307228],[12195518.5962999984622,-10156.159099999815226],[12195515.920699998736382,-10085.809599999338388],[12195523.639600001275539,-10078.11879999935627],[12195524.052000001072884,-10076.314500000327826],[12195525.217500001192093,-10071.864500001072884]],[[12195957.294799998402596,-9129.357200000435114],[12195953.3746,-9129.251299999654293],[12195949.7722,-9129.463199999183416],[12195944.262699998915195,-9130.098900001496077],[12195939.8127,-9130.522799998521805],[12195911.5235,-9134.972800001502037],[12195869.1111,-9142.330600000917912],[12195867.5482,-9142.60190000012517],[12195862.9709,-9143.395899999886751],[12195782.319200001657009,-9155.624699998646975],[12195770.1347,-9156.949000000953674],[12195762.0559,-9158.140999998897314],[12195753.8446,-9159.332899998873472],[12195747.6199,-9160.922200001776218],[12195743.3818,-9162.644000001251698],[12195738.084199998527765,-9165.425299998372793],[12195732.3893,-9168.4712999984622],[12195726.826699998229742,-9171.649900000542402],[12195723.1184,-9174.298599999397993],[12195720.204799998551607,-9176.815099999308586],[12195717.820799998939037,-9179.331300001591444],[12195715.966699998825788,-9181.980200000107288],[12195714.907200001180172,-9184.629000000655651],[12195714.5099,-9187.145399998873472],[12195714.5099,-9189.794100001454353],[12195714.9071,-9192.44310000166297],[12195715.966699998825788,-9195.489000000059605],[12195717.423500001430511,-9199.197399999946356],[12195720.2047,-9204.230200000107288],[12195738.958299998193979,-9233.481800001114607],[12195760.855099998414516,-9268.004700001329184],[12195778.204799998551607,-9294.095400001853704],[12195809.460700001567602,-9345.349800001829863],[12195821.353799998760223,-9365.480799999088049],[12195822.8371,-9367.705699998885393],[12195824.214499998837709,-9370.248500000685453],[12195825.4859,-9372.791299998760223],[12195826.333500001579523,-9375.334300000220537],[12195826.7573,-9377.559300001710653],[12195826.9692,-9380.314100001007318],[12195826.863200001418591,-9382.326999999582767],[12195826.333500001579523,-9383.916499998420477],[12195825.5918,-9385.39979999884963],[12195824.638300001621246,-9386.671100001782179],[12195823.4729,-9387.730700001120567],[12195789.356199998408556,-9410.192499998956919],[12195719.2159,-9459.672400001436472],[12195689.9731,-9480.862700000405312],[12195660.73030000180006,-9502.053100001066923],[12195612.098299998790026,-9537.864999998360872],[12195595.5698,-9513.178199999034405],[12195574.0614,-9480.862799998372793],[12195553.506700001657009,-9449.924699999392033],[12195521.4032,-9402.670000001788139],[12195488.2401,-9347.256900001317263],[12195476.3260000012815,-9327.304299999028444],[12195475.4063,-9325.763999998569489],[12195461.8581,-9303.074799999594688],[12195459.4212,-9299.366399999707937],[12195457.513999998569489,-9296.505800001323223],[12195455.6069,-9293.75109999999404],[12195454.123599998652935,-9292.055799998342991],[12195452.7463,-9290.784400001168251],[12195451.170400001108646,-9289.523600000888109],[12195451.157000001519918,-9289.512899998575449],[12195449.2498,-9288.559300001710653],[12195446.706999998539686,-9287.711800001561642],[12195444.164099998772144,-9287.287900000810623],[12195441.197500001639128,-9287.076099999248981],[12195438.3367,-9286.970100000500679],[12195434.204599998891354,-9287.076099999248981],[12195408.776099998503923,-9292.373700000345707],[12195361.2524,-9301.7972999997437],[12195359.0845,-9302.227299999445677],[12195382.923700001090765,-9338.674699999392033],[12195404.961800001561642,-9372.579500000923872],[12195426.046300001442432,-9405.000799998641014],[12195442.6807,-9429.687800001353025],[12195454.229600001126528,-9446.322200000286102],[12195455.500999998301268,-9448.441399998962879],[12195456.2427,-9449.924600001424551],[12195456.7724,-9451.513999998569489],[12195457.0902,-9453.421000000089407],[12195457.090300001204014,-9454.904399998486042],[12195456.560400001704693,-9456.811599999666214],[12195455.818799998611212,-9458.506799999624491],[12195454.8653,-9460.096099998801947],[12195453.5938,-9461.791299998760223],[12195421.2784,-9491.034099999815226],[12195385.4666,-9521.124600000679493],[12195383.7713,-9523.031899999827147],[12195382.5,-9524.620900001376867],[12195381.5464,-9526.846000000834465],[12195381.016600001603365,-9528.964999999850988],[12195380.9107,-9531.296100001782179],[12195381.122499998658895,-9533.626899998635054],[12195381.8642,-9535.745999999344349],[12195382.923700001090765,-9537.971099998801947],[12195403.1606,-9559.479299999773502],[12195444.905699998140335,-9605.674400001764297],[12195463.447299998253584,-9626.335099998861551],[12195466.2022,-9628.878100000321865],[12195467.7914,-9630.891100000590086],[12195468.850900001823902,-9632.692299999296665],[12195469.4866,-9634.705299999564886],[12195469.6985,-9636.824599999934435],[12195469.5926,-9639.261399999260902],[12195468.9569,-9641.486400000751019],[12195467.7914,-9644.029199998825788],[12195466.414,-9646.042399998754263],[12195464.7188,-9648.3733000010252],[12195463.7652,-9650.598200000822544],[12195463.2355,-9653.247099999338388],[12195463.235399998724461,-9655.154100000858307],[12195463.553399998694658,-9657.379299998283386],[12195464.295000001788139,-9659.392299998551607],[12195465.672400001436472,-9662.147100001573563],[12195486.0152,-9685.5625],[12195505.6164,-9709.401799999177456],[12195522.5687,-9730.274399999529123],[12195541.2163,-9752.418400000780821],[12195561.6651,-9777.952899999916553],[12195585.982099998742342,-9805.196100000292063],[12195587.199499998241663,-9806.559999998658895],[12195594.8229,-9816.203600000590086],[12195608.389899998903275,-9833.365899998694658],[12195613.4637,-9839.412999998778105],[12195642.0827,-9873.521800000220537],[12195654.691399998962879,-9890.745000001043081],[12195662.63740000128746,-9901.599199999123812],[12195679.5057,-9922.824200000613928],[12195679.724800001829863,-9922.605900000780821],[12196150.3713,-9453.684099998325109],[12196150.0262,-9453.096099998801947],[12196113.3138,-9389.048099998384714],[12196076.4424,-9326.747999999672174],[12196059.4688,-9297.503499999642372],[12196039.73,-9263.494500000029802],[12196016.685400001704693,-9226.464299999177456],[12195986.171100001782179,-9172.587600000202656],[12195968.1019,-9134.125100001692772],[12195965.559099998325109,-9132.323899999260902],[12195963.016199998557568,-9131.052499998360872],[12195959.8376,-9129.887099999934435],[12195957.294799998402596,-9129.357200000435114]],[[12196331.517900001257658,-9211.152399998158216],[12196328.6571,-9216.449999999254942],[12196325.5845,-9221.641699999570847],[12196322.088100001215935,-9226.9391999989748],[12196318.4857,-9231.495099999010563],[12196315.2011,-9235.097600001841784],[12196310.857099998742342,-9238.806000001728535],[12196305.2416,-9242.090399999171495],[12196289.6045,-9250.266199998557568],[12196289.59739999845624,-9250.269799999892712],[12196284.3691,-9253.003499999642372],[12196281.296500001102686,-9255.228500001132488],[12196278.6477,-9257.13569999858737],[12196275.893,-9259.148800000548363],[12196274.780699998140335,-9260.260999999940395],[12196273.80180000141263,-9261.57490000128746],[12196272.8204,-9263.386900000274181],[12196271.808400001376867,-9265.714200001209974],[12196271.7608,-9265.823699999600649],[12196271.230999998748302,-9268.260600000619888],[12196271.337000001221895,-9270.061799999326468],[12196271.654800001531839,-9272.498700000345707],[12196272.396499998867512,-9275.677400000393391],[12196281.943999998271465,-9293.238000001758337],[12196292.6175,-9311.958500001579523],[12196293.8412000015378,-9310.739399999380112],[12196325.3471,-9279.348799999803305],[12196463.1347,-9142.065499998629093],[12196447.747299998998642,-9144.720400001853704],[12196433.02,-9148.852400001138449],[12196415.643800001591444,-9156.587000001221895],[12196387.7784,-9171.738200001418591],[12196354.7212999984622,-9188.160799998790026],[12196347.0927,-9192.504700001329184],[12196344.4439,-9194.51799999922514],[12196340.947500001639128,-9198.014299999922514],[12196337.1332,-9202.676300000399351],[12196334.1666,-9206.702500000596046],[12196331.517900001257658,-9211.152399998158216]]],[[[12194302.9212,-7848.850499998778105],[12194302.4476,-7780.837000001221895],[12194467.147,-7759.850699998438358],[12194467.146899998188019,-7816.005399998277426],[12194302.9212,-7848.850499998778105]]],[[[12194302.193999998271465,-7744.429200001060963],[12194301.8616,-7696.703099999576807],[12194535.433200001716614,-7658.004000000655651],[12194643.190200001001358,-7651.855799999088049],[12194645.689599998295307,-7651.713199999183416],[12194691.0504,-7649.726500000804663],[12194687.7394,-7692.769600000232458],[12194643.5308,-7698.693199999630451],[12194302.193999998271465,-7744.429200001060963]]]]}}
]
}
