{
"type": "FeatureCollection",
"name": "THIP",
"crs": { "type": "name", "properties": { "name": "urn:ogc:def:crs:EPSG::3857" } },
"features": [
{"type":"Feature","properties":{"CompanyCode":"SIP"},"geometry":{"type":"MultiPolygon","coordinates":[[[[11643265.791299998760223,-314009.903999999165535],[11643265.7911,-314010.629299998283386],[11643265.7177,-314222.088599998503923],[11643265.7176,-314222.491599999368191],[11643265.7143,-314231.815200001001358],[11643267.1334,-314418.991399999707937],[11643267.188499998301268,-314432.712900001555681],[11643267.190900001674891,-314433.301600001752377],[11643268.059099998325109,-314649.11540000140667],[11643268.304200001060963,-314710.107099998742342],[11643271.647,-314851.824400000274181],[11643272.050500001758337,-314857.538899999111891],[11643273.1237,-314872.740899998694658],[11643273.545699998736382,-314878.503600001335144],[11643273.755800001323223,-314883.839400000870228],[11643272.905900001525879,-314889.601599998772144],[11643271.4205,-314893.442800000309944],[11643269.934300001710653,-314899.631700001657009],[11643269.5086,-314904.540399998426437],[11643269.6059,-315066.8885000012815],[11643269.642700001597404,-315128.42680000141263],[11643269.3438,-315161.734700001776218],[11643254.7498,-315215.753699999302626],[11643267.657499998807907,-315248.106100000441074],[11643274.9095,-315304.444600000977516],[11643275.0046,-315305.183499999344349],[11643282.8541,-315366.164200000464916],[11643299.156100001186132,-315535.554900001734495],[11643299.3616,-315537.689599998295307],[11643307.2787000015378,-315619.953400000929832],[11643262.5636,-315747.809300001710653],[11643262.2289,-315748.76630000025034],[11643241.624400001019239,-315807.681400001049042],[11643185.2669,-315956.935300000011921],[11643185.049199998378754,-315957.511799998581409],[11643138.508000001311302,-316080.768500000238419],[11642666.4646,-316085.602299999445677],[11642664.919,-315951.136900000274181],[11642664.897,-315949.216499999165535],[11642662.531399998813868,-315743.369100000709295],[11642662.5224,-315742.588199999183416],[11642660.257,-315545.548300001770258],[11642660.0022,-315529.992300000041723],[11642659.982,-315528.75620000064373],[11642657.875,-315400.096500001847744],[11642657.766600001603365,-315393.479200001806021],[11642291.102200001478195,-315405.993200000375509],[11641967.8459,-315417.5614],[11641957.3455,-315417.878499999642372],[11641956.311700001358986,-315417.909699998795986],[11641187.9633,-315441.113000001758337],[11640895.463100001215935,-315446.673799999058247],[11640893.4415,-315196.565499998629093],[11640893.426600001752377,-315194.725400000810623],[11640892.6111,-315093.849300000816584],[11640892.354600001126528,-315031.807599999010563],[11640891.4747,-314818.687600001692772],[11640891.4701,-314817.575899999588728],[11640891.089899998158216,-314725.352600000798702],[11640891.011100001633167,-314599.212900001555681],[11640891.010200001299381,-314597.805100001394749],[11640890.884799998253584,-314397.058299999684095],[11640890.8842,-314396.017099998891354],[11640890.881,-314390.872400000691414],[11640890.2841,-314180.054200001060963],[11640890.2835,-314179.834800001233816],[11640889.73930000141263,-313987.651599999517202],[11640889.7381,-313987.210299998521805],[11640889.4139,-313872.646000001579523],[11640889.078699998557568,-313775.224800001829863],[11640888.3167,-313553.776700001209974],[11640888.313000001013279,-313552.701699998229742],[11640887.9164,-313437.457299999892712],[11640887.8704,-313326.545499999076128],[11640887.870299998670816,-313326.144299998879433],[11640887.785,-313121.364999998360872],[11640887.7848,-313120.859499998390675],[11640887.739999998360872,-313012.274900000542402],[11640887.6243,-312919.592000000178814],[11640887.6237,-312919.178899999707937],[11640887.3614,-312708.991500001400709],[11640887.3596,-312707.544199999421835],[11640887.227000001817942,-312601.433200001716614],[11640887.414700001478195,-312498.840900000184774],[11640887.801399998366833,-312287.519999999552965],[11640887.8033,-312286.456399999558926],[11640888.249499998986721,-312042.592700000852346],[11640888.2502,-312042.223000001162291],[11640888.4668,-311923.814599998295307],[11640887.813299998641014,-311836.405699998140335],[11640886.2878,-311632.33839999884367],[11640886.2837999984622,-311631.801899999380112],[11640884.991500001400709,-311458.952599998563528],[11640884.318,-311417.75959999859333],[11640884.3108000010252,-311417.317200001329184],[11640880.957400001585484,-311212.189399998635054],[11640879.158300001174212,-311102.135999999940395],[11640879.5953,-310992.9054000005126],[11640879.599399998784065,-310991.876200001686811],[11640880.250799998641014,-310829.023800000548363],[11640880.3391,-310806.037500001490116],[11640881.1552,-310593.430300001055002],[11640881.160799998790026,-310591.983800001442432],[11640881.347800001502037,-310543.240499999374151],[11640879.578000001609325,-310384.550500001758337],[11640879.573399998247623,-310384.144099999219179],[11640877.818300001323223,-310226.776900000870228],[11640877.125999998301268,-310183.111800000071526],[11640877.1116,-310182.203499998897314],[11640874.3154,-310005.863499999046326],[11640870.969099998474121,-309794.834499999880791],[11640870.9573,-309794.092199999839067],[11640870.0453,-309736.575699999928474],[11640868.6003,-309370.296300001442432],[11640669.128600001335144,-309248.851700000464916],[11640421.8413,-309222.548799999058247],[11640418.3218,-309222.174499999731779],[11640389.809999998658895,-309219.141699999570847],[11640251.6606,-309204.44709999859333],[11640249.752500001341105,-309204.244199998676777],[11640247.355999998748302,-309203.98930000141263],[11640198.4241,-309198.784499999135733],[11640183.3853,-309197.184799998998642],[11640162.6094,-309194.975000001490116],[11640164.3649,-308702.563900001347065],[11640167.0603,-308204.354600001126528],[11640167.510000001639128,-308115.478700000792742],[11640167.512899998575449,-308114.875300001353025],[11640169.5493,-307712.504900000989437],[11640173.2205,-306989.943799998611212],[11640173.3363,-306967.198499999940395],[11640441.9415,-306966.956399999558926],[11640442.2064,-306966.956199999898672],[11640651.253600001335144,-306966.767400000244379],[11640651.419799998402596,-306966.767200000584126],[11640668.749499998986721,-306966.751499999314547],[11640871.0511,-306967.322799999266863],[11640871.19819999858737,-306967.32319999858737],[11641075.932,-306967.901099998503923],[11641076.030499998480082,-306967.901299998164177],[11641175.4271,-306968.181699998676777],[11641326.500300001353025,-306969.051699999719858],[11641510.4212,-306970.110599998384714],[11641668.7639,-306971.021999999880791],[11641742.6972,-306971.415699999779463],[11641948.339699998497963,-306972.510600000619888],[11642181.6804,-306973.752599999308586],[11642190.4936,-306973.7939000017941],[11642374.897999998182058,-306974.657699998468161],[11642610.389600001275539,-306975.760400000959635],[11642679.639899998903275,-306976.084600001573563],[11642814.857,-306977.102099999785423],[11643030.6287,-306978.725499998778105],[11643100.9192,-306979.254200000315905],[11643100.9221,-306979.254299998283386],[11643151.747000001370907,-306979.636599998921156],[11643247.949099998921156,-306979.73200000077486],[11643465.903900001198053,-306979.947799999266863],[11643678.929699998348951,-306980.158500000834465],[11643679.5284,-306980.159099999815226],[11643883.429900001734495,-306981.993400000035763],[11643916.004099998623133,-306982.286400001496077],[11644121.189,-306983.319699998944998],[11644302.8026,-306984.234000001102686],[11644557.2022,-306985.514299999922514],[11644765.2086,-306986.560699999332428],[11644988.1862,-306987.682100001722574],[11645086.6195,-306988.177000001072884],[11645209.5368,-306988.914500001817942],[11645423.1336,-306990.195799998939037],[11645524.946899998933077,-306990.806400001049042],[11645637.6692,-306990.859099999070168],[11645870.05290000140667,-306990.967399999499321],[11646043.9764,-306991.048099998384714],[11646072.5418,-306990.341099999845028],[11646306.2687,-306984.555799998342991],[11646393.11540000140667,-306982.405999999493361],[11646399.433200001716614,-306982.249600000679493],[11646427.871100001037121,-306981.5456000007689],[11646434.920000001788139,-306981.371100001037121],[11646444.7289,-306981.128199998289347],[11646549.377999998629093,-306978.53770000115037],[11646552.681699998676777,-306710.743599999696016],[11646553.401299998164177,-306195.405000001192093],[11646554.459800001233816,-305945.640299998223782],[11646554.4602,-305945.508799999952316],[11646557.624000001698732,-305198.940099999308586],[11646563.653499998152256,-304184.483399998396635],[11646563.686,-304178.997699998319149],[11646573.691399998962879,-304178.988299999386072],[11646572.5693,-304151.62779999896884],[11646572.383000001311302,-304150.372000001370907],[11646588.5374,-303329.121899999678135],[11646602.0262,-302556.048700001090765],[11646603.976599998772144,-302488.430599998682737],[11646603.999400001019239,-302485.731899999082088],[11646604.0165,-302483.706900000572205],[11646608.013799998909235,-302010.570799998939037],[11646612.8972,-301642.043000001460314],[11646612.9371,-301512.797899998724461],[11646952.550500001758337,-301514.377999998629093],[11646953.053,-301514.380300000309944],[11647360.2194,-301516.273600000888109],[11647360.485,-301516.27479999884963],[11647381.5641999989748,-301516.372800000011921],[11647780.046500001102686,-301520.942699998617172],[11647780.7007,-301520.950199998915195],[11648081.18189999833703,-301524.395399998873472],[11648072.298700001090765,-301973.808200001716614],[11648216.4863,-301976.314599998295307],[11648217.9841,-301976.340700000524521],[11648533.1549,-301981.818500000983477],[11648656.246599998325109,-301983.086500000208616],[11649093.319400001317263,-301987.586800001561642],[11649096.022999998182058,-301802.722100000828505],[11649098.7251,-301622.392700001597404],[11649132.3823,-301605.596700001507998],[11649183.789700001478195,-301600.276599999517202],[11649210.565699998289347,-301554.935100000351667],[11649527.4784,-301560.896499998867512],[11649532.8,-301484.337699998170137],[11649978.8974,-301467.0337999984622],[11649980.342500001192093,-301466.977800000458956],[11649990.158,-301466.596999999135733],[11650330.1296,-301452.556000001728535],[11650389.0398,-301450.034099999815226],[11650552.9795,-301443.015900000929832],[11650610.4819,-301435.829700000584126],[11650680.9661,-301436.116300001740456],[11650796.5002,-301437.355500001460314],[11650797.0759,-301437.361699998378754],[11650934.245299998670816,-301438.832899998873472],[11651250.098700001835823,-301443.722800001502037],[11651278.9595,-301444.054000001400709],[11651281.5467,-301444.083599999547005],[11651583.7062,-301447.549800001084805],[11651666.62779999896884,-301448.339800000190735],[11651667.7174,-301448.35020000115037],[11651897.2898,-301450.536899998784065],[11651898.841699998825788,-301585.171500001102686],[11652095.36540000140667,-301649.350400000810623],[11652096.8602,-301649.838500000536442],[11652276.4175,-301708.476399999111891],[11652264.3035,-302499.291600000113249],[11652085.3885000012815,-302498.554299999028444],[11652083.938099998980761,-302498.54839999973774],[11652081.8836,-302498.539900001138449],[11652069.341400001198053,-302825.58839999884367],[11652041.119199998676777,-303322.562199998646975],[11652023.2832,-303548.731699999421835],[11652017.1928,-303548.824299998581409],[11652004.7603,-303548.820799998939037],[11651903.2311,-303548.793000001460314],[11651901.7538,-303548.792500000447035],[11651899.724599998444319,-303548.791999999433756],[11651896.218199998140335,-303548.791000001132488],[11651650.934300001710653,-303548.723299998790026],[11651650.007,-303548.723099999129772],[11651647.428800001740456,-303548.722300000488758],[11651647.344300001859665,-303548.722300000488758],[11651644.7669,-303548.721599999815226],[11651643.923300001770258,-303548.721400000154972],[11651642.7738,-303639.804000001400709],[11651642.085,-303674.567800000309944],[11651641.358800001442432,-303751.930500000715256],[11651641.2661,-303761.799800001084805],[11651641.079,-303774.100499998778105],[11651640.2947,-303825.663199998438358],[11651640.333700001239777,-303833.157299999147654],[11651639.0915,-303931.588700000196695],[11651638.803399998694658,-303940.738200001418591],[11651638.602000001817942,-303947.13910000026226],[11651637.4826,-303948.192699998617172],[11651615.699,-303959.684999998658895],[11651577.9767,-303977.323100000619888],[11651571.0693,-303982.401700001209974],[11651566.552499998360872,-303987.213799998164177],[11651558.8462,-303999.512099999934435],[11651550.8757,-304007.264499999582767],[11651524.840300001204014,-304025.440699998289347],[11651501.992800001055002,-304041.745900001376867],[11651478.2645,-304058.89809999987483],[11651474.628899998962879,-304061.526000000536442],[11651436.3754,-304078.89640000090003],[11651411.4036,-304093.061799999326468],[11651379.258699998259544,-304112.305799998342991],[11651360.663199998438358,-304121.124800000339746],[11651346.053399998694658,-304124.062199998646975],[11651336.757,-304123.524700000882149],[11651321.883499998599291,-304120.311799999326468],[11651300.371,-304111.481499999761581],[11651279.390500001609325,-304099.977299999445677],[11651277.337900001555681,-304098.598799999803305],[11651277.396200001239777,-304104.050200000405312],[11651277.5387,-304117.360500000417233],[11651277.905900001525879,-304151.66780000180006],[11651275.3783,-304184.702500000596046],[11651275.3077,-304189.106899999082088],[11651274.816799998283386,-304219.660900000482798],[11651274.509399998933077,-304238.799100000411272],[11651275.4384,-304238.612300001084805],[11651278.8303,-304238.399900000542402],[11651283.52760000154376,-304238.305399999022484],[11651287.0687,-304238.234099999070168],[11651287.586199998855591,-304234.046599999070168],[11651290.4199,-304211.11879999935627],[11651290.596700001507998,-304209.687800001353025],[11651290.6739999987185,-304207.758000001311302],[11651290.7647,-304205.49100000038743],[11651290.85530000180006,-304203.22410000115633],[11651291.450599998235703,-304188.346799999475479],[11651292.2997,-304184.07880000025034],[11651293.7845,-304180.664599999785423],[11651295.2691,-304178.530900001525879],[11651297.6014,-304176.610800001770258],[11651299.9337,-304175.544399999082088],[11651305.8695,-304174.479100000113249],[11651316.409699998795986,-304174.147100001573563],[11651357.965300001204014,-304172.859900001436472],[11651365.589499998837709,-304171.965399999171495],[11651370.677499998360872,-304170.89979999884963],[11651398.2399,-304156.395399998873472],[11651426.4379,-304142.744800001382828],[11651453.575399998575449,-304131.441599998623133],[11651476.0135000012815,-304119.402199998497963],[11651485.3783,-304114.377399999648333],[11651504.6725,-304102.004799999296665],[11651507.8532,-304098.804499998688698],[11651514.42680000141263,-304091.763700000941753],[11651541.354600001126528,-304071.923799999058247],[11651566.162500001490116,-304052.510099999606609],[11651574.431699998676777,-304046.110100001096725],[11651579.944400001317263,-304042.056800000369549],[11651588.6373,-304037.364100001752377],[11651607.931200001388788,-304025.845199998468161],[11651618.532000001519918,-304020.726199999451637],[11651625.9522,-304018.380699999630451],[11651637.1886,-304014.115699999034405],[11651646.9415,-304008.782999999821186],[11651660.7232,-303999.823499999940395],[11651671.1131,-303990.649599999189377],[11651695.619,-303966.154699999839067],[11651699.0898,-303962.685499999672174],[11651703.343899998813868,-303958.433299999684095],[11651728.366500001400709,-303928.775800000876188],[11651738.9699,-303913.626499999314547],[11651745.545000001788139,-303900.823499999940395],[11651756.7872,-303875.857400000095367],[11651766.543499998748302,-303857.933499999344349],[11651775.0264,-303845.131000000983477],[11651786.478,-303829.768500000238419],[11651796.233,-303816.112799998372793],[11651801.111699998378754,-303805.230200000107288],[11651810.870000001043081,-303780.050200000405312],[11651813.627099998295307,-303775.142400000244379],[11651818.079799998551607,-303771.729100000113249],[11651825.076499998569489,-303767.676199998706579],[11651838.8572,-303761.7043999992311],[11651856.453699998557568,-303755.947200000286102],[11651879.5614,-303751.898699998855591],[11651889.1719,-303752.078699998557568],[11651891.927700001746416,-303751.972800001502037],[11651894.2119,-303752.13060000166297],[11651897.5948,-303752.364399999380112],[11651916.7297,-303753.686900001019239],[11651930.0847,-303754.544199999421835],[11651942.1679,-303754.334199998527765],[11651950.223700001835823,-303753.482700001448393],[11651957.431699998676777,-303751.563999999314547],[11651964.004,-303749.218199998140335],[11651979.2696,-303739.832299999892712],[11652013.404800001531839,-303720.207699999213219],[11652061.957600001245737,-303690.983500000089407],[11652078.9189000017941,-303682.665100000798702],[11652090.155499998480082,-303677.546300001442432],[11652095.455699998885393,-303675.627099998295307],[11652100.119600001722574,-303674.988099999725819],[11652103.4756,-303675.345600001513958],[11652105.1598,-303675.525100000202656],[11652106.8314,-303675.703200001269579],[11652109.6587,-303676.004399999976158],[11652118.6681,-303676.407000001519918],[11652127.6774,-303676.80970000103116],[11652135.944899998605251,-303676.705200001597404],[11652141.88060000166297,-303676.280000001192093],[11652147.6047,-303674.787599999457598],[11652155.449099998921156,-303671.375300001353025],[11652165.6261,-303665.402499999850988],[11652180.044300001114607,-303653.882199998944998],[11652199.552499998360872,-303634.040100000798702],[11652214.8193,-303619.959100000560284],[11652218.212000001221895,-303616.545400001108646],[11652221.8165,-303613.771999999880791],[11652231.275400001555681,-303610.033300001174212],[11652235.048300001770258,-303608.963100001215935],[11652239.3297,-303607.585099998861551],[11652239.371800001710653,-303607.57149999961257],[11652244.2443,-303605.764699999243021],[11652241.466699998825788,-303713.129999998956919],[11652239.3017,-303881.298300001770258],[11652237.0429,-304003.369800001382828],[11652236.070999998599291,-304070.167700000107288],[11652236.0706,-304071.554900001734495],[11652236.706300001591444,-304072.515399999916553],[11652237.2361,-304073.049100000411272],[11652239.011999998241663,-304073.088700000196695],[11652371.1692,-304079.6418999992311],[11652393.3783,-304264.783700000494719],[11652393.4712,-304266.116500001400709],[11652394.9639,-304287.544700000435114],[11652506.282499998807907,-304294.679499998688698],[11652507.209800001233816,-304294.739000000059605],[11652510.302700001746416,-304294.937199998646975],[11652569.129700001329184,-304293.352600000798702],[11652573.8635,-304428.071100000292063],[11652910.4654,-304432.301500000059605],[11652911.0337,-304432.308600001037121],[11653029.371399998664856,-304433.795699998736382],[11653300.450199998915195,-304437.602699998766184],[11653304.458299998193979,-304437.646099999547005],[11653304.9373,-304437.651299998164177],[11653578.154,-304440.610500000417233],[11653586.899300001561642,-304437.41160000115633],[11653591.7615,-304081.279199998825788],[11653707.1008,-304081.125599998980761],[11653708.307500001043081,-304081.124000001698732],[11653926.437199998646975,-304080.833299998193979],[11654109.277199998497963,-304078.746599998325109],[11654110.553800001740456,-304267.88459999859333],[11654109.9814000017941,-304433.546700000762939],[11654108.8858,-304573.065799999982119],[11654145.449099998921156,-304591.482200000435114],[11654147.7966,-304737.671500001102686],[11654147.458999998867512,-305021.512699998915195],[11654145.482900001108646,-305494.760099999606609],[11654146.1939,-305821.553100001066923],[11654145.0973,-305939.256299998611212],[11654143.1965,-306143.277199998497963],[11654144.203699998557568,-306348.157499998807907],[11654272.4575,-306351.925700001418591],[11654658.0163,-306354.426199998706579],[11654659.302299998700619,-306508.620200000703335],[11654658.4525,-306724.438299998641014],[11654653.0839,-306995.744199998676777],[11654649.3231,-307196.356100000441074],[11654643.696199998259544,-307440.452100001275539],[11654639.6131,-307651.482200000435114],[11654635.9395,-307723.496700000017881],[11654591.1554,-307724.819099999964237],[11654410.4318,-307721.037399999797344],[11654403.5422,-307720.235199999064207],[11654400.3627,-307718.900600001215935],[11654396.1233000010252,-307717.298799999058247],[11654388.9687,-307716.229899998754263],[11654253.4258,-307714.46059999987483],[11654143.693,-307712.182199999690056],[11654142.964499998837709,-307712.167100001126528],[11654006.189599998295307,-307709.327100001275539],[11653734.706999998539686,-307703.920000001788139],[11653690.3167,-307702.974199999123812],[11653685.8332,-307702.878600001335144],[11653487.471,-307698.652199998497963],[11653494.746,-307745.472899999469519],[11653522.1314,-307901.942999999970198],[11653543.6939,-308032.801399998366833],[11653566.845800001174212,-308165.794599998742342],[11653570.0757,-308184.142000000923872],[11653570.5293,-308186.717999998480082],[11653595.0253,-308325.866900000721216],[11653622.9391999989748,-308489.140500001609325],[11653656.4111,-308678.826699998229742],[11653682.340799998492002,-308829.561799999326468],[11653716.7656,-309033.873799998313189],[11653732.210099998861551,-309142.770300000905991],[11653338.533,-309246.440900001674891],[11653302.992400001734495,-309256.111800000071526],[11653302.196600001305342,-309256.328400000929832],[11653187.21,-309287.61710000038147],[11653175.769499998539686,-309290.81700000166893],[11653133.2218,-309291.230099998414516],[11653108.5053,-309292.317699998617172],[11652955.0205,-309291.63569999858737],[11652875.370900001376867,-309291.130899999290705],[11652873.6182,-309291.119899999350309],[11652814.255399998277426,-309290.743700001388788],[11652740.4516,-309289.882800001651049],[11652740.385899998247623,-309294.102000001817942],[11652739.884799998253584,-309306.574799999594688],[11652538.354899998754263,-309306.719900000840425],[11652467.8653,-309306.770599998533726],[11652342.775600001215935,-309306.860300000756979],[11652138.649300001561642,-309307.006599999964237],[11652138.7031,-309291.990100000053644],[11652073.580699998885393,-309291.905200000852346],[11652044.621399998664856,-309291.883099999278784],[11652044.469999998807907,-309307.074000000953674],[11651935.848900001496077,-309307.151599999517202],[11651737.3087,-309307.293299999088049],[11651643.3644,-309307.360300000756979],[11651643.0242,-309290.696699999272823],[11651616.6642,-309290.776500001549721],[11651534.7287,-309290.704300001263618],[11651534.73,-309307.437600001692772],[11651275.2971,-309307.621899999678135],[11651266.817699998617172,-309307.627999998629093],[11651266.8310999982059,-309331.117600001394749],[11650970.947999998927116,-309327.454500000923872],[11650970.5183,-309327.449200000613928],[11650796.496100001037121,-309325.294399999082088],[11650795.476,-309325.281800001859665],[11650763.561299998313189,-309324.886599998921156],[11650558.304900001734495,-309322.022399999201298],[11650557.699299998581409,-309322.013900000602007],[11650354.778,-309319.182000000029802],[11650354.1782,-309319.173599999397993],[11650263.054900001734495,-309317.901700001209974],[11650110.586599998176098,-309315.768800001591444],[11650109.449499998241663,-309315.752900000661612],[11649922.978100001811981,-309313.144000001251698],[11649922.132599998265505,-309313.132199998944998],[11649747.1254,-309310.683400001376867],[11649689.4476,-309309.876299999654293],[11649634.124200001358986,-309309.102099999785423],[11649633.585099998861551,-309309.0945999994874],[11649474.8427,-309306.872900001704693],[11649474.171300001442432,-309306.863499999046326],[11649243.5856,-309303.636100001633167],[11649222.204599998891354,-309303.33669999986887],[11649222.0858,-309303.335099998861551],[11649034.505800001323223,-309300.709199998527765],[11649034.4652,-309300.708599999547005],[11648744.2478,-309296.645500000566244],[11648736.230099998414516,-309296.533300001174212],[11648735.9738,-309296.529699999839067],[11648594.27760000154376,-309294.5456000007689],[11648594.1897,-309294.544399999082088],[11648404.0995,-309291.882500000298023],[11648362.6653,-309291.302200000733137],[11648256.00450000166893,-309289.808499999344349],[11648168.2361,-309288.579500000923872],[11648168.2198,-309288.579300001263618],[11648167.3004,-309288.566399998962879],[11648164.118900001049042,-309288.521899998188019],[11647927.085900001227856,-309285.202399998903275],[11647757.298099998384714,-309282.824400000274181],[11647729.9523,-309282.441399998962879],[11647615.007800001651049,-309280.831599999219179],[11647502.123,-309279.250500001013279],[11647293.4916,-309276.328099999576807],[11647255.2423,-309275.792300000786781],[11647069.345400001853704,-309273.168000001460314],[11646860.708299998193979,-309270.22239999845624],[11646619.290600001811981,-309266.813499998301268],[11646612.9305,-309266.723799999803305],[11646592.3779,-309266.433600001037121],[11646590.6417,-309266.409000001847744],[11646590.6215,-309272.785599999129772],[11646590.590599998831749,-309282.588899999856949],[11646590.5645,-309290.810400001704693],[11646588.965,-309797.301300000399351],[11646588.9212,-309811.176600001752377],[11646588.924800001084805,-309814.983899999409914],[11646588.9261,-309816.359099999070168],[11646589.410300001502037,-310313.499699998646975],[11646587.235599998384714,-310823.456500001251698],[11646587.0957,-310926.971200000494719],[11646586.551399998366833,-311329.891499999910593],[11646586.7144,-311829.285900000482798],[11646580.9249,-312064.542300000786781],[11646574.7867,-312313.977600000798702],[11646574.119199998676777,-312817.66330000013113],[11646570.9159,-313314.484700001776218],[11646569.704799998551607,-313819.813299998641014],[11646434.812199998646975,-313819.541299998760223],[11646429.8953,-313819.531399998813868],[11646428.7078,-313819.528999999165535],[11646425.435400001704693,-313819.522399999201298],[11646419.2073,-313819.509799998253584],[11646417.3662,-313819.506099998950958],[11646295.1019,-313819.259500000625849],[11646275.5746,-313819.220100000500679],[11646242.8988,-313819.154100000858307],[11646216.270100001245737,-313819.100400000810623],[11646193.0519,-313819.05350000038743],[11646138.9918,-313818.944400001317263],[11646138.3558,-313818.94310000166297],[11646125.2379,-313818.916600000113249],[11646074.6257,-313818.814399998635054],[11646073.2945,-313818.811700001358986],[11646054.0489,-313818.772900000214577],[11646046.8361,-313818.758299998939037],[11646033.2117,-313818.730799999088049],[11646018.988699998706579,-313818.701999999582767],[11646002.818799998611212,-313818.669399999082088],[11646001.792100001126528,-313818.667300000786781],[11645989.719099998474121,-313818.633099999278784],[11645987.503199998289347,-313818.626800000667572],[11645980.162,-313818.606100000441074],[11645960.813299998641014,-313818.551300000399351],[11645960.363200001418591,-313818.550000000745058],[11645959.7549,-313818.548300001770258],[11645948.577100001275539,-313818.516600001603365],[11645947.9157,-313818.514800000935793],[11645929.517299998551607,-313818.462699998170137],[11645926.091699998825788,-313818.453000001609325],[11645908.482299998402596,-313818.403099998831749],[11645903.321400001645088,-313818.3885000012815],[11645879.3508,-313818.320599999278784],[11645874.9331,-313818.308100000023842],[11645856.9261,-313818.257100000977516],[11645843.810400001704693,-313818.219999998807907],[11645802.4282,-313818.102699998766184],[11645784.779399998486042,-313818.052700001746416],[11645768.961399998515844,-313818.00789999961853],[11645725.156,-313817.883799999952316],[11645706.8292,-313817.831900000572205],[11645686.717099998146296,-313817.774900000542402],[11645673.240200001746416,-313817.736699998378754],[11645651.657499998807907,-313817.675599999725819],[11645634.615899998694658,-313817.627300001680851],[11645535.779800001531839,-313817.347100000828505],[11645491.023400001227856,-313817.220199998468161],[11645473.536200001835823,-313817.149399999529123],[11645419.6989,-313816.931400001049042],[11645199.709399998188019,-313816.040300000458956],[11645190.313499998301268,-313816.002199999988079],[11645174.5218,-313815.938200000673532],[11645163.299400001764297,-313815.892700001597404],[11645151.5013,-313815.844900000840425],[11645129.9619,-313815.757599998265505],[11645124.329300001263618,-313815.7347999997437],[11645098.7674,-313815.63120000064373],[11645094.217099998146296,-313815.612700000405312],[11645064.5832,-313815.492600001394749],[11645064.2962,-313815.491500001400709],[11645049.131499998271465,-313815.429999999701977],[11645035.2438,-313815.373700000345707],[11645023.83729999884963,-313815.327500000596046],[11645013.86259999871254,-313815.287099998444319],[11645009.9863,-313815.271299999207258],[11644996.134799998253584,-313815.215300001204014],[11644995.746800001710653,-313815.213799998164177],[11644995.6177,-313815.213100001215935],[11644993.7282,-313815.205400001257658],[11644982.105700001120567,-313815.158300001174212],[11644762.323399998247623,-313814.255300000309944],[11644550.3858,-313813.384100001305342],[11644467.6752,-313813.044100001454353],[11644322.6103,-313811.616900000721216],[11644115.5268,-313809.5793999992311],[11643930.7551,-313807.761100001633167],[11643885.539700001478195,-313807.456900000572205],[11643676.1114,-313806.047400001436472],[11643463.6384,-313804.616999998688698],[11643406.025199998170137,-313804.229200001806021],[11643265.6529,-313803.919399999082088],[11643265.805,-313970.367300000041723],[11643265.791299998760223,-314009.903999999165535]],[[11651274.241999998688698,-304255.446800000965595],[11651274.272999998182058,-304253.510999999940395],[11651274.210900001227856,-304257.382699999958277],[11651274.241999998688698,-304255.446800000965595]],[[11652737.9824,-309273.278000000864267],[11652737.8594,-309270.317400000989437],[11652738.2339,-309279.333299998193979],[11652737.9824,-309273.278000000864267]],[[11646597.8191,-304178.965700000524521],[11646592.035799998790026,-304178.971200000494719],[11646671.031399998813868,-304178.896899998188019],[11646597.8191,-304178.965700000524521]]]]}},
{"type":"Feature","properties":{"CompanyCode":"KALBAR - A"},"geometry":{"type":"MultiPolygon","coordinates":[[[[12134976.3327,75444.129599999636412],[12134938.0405,75279.787900000810623],[12134768.543499998748302,75250.821299999952316],[12134768.622000001370907,75057.901000000536442],[12134768.7088,74844.002599999308586],[12134572.953200001269579,74821.949999999254942],[12134566.7597,74819.043099999427795],[12134564.5662,74818.950699999928474],[12134528.7681,74817.442499998956919],[12134496.303599998354912,74816.966299999505281],[12134457.5685,74815.299400001764297],[12134424.9454,74813.632500000298023],[12134395.259100001305342,74813.711899999529123],[12134369.462000001221895,74813.870600000023842],[12134329.218899998813868,74814.50560000166297],[12134303.3264,74815.966400001198053],[12134294.185899998992682,74816.48200000077486],[12134269.256099998950958,74816.135400000959635],[12134233.9481,74814.88569999858737],[12134174.0464,74810.440699998289347],[12134146.9043,74807.368000000715256],[12134146.9043,74756.507399998605251],[12134141.801,74718.936500001698732],[12134141.666900001466274,74716.76410000026226],[12134140.478100001811981,74697.505199998617172],[12134139.155299998819828,74670.782200001180172],[12134139.155299998819828,74648.028000000864267],[12134140.4782,74609.134100001305342],[12134134.6573,74513.090199999511242],[12134134.5466,74509.608300000429153],[12134133.5882,74479.465900000184774],[12134131.7465,74445.266399998217821],[12134129.8548,74412.880100000649691],[12134127.9624,74382.411400001496077],[12134126.1237,74349.865299999713898],[12134124.1778,74320.781399998813868],[12134122.7086,74290.366099998354912],[12134121.503199998289347,74261.761900000274181],[12134119.353,74214.567699998617172],[12134118.305599998682737,74187.934500001370907],[12134115.5834,74135.214200001209974],[12134115.313099998980761,74129.980099998414516],[12134111.809799998998642,74073.718100000172853],[12134111.615600001066923,74070.599899999797344],[12134111.559099998325109,74069.693500000983477],[12134111.3059,74065.62779999896884],[12134111.253400001674891,74064.783500000834465],[12134110.80290000140667,74057.551500000059605],[12133970.0799,74056.338599998503923],[12133969.9243,74057.878199998289347],[12133966.961,74086.241500001400709],[12133966.8567,74087.83500000089407],[12133966.4534,74093.999400001019239],[12133966.304699998348951,74093.979699999094009],[12133966.156100001186132,74093.958399999886751],[12133963.377999998629093,74093.402800001204014],[12133960.679200001060963,74092.291499998420477],[12133959.190900001674891,74091.38569999858737],[12133958.8536,74091.180300001055002],[12133957.151,74089.60869999974966],[12133956.7898,74089.275299999862909],[12133955.123,74087.290899999439716],[12133950.5192,74081.734700001776218],[12133948.5038,74079.937199998646975],[12133947.5823,74079.115200001746416],[12133946.274099998176098,74077.2837999984622],[12133945.994800001382828,74076.892700001597404],[12133944.804200001060963,74074.828999999910593],[12133943.931000001728535,74073.797100000083447],[12133941.5497,74072.130199998617172],[12133939.009799998253584,74070.701400000602007],[12133936.3904,74069.510899998247623],[12133934.485399998724461,74068.875900000333786],[12133932.262899998575449,74068.320199999958277],[12133930.040399998426437,74067.923300001770258],[12133927.0242,74067.605799999088049],[12133924.9604,74067.526500001549721],[12133923.4522,74067.526399999856949],[12133921.5473,74067.36769999936223],[12133919.801,74066.653299998492002],[12133918.134100001305342,74065.700800001621246],[12133917.1816,74064.907000001519918],[12133916.253199998289347,74063.80460000038147],[12133915.91160000115633,74063.399000000208616],[12133914.641600001603365,74062.128899998962879],[12133914.074,74061.313099998980761],[12133913.371599998325109,74060.303399998694658],[12133912.022300001233816,74059.19200000166893],[12133910.752300001680851,74058.398299999535084],[12133909.879099998623133,74058.001499999314547],[12133908.847199998795986,74057.684000000357628],[12133907.81529999896884,74057.525199998170137],[12133907.100900001823902,74057.525199998170137],[12133906.0691,74057.922100000083447],[12133905.195999998599291,74058.636399999260902],[12133904.402199998497963,74059.50959999859333],[12133903.5291,74060.700199998915195],[12133902.41780000180006,74062.049499999731779],[12133901.1479,74063.637099999934435],[12133899.560400001704693,74065.145300000905991],[12133898.1316,74066.335900001227856],[12133896.4782,74067.782600000500679],[12133896.226599998772144,74068.002700001001358],[12133894.401,74069.272700000554323],[12133892.495900001376867,74070.542700000107288],[12133891.975000001490116,74070.846599999815226],[12133890.590999998152256,74071.653900001198053],[12133888.2097,74072.527100000530481],[12133886.1459,74073.320900000631809],[12133883.2091,74074.035199999809265],[12133878.2084,74074.273400001227856],[12133872.3717,74074.056400001049042],[12133869.766399998217821,74074.140500001609325],[12133869.0909,74074.162300001829863],[12133867.257199998944998,74074.261399999260902],[12133865.175,74074.37390000000596],[12133862.1059,74075.008900001645088],[12133857.3433,74076.173099998384714],[12133852.051600001752377,74077.2314000017941],[12133845.640700001269579,74078.17850000038743],[12133842.738200001418591,74078.607299998402596],[12133841.429499998688698,74078.652399998158216],[12133827.5799,74079.129999998956919],[12133826.1805,74079.178199999034405],[12133818.8842,74079.429800000041723],[12133815.1157,74079.55970000103116],[12133786.3468,74079.848400000482798],[12133786.330400001257658,74079.848600000143051],[12133783.471500001847744,74079.877300001680851],[12133759.447299998253584,74079.877199999988079],[12133755.5315,74080.194699998944998],[12133750.6631,74079.982999999076128],[12133745.7947,74079.136399999260902],[12133741.0323,74078.289700001478195],[12133736.7989999987185,74077.125599998980761],[12133733.0948,74075.749800000339746],[12133729.919799998402596,74074.162200000137091],[12133726.8506,74072.786299999803305],[12133721.9822,74070.775600001215935],[12133717.392499998211861,74069.276900000870228],[12133716.796300001442432,74069.08219999819994],[12133711.293000001460314,74068.129700001329184],[12133706.0013,74067.600499998778105],[12133700.858,74067.811900001019239],[12133698.2755,74067.918099999427795],[12133690.338,74068.447200000286102],[12133682.6048,74069.694499999284744],[12133680.49549999833107,74070.034699998795986],[12133674.6747,74070.987199999392033],[12133671.7205,74071.157600000500679],[12133669.1712,74071.304699998348951],[12133662.186299998313189,74072.257199998944998],[12133655.0955,74073.421399999409914],[12133649.380399998277426,74074.903099998831749],[12133646.0321,74075.615499999374151],[12133644.4062,74075.961399998515844],[12133642.586599998176098,74076.188799999654293],[12133637.6329,74076.808100000023842],[12133628.954599998891354,74077.44310000166297],[12133620.376200001686811,74079.182500001043081],[12133615.887899998575449,74080.092500001192093],[12133605.988699998706579,74082.099800001829863],[12133590.1466,74082.781100001186132],[12133590.114799998700619,74136.335799999535084],[12133589.7973,74223.489700000733137],[12133589.0035,74293.657400000840425],[12133588.2099,74369.222500000149012],[12133587.892299998551607,74446.534000001847744],[12133587.892299998551607,74523.210299998521805],[12133587.5748,74588.61540000140667],[12133586.997499998658895,74625.395500000566244],[12133586.463599998503923,74659.418099999427795],[12133585.669799998402596,74711.488200001418591],[12133585.987300001084805,74745.778299998492002],[12133585.9874,74753.557000000029802],[12133586.772100001573563,74760.199599999934435],[12133548.7817,74757.947200000286102],[12133490.149999998509884,74752.443999998271465],[12133418.524099998176098,74745.977800000458956],[12133398.709800001233816,74744.188900001347065],[12133333.264199998229742,74738.2668999992311],[12133310.314599998295307,74736.190200001001358],[12133307.481199998408556,74735.933899998664856],[12133214.946400001645088,74730.139800000935793],[12133177.96339999884367,74726.565999999642372],[12133164.597199998795986,74725.429900001734495],[12133103.927000001072884,74719.57490000128746],[12133085.0898,74717.756900001317263],[12133049.635499998927116,74714.185100000351667],[12133047.915800001472235,74714.449599999934435],[12133033.401299998164177,74714.449700001627207],[12133029.7883,74751.662999998778105],[12133028.2977,74774.0337999984622],[12133028.501400001347065,74793.422499999403954],[12133029.3358,74823.038400001823902],[12133028.687199998646975,74856.488899998366833],[12133028.040800001472235,74884.825800001621246],[12133026.121800001710653,74919.767099998891354],[12133025.905000001192093,74932.550700001418591],[12133026.0927,74990.716600000858307],[12133025.870000001043081,75017.988400001078844],[12133024.80689999833703,75029.91950000077486],[12133024.316100001335144,75033.204100001603365],[12133022.896899998188019,75042.702300000935793],[12133022.442699998617172,75106.348099999129772],[12133022.223299998790026,75137.08839999884367],[12133019.7275,75256.774000000208616],[12132968.2115,75246.153599999845028],[12132921.656,75235.694099999964237],[12132890.758699998259544,75232.272300001233816],[12132864.5163,75231.196100000292063],[12132852.6646,75231.404199998825788],[12132832.92790000140667,75235.497299998998642],[12132817.761300001293421,75240.253499999642372],[12132817.583500001579523,75248.006000000983477],[12132815.996,75248.958399999886751],[12132813.2443,75251.075199998915195],[12132812.186,75253.826799999922514],[12132811.551,75256.578499998897314],[12132811.127700001001358,75260.17680000141263],[12132810.916000001132488,75263.351799998432398],[12132810.916000001132488,75267.373500000685453],[12132811.1276,75270.760200001299381],[12132811.551,75288.328600000590086],[12132811.551,75360.413400001823902],[12132811.551,75368.338700000196695],[12132809.646000001579523,75467.187199998646975],[12132809.434300001710653,75576.407499998807907],[12132806.2593,75689.437699999660254],[12132805.785500001162291,75734.156100001186132],[12132730.4599,75729.16499999910593],[12132721.7289,75731.398400001227856],[12132701.570500001311302,75731.709600001573563],[12132638.080899998545647,75729.285999998450279],[12132617.129099998623133,75728.957699999213219],[12132599.0922,75736.0439000017941],[12132600.113699998706579,75742.905299998819828],[12132603.027199998497963,75752.331399999558926],[12132603.712000001221895,75754.546900000423193],[12132607.945300001651049,75764.812800001353025],[12132612.6021,75776.031199999153614],[12132615.776999998837709,75782.698600001633167],[12132617.1529,75785.450300000607967],[12132619.2696,75788.625399999320507],[12132621.3862,75792.223700001835823],[12132624.8787,75796.562899999320507],[12132628.2654,75799.843600001186132],[12132633.345400001853704,75803.6537000015378],[12132639.589499998837709,75808.098700001835823],[12132649.5379,75815.401200000196695],[12132664.778,75827.148699998855591],[12132688.5905,75845.987100001424551],[12132702.877999998629093,75856.252999998629093],[12132717.165600001811981,75865.672100000083447],[12132731.029800001531839,75872.763000000268221],[12132750.1857,75881.547200001776218],[12132789.026500001549721,75896.258000001311302],[12132800.3893,75900.289900001138449],[12132821.8349,75907.899700000882149],[12132847.9758,75916.048900000751019],[12132857.395100001245737,75918.694699998944998],[12132865.4384,75920.388099998235703],[12132870.73,75921.446400001645088],[12132877.503400001674891,75922.081399999558926],[12132884.276700001209974,75922.504799999296665],[12132887.6105,75922.187199998646975],[12132890.9443,75921.869699999690056],[12132902.056699998676777,75918.906399998813868],[12132918.0376,75912.87390000000596],[12132942.4852,75901.549699999392033],[12132951.8361,75896.787200000137091],[12132962.5517,75889.511100001633167],[12132978.2944,75876.546500001102686],[12132998.667399998754263,75858.290199998766184],[12133012.7564,75845.986999999731779],[12133026.8455,75833.684000000357628],[12133043.5143,75819.793299999088049],[12133057.0081,75810.003699999302626],[12133071.428,75804.182900000363588],[12133088.3613,75798.626600001007318],[12133099.54,75796.245299998670816],[12133105.129299998283386,75795.054800000041723],[12133110.7187,75793.864100001752377],[12133132.1499,75791.482799999415874],[12133148.1573,75789.498500000685453],[12133168.662500001490116,75788.704700000584126],[12133179.5104,75790.02760000154376],[12133186.389600001275539,75791.482799999415874],[12133207.4239999987185,75796.377599999308586],[12133212.1877,75797.462999999523163],[12133228.3262,75801.140099998563528],[12133242.613699998706579,75805.770399998873472],[12133251.212699998170137,75808.548500001430511],[12133255.9751,75811.32660000026226],[12133262.854400001466274,75816.089099999517202],[12133275.025199998170137,75828.392299998551607],[12133289.445,75844.135000001639128],[12133323.4012,75884.25450000166893],[12133328.074299998581409,75889.775699999183416],[12133367.6296,75942.295699998736382],[12133384.827599998563528,75961.213300000876188],[12133393.0297,75969.944600000977516],[12133401.6074,75978.621100001037121],[12133404.539,75981.586399998515844],[12133416.7099,75991.508200000971556],[12133426.7641,75998.651999998837709],[12133432.0557,76001.826999999582767],[12133438.2735,76004.472800001502037],[12133445.814100001007318,76007.647900000214577],[12133471.743299998342991,76015.453099999576807],[12133510.108,76024.316599998623133],[12133536.185899998992682,76028.690499998629093],[12133551.912300001829863,76031.328099999576807],[12133573.078899998217821,76036.090599998831749],[12133583.92680000141263,76039.794799998402596],[12133592.52589999884367,76042.572900000959635],[12133597.6853,76044.821899998933077],[12133602.8446,76047.070799998939037],[12133612.6343,76052.494800001382828],[12133636.314399998635054,76067.972899999469519],[12133654.4384,76083.451099999248981],[12133672.297899998724461,76099.590700000524521],[12133676.134399998933077,76103.162599999457598],[12133679.177000001072884,76106.469900000840425],[12133682.616700001060963,76111.232400000095367],[12133687.5115,76123.800200000405312],[12133697.0365,76155.94709999859333],[12133708.545899998396635,76186.241900000721216],[12133717.9386,76209.39299999922514],[12133723.4949,76221.563900001347065],[12133726.934500001370907,76227.649300001561642],[12133730.241700001060963,76232.676399998366833],[12133734.4751,76239.555599998682737],[12133742.8094,76251.726500000804663],[12133747.7042,76258.208799999207258],[12133754.433899998664856,76265.472600001841784],[12133756.038600001484156,76267.204599998891354],[12133763.711599998176098,76273.55460000038147],[12133773.633499998599291,76280.301500000059605],[12133787.391800001263618,76286.7837999984622],[12133796.9608,76289.346900001168251],[12133802.2086,76290.752599999308586],[12133833.032499998807907,76300.013000000268221],[12133867.5608000010252,76312.183899998664856],[12133897.3264,76319.989100001752377],[12133904.5447,76321.720100000500679],[12133926.563000001013279,76327.000500001013279],[12133941.511999998241663,76331.763099998235703],[12133967.250599998980761,76342.178300000727177],[12133969.9547,76343.27250000089407],[12133983.183899998664856,76348.564100001007318],[12133985.912500001490116,76349.973900001496077],[12133999.059,76356.76630000025034],[12134005.0121,76361.925599999725819],[12134011.626600001007318,76368.010999999940395],[12134022.474599998444319,76378.197500001639128],[12134032.925700001418591,76392.088199999183416],[12134046.0225,76408.624699998646975],[12134066.660100001841784,76433.098700001835823],[12134081.21229999884963,76445.798700001090765],[12134098.9393,76462.070700000971556],[12134104.4956,76467.626899998635054],[12134111.6393,76474.109200000762939],[12134120.7676,76480.326900001615286],[12134132.6738,76487.33839999884367],[12134135.7377,76489.861600000411272],[12134150.0433,76472.751400001347065],[12134165.4421,76453.22520000115037],[12134179.2287,76434.374200001358986],[12134248.9602,76354.289500001817942],[12134397.351599998772144,76171.115299999713898],[12134405.7797,76160.711800001561642],[12134549.228300001472235,75961.014400001615286],[12134590.7445,75902.325599998235703],[12134590.7676,75897.61259999871254],[12134613.5233,75886.968899998813868],[12134722.1549,75748.675900001078844],[12134762.0117,75697.93640000000596],[12134658.9701,75698.942299999296665],[12134667.1232,75479.650699999183416],[12134668.131700001657009,75452.524500001221895],[12134942.7242,75471.547499999403954],[12134976.3327,75444.129599999636412]]],[[[12132728.8548,81284.771899998188019],[12132729.0299,81284.77140000090003],[12132803.006299998611212,81284.509899999946356],[12132828.8398,81284.418499998748302],[12132965.2154,81282.811200000345707],[12133160.9707,81280.504099998623133],[12133190.831799998879433,81280.152199998497963],[12133235.0706,81279.630800001323223],[12133357.9916,81278.182000000029802],[12133390.9421,81277.793699998408556],[12133517.886799998581409,81261.428199999034405],[12133604.36540000140667,81250.279500000178814],[12133659.606199998408556,81243.157999999821186],[12133737.3021,81221.218699999153614],[12134027.456,81139.286699999123812],[12134058.156399998813868,81130.617800001055002],[12134149.706300001591444,81104.76630000025034],[12134211.478999998420477,81087.32319999858737],[12134449.594099998474121,81020.085200000554323],[12134644.1723,80965.140900000929832],[12134899.903299998492002,80892.928199999034405],[12134903.6631,80889.05009999871254],[12134905.345400001853704,80887.314899999648333],[12134938.9947,80852.606199998408556],[12135057.446199998259544,80730.425400000065565],[12135056.8578,80258.616399999707937],[12135261.831500001251698,80254.885299999266863],[12135271.1452,80254.715799998492002],[12135268.7011,79833.0912000015378],[12135268.700199998915195,79832.932300001382828],[12135267.877300001680851,79691.031899999827147],[12135268.7945,79665.399300001561642],[12135266.865899998694658,79667.259300000965595],[12135258.649999998509884,79675.182900000363588],[12135258.888099998235703,79673.317499998956919],[12135258.967500001192093,79671.84910000115633],[12135258.9676,79670.658500000834465],[12135258.8882,79669.269499998539686],[12135258.8484,79667.920099999755621],[12135258.2839,79663.833299998193979],[12135255.7727,79643.492400001734495],[12135253.7883,79632.776700001209974],[12135252.333099998533726,79618.092300001531839],[12135250.87779999896884,79601.291200000792742],[12135248.232,79553.930700000375509],[12135247.0414,79511.597300000488758],[12135246.379999998956919,79464.501400001347065],[12135246.2067,79419.816300000995398],[12135246.1153,79396.238699998706579],[12135246.9091,79347.819899998605251],[12135246.783100001513958,79343.917500000447035],[12135246.512200001627207,79335.516800001263618],[12135246.512200001627207,79335.061999998986721],[12135246.5123,79285.066399998962879],[12135227.7848,79276.71000000089407],[12135223.8184,79272.713300000876188],[12135220.6455,79268.717000000178814],[12135220.246599998325109,79267.801399998366833],[12135215.8882,79257.795299999415874],[12135208.7509,79245.008200000971556],[12135200.8189,79234.617800001055002],[12135189.1842,79221.562399998307228],[12135162.0748,79197.829100001603365],[12135156.9212,79193.317299999296665],[12135143.1686,79184.256000000983477],[12135133.91270000115037,79176.261999998241663],[12135128.359900001436472,79169.867600001394749],[12135124.659200001507998,79162.941399998962879],[12135122.546,79155.4831000007689],[12135120.698399998247623,79145.627999998629093],[12135119.1146,79137.370999999344349],[12135119.1537000015378,79124.892099998891354],[12135119.747499998658895,79121.017799999564886],[12135121.143399998545647,79111.909299999475479],[12135119.608,79103.646200001239777],[12135119.163800001144409,79101.255100000649691],[12135118.3272,79098.121500000357628],[12135116.852699998766184,79092.598400000482798],[12135108.5922,79076.947700001299381],[12135085.458099998533726,79044.311999998986721],[12134996.3693,78931.240800000727177],[12134993.258699998259544,78929.000900000333786],[12134990.0141,78926.664599999785423],[12134983.6587999984622,78922.088199999183416],[12134974.0704,78918.421900000423193],[12134966.135000001639128,78916.088100001215935],[12134926.386999998241663,78911.66160000115633],[12134920.036899998784065,78911.397100001573563],[12134915.671300001442432,78910.206500001251698],[12134907.4692,78908.486699998378754],[12134898.7379,78905.973099999129772],[12134888.9483,78902.401299998164177],[12134878.3649,78898.432500001043081],[12134856.5368,78891.156399998813868],[12134841.4555,78885.732500001788139],[12134833.518,78882.557399999350309],[12134827.5649,78880.176199998706579],[12134823.8607,78877.927299998700619],[12134819.2304,78874.48759999871254],[12134814.8649,78870.386599998921156],[12134810.763799998909235,78866.41780000180006],[12134807.456500001251698,78863.639699999243021],[12134803.88459999859333,78861.522999998182058],[12134800.445099998265505,78860.067800000309944],[12134797.1378,78858.744899999350309],[12134794.3596,78856.892799999564886],[12134791.581500001251698,78854.776200000196695],[12134789.464699998497963,78852.262600000947714],[12134788.00959999859333,78849.749000001698732],[12134786.9512,78847.896899998188019],[12134783.21229999884963,78842.007599998265505],[12134780.566399998962879,78838.832499999552965],[12134777.7883,78835.657600000500679],[12134774.7456,78832.614799998700619],[12134771.9146,78830.582299999892712],[12134769.5861,78828.910700000822544],[12134766.0143,78826.7939000017941],[12134763.236200001090765,78825.603300001472235],[12134760.722600001841784,78825.338700000196695],[12134757.547600001096725,78825.735700000077486],[12134754.5049,78826.529399998486042],[12134750.5361,78828.381499998271465],[12134747.890299998223782,78829.57209999859333],[12134744.0539,78832.350299999117851],[12134736.116300001740456,78839.626299999654293],[12134732.5444,78842.536699999123812],[12134728.5757,78844.785700000822544],[12134723.813099998980761,78846.637699998915195],[12134719.1829,78847.696100000292063],[12134714.552700001746416,78847.696100000292063],[12134707.541299998760223,78847.166900001466274],[12134701.0203,78846.574099998921156],[12134700.2652,78846.505399998277426],[12134694.973499998450279,78845.5793999992311],[12134689.8141999989748,78844.256499998271465],[12134687.8596,78843.517000000923872],[12134627.0916,78844.894000001251698],[12134627.423099998384714,78832.270899999886751],[12134618.746,78784.280299998819828],[12134583.798099998384714,78590.993500001728535],[12134563.3941,78540.614999998360872],[12134561.0136,78534.737500000745058],[12134545.969700001180172,78517.27479999884963],[12134547.8748,78512.618200000375509],[12134549.2507,78507.749800000339746],[12134549.46229999884963,78505.950599998235703],[12134549.779800001531839,78500.658900000154972],[12134549.779800001531839,78498.330699998885393],[12134549.3565,78495.155600000172853],[12134548.721500001847744,78492.086399998515844],[12134547.8748,78489.334800001233816],[12134547.028099998831749,78486.900600001215935],[12134546.0757,78484.783900000154972],[12134544.3823,78481.185600001364946],[12134543.429699998348951,78479.068900000303984],[12134541.7364,78476.105599999427795],[12134534.9445,78462.185400001704693],[12134515.5856,78471.722500000149012],[12134506.4575,78460.212999999523163],[12134501.298099998384714,78455.318199999630451],[12134495.874200001358986,78449.761900000274181],[12134491.508499998599291,78444.999400001019239],[12134472.590799998492002,78428.198399998247623],[12134465.447,78422.509899999946356],[12134457.2449,78416.159800000488758],[12134451.2918,78411.397300001233816],[12134446.5293,78408.486900001764297],[12134442.4282,78405.708799999207258],[12134438.988699998706579,78402.269200000911951],[12134435.5491,78397.903499998152256],[12134432.7709,78394.331599999219179],[12134430.2573,78391.6858000010252],[12134426.9501,78389.833700001239777],[12134424.0396,78388.775299999862909],[12134420.997000001370907,78387.981600001454353],[12134417.821899998933077,78387.981699999421835],[12134413.853100001811981,78387.981699999421835],[12134412.824499998241663,78387.910799998790026],[12134412.533100001513958,78395.412900000810623],[12134403.9283,78390.77309999987483],[12134397.3162,78387.041600000113249],[12134393.3492,78383.977099999785423],[12134390.8371,78381.578999999910593],[12134389.647599998861551,78379.181600000709295],[12134388.591400001198053,78374.520300000905991],[12134387.932,78369.992400001734495],[12134386.3468,78364.931400001049042],[12134383.5715,78359.070999998599291],[12134379.473299998790026,78353.875799998641014],[12134329.4949,78303.784000001847744],[12134327.2469,78302.451400000602007],[12134325.13060000166297,78302.050999999046326],[12134323.807500001043081,78303.115800000727177],[12134322.4841,78304.713199999183416],[12134321.424800001084805,78307.109700001776218],[12134320.3651,78310.704700000584126],[12134318.11540000140667,78313.10080000013113],[12134315.4696,78314.031700000166893],[12134312.2951,78313.763999998569489],[12134308.327399998903275,78312.563799999654293],[12134303.8306,78311.363499999046326],[12134301.581799998879433,78311.628699999302626],[12134295.099599998444319,78313.357099998742342],[12134291.528,78314.154599998146296],[12134285.311099998652935,78313.885600000619888],[12134276.5817,78312.550200000405312],[12134267.1913,78309.88289999961853],[12134253.305100001394749,78304.017599999904633],[12134247.6188,78300.286499999463558],[12134234.793499998748302,78287.896600000560284],[12134231.2243,78282.834800001233816],[12134230.1672,78280.304099999368191],[12134230.5698,78266.721500001847744],[12134203.802499998360872,78244.577799998223782],[12134203.802499998360872,78198.876600001007318],[12134202.847600001841784,78198.539500001817942],[12134200.069400001317263,78197.481199998408556],[12134196.365200001746416,78196.6875],[12134193.5871,78196.6875],[12134190.6767,78197.216699998825788],[12134188.8246,78198.010400000959635],[12134185.914099998772144,78199.333299998193979],[12134182.8715,78200.920800000429153],[12134179.9611,78203.037599999457598],[12134177.712000001221895,78205.021899998188019],[12134174.933899998664856,78207.800000000745058],[12134171.891199998557568,78209.916700001806021],[12134168.186999998986721,78211.901000000536442],[12134163.821400001645088,78213.488600000739098],[12134159.3235,78213.885499998927116],[12134155.09010000154376,78213.753199998289347],[12134149.136999998241663,78212.959399998188019],[12134144.242199998348951,78211.768699999898672],[12134139.7443,78210.18129999935627],[12134136.436999998986721,78208.725999999791384],[12134133.3942,78207.270799998193979],[12134130.4839,78206.212499998509884],[12134127.573399998247623,78206.080200001597404],[12134124.001600001007318,78206.477099999785423],[12134121.7526,78207.535500001162291],[12134119.9005,78209.387499999254942],[12134119.3713,78211.107400000095367],[12134119.5037,78213.356300000101328],[12134119.9005,78214.546900000423193],[12134120.429699998348951,78215.869800001382828],[12134121.7526,78217.325100000947714],[12134123.47239999845624,78219.441700000315905],[12134126.912,78223.807399999350309],[12134128.367199998348951,78225.9239999987185],[12134130.087000001221895,78229.098999999463558],[12134131.6745,78232.141800001263618],[12134132.7328,78234.655299998819828],[12134133.7912,78238.359400000423193],[12134133.7911,78241.005300000309944],[12134133.394299998879433,78244.048000000417233],[12134132.2036,78246.296999998390675],[12134130.219300001859665,78248.413600001484156],[12134128.3671,78249.604299999773502],[12134125.192200001329184,78250.530299998819828],[12134121.488000001758337,78250.794900000095367],[12134116.8578,78250.662599999457598],[12134111.169300001114607,78250.133499998599291],[12134106.6712,78249.7364999987185],[12134100.056699998676777,78248.810499999672174],[12134094.632800001651049,78247.48759999871254],[12134090.796300001442432,78246.296999998390675],[12134084.578499998897314,78245.106300000101328],[12134078.360800001770258,78244.312600001692772],[12134072.0108,78244.312600001692772],[12134068.3066,78244.577199999243021],[12134061.824299998581409,78245.635600000619888],[12134057.1941,78246.826200000941753],[12134053.2253,78248.678199999034405],[12134048.727400001138449,78250.794900000095367],[12134044.8909,78252.250100001692772],[12134040.6576,78253.440799999982119],[12134036.027399998158216,78254.234499998390675],[12134032.4555,78254.631400000303984],[12134029.4128,78254.631400000303984],[12134027.5607,78254.234499998390675],[12134025.179499998688698,78252.91160000115633],[12134023.592,78251.456399999558926],[12134022.269000001251698,78249.471999999135733],[12134021.210700001567602,78247.090700000524521],[12134020.152399998158216,78243.915699999779463],[12134019.6232,78241.137600000947714],[12134019.2264,78237.697999998927116],[12134018.8295,78234.787599999457598],[12134018.8295,78225.527100000530481],[12134019.094,78221.426100000739098],[12134019.094,78218.25109999999404],[12134018.9617,78215.340700000524521],[12134018.4326,78213.091699998825788],[12134017.5066,78211.901099998503923],[12134015.125300001353025,78209.784400001168251],[12134012.744,78208.593800000846386],[12134010.3627,78207.932300001382828],[12134007.187800001353025,78207.403200000524521],[12134003.748100001364946,78207.006299998611212],[12134001.102400001138449,78206.609400000423193],[12133997.3981,78205.551100000739098],[12133994.487799998372793,78203.831199999898672],[12133991.97410000115633,78201.846799999475479],[12133989.0638,78199.465599998831749],[12133985.624200001358986,78196.422899998724461],[12133978.9852,78191.518899999558926],[12133978.1675,78158.5912000015378],[12133977.1041,78113.642700001597404],[12133976.7746,78031.784000001847744],[12133976.6408,77998.528000000864267],[12133975.7542,77778.276299998164177],[12133812.25450000166893,77778.018699999898672],[12133797.3207,77778.317299999296665],[12133788.127700001001358,77778.501200001686811],[12133781.0367,77778.64299999922514],[12133781.110100001096725,77773.133299998939037],[12133780.6472,77727.312300000339746],[12133780.544599998742342,77717.151900000870228],[12133780.278099998831749,77690.765099998563528],[12133779.7117,77634.697500001639128],[12133778.788600001484156,77543.316799998283386],[12133778.2912,77494.07490000128746],[12133778.264199998229742,77491.398299999535084],[12133777.6365,77474.139899998903275],[12133777.659200001507998,77420.2347999997437],[12133779.493700001388788,77398.147599998861551],[12133767.916000001132488,77391.961599998176098],[12133755.2383,77385.187600001692772],[12133735.5603,77375.058699999004602],[12133719.4797,77365.783599998801947],[12133693.877500001341105,77351.81700000166893],[12133682.134100001305342,77345.952799998223782],[12133681.6398,77345.705899998545647],[12133670.3908,77340.088500000536442],[12133637.4886,77322.283700000494719],[12133626.7386,77315.842500001192093],[12133625.745700001716614,77315.247600000351667],[12133608.1829,77307.782900001853704],[12133586.2815,77300.742400001734495],[12133582.768399998545647,77299.671500001102686],[12133581.7319,77299.355599999427795],[12133576.1809,77299.525299999862909],[12133574.8536,77299.565799999982119],[12133564.2205,77295.513000000268221],[12133562.1928,77294.007500000298023],[12133555.1758,77288.797699999064207],[12133546.131499998271465,77281.602899998426437],[12133537.324099998921156,77276.96510000154376],[12133528.516600001603365,77272.327100001275539],[12133515.343400001525879,77269.285399999469519],[12133494.550299998372793,77268.797100000083447],[12133490.604600001126528,77268.829300001263618],[12133473.1477,77268.971400000154972],[12133457.2491,77269.10080000013113],[12133402.6466,77269.716699998825788],[12133370.7797,77269.953999999910593],[12133363.560600001364946,77269.662200000137091],[12133363.4144,77232.975999999791384],[12133363.096900001168251,77195.352099999785423],[12133361.509399998933077,77158.839600000530481],[12133361.509399998933077,77116.929499998688698],[12133361.6681,77078.035700000822544],[12133361.119,77049.205600000917912],[12133361.2003,77045.264299999922514],[12133361.041499998420477,77044.470499999821186],[12133360.776999998837709,77043.729600001126528],[12133360.274300001561642,77042.909499999135733],[12133359.6393,77042.009899999946356],[12133358.951299998909235,77041.136799998581409],[12133358.1576,77040.237199999392033],[12133357.3374,77039.390599999576807],[12133356.6362,77038.808499999344349],[12133355.4589,77037.975000001490116],[12133354.9826,77037.723700001835823],[12133353.7126,77037.247400000691414],[12133352.469,77036.744699999690056],[12133351.3843,77036.427099999040365],[12133349.214699998497963,77035.977400001138449],[12133340.536400001496077,77034.753299999982119],[12133334.987300001084805,77034.528299998492002],[12133332.704599998891354,77034.435699999332428],[12133306.775400001555681,77032.742400001734495],[12133276.2953,77032.742499999701977],[12133272.37950000166893,77032.636599998921156],[12133267.4054,77032.319099999964237],[12133266.231800001114607,77032.054099999368191],[12133266.9441,77024.656100001186132],[12133267.8387,77015.364399999380112],[12133266.781800001859665,77012.594300001859665],[12133257.6815,77012.377300001680851],[12133247.946199998259544,77012.373100001364946],[12133236.941399998962879,77011.516199998557568],[12133233.9789,77010.66270000115037],[12133232.2874,77006.613800000399351],[12133225.947999998927116,76983.600299999117851],[12133223.2023,76970.389299999922514],[12133222.471099998801947,76964.512499999254942],[12133217.3310999982059,76957.42509999871254],[12133214.085099998861551,76952.246100001037121],[12133207.5515,76945.880399998277426],[12133202.685400001704693,76942.043200001120567],[12133199.5119,76939.484999999403954],[12133198.0319,76936.288499999791384],[12133197.186999998986721,76932.239999998360872],[12133194.2271,76924.994600001722574],[12133191.056200001388788,76916.257599998265505],[12133187.882800001651049,76913.4864999987185],[12133183.016600001603365,76910.288499999791384],[12133178.784699998795986,76908.156100001186132],[12133174.129299998283386,76906.875700000673532],[12133166.933600001037121,76906.872699998319149],[12133161.430100001394749,76909.000999998301268],[12133154.7271,76912.112199999392033],[12133151.23,76912.735800001770258],[12133148.4791,76911.882399998605251],[12133145.3052,76910.283100001513958],[12133140.414500001817942,76910.828099999576807],[12133137.686,76911.132100000977516],[12133134.405000001192093,76912.728700000792742],[12133131.970199998468161,76915.071299999952316],[12133129.6419,76915.496500000357628],[12133125.516399998217821,76912.298799999058247],[12133124.142,76909.31529999896884],[12133116.1868,76900.604699999094009],[12133115.419300001114607,76899.764299999922514],[12133114.9929,76899.297499999403954],[12133100.629299998283386,76884.949599999934435],[12133089.7476,76874.079700000584126],[12133084.3185,76868.656700000166893],[12133076.7819,76861.595899999141693],[12133073.874400001019239,76855.735399998724461],[12133072.289500001817942,76850.008699998259544],[12133072.7146,76841.183699999004602],[12133072.9567,76836.15989999845624],[12133073.894299998879433,76827.003699999302626],[12133075.5024,76811.299199998378754],[12133076.1384,76808.636300001293421],[12133074.71339999884367,76800.113099999725819],[12133070.8521,76797.607999999076128],[12133065.932500001043081,76795.315499998629093],[12133060.80009999871254,76795.845899999141693],[12133047.5724,76796.745799999684095],[12133029.16,76797.004299998283386],[12133016.1972,76797.318399999290705],[12133009.083299998193979,76797.457899998873472],[12133005.802499998360872,76797.522300001233816],[12133005.5623,76797.526999998837709],[12132998.7896,76798.16330000013113],[12132990.0592,76799.438000001013279],[12132981.6992,76800.073600001633167],[12132970.6941,76800.12220000103116],[12132957.2022,76800.595800001174212],[12132943.48,76800.012299999594688],[12132941.200399998575449,76737.161499999463558],[12132940.9892,76731.336399998515844],[12132940.1998,76721.215599998831749],[12132938.511100001633167,76710.774900000542402],[12132936.1864,76702.890599999576807],[12132932.8032,76695.645100001245737],[12132925.6122,76684.562800001353025],[12132921.381900001317263,76679.02140000090003],[12132916.728,76673.905900001525879],[12132911.862100001424551,76669.855700001120567],[12132906.149300001561642,76666.657299999147654],[12132902.7636,76665.377500001341105],[12132899.5893,76664.736999999731779],[12132844.1393,76668.122400000691414],[12132753.353999998420477,76675.380800001323223],[12132738.1061,76676.599800001829863],[12132727.1008,76677.234400000423193],[12132724.3497,76676.807100001722574],[12132722.2339,76675.527800001204014],[12132719.483399998396635,76673.609099999070168],[12132695.5773,76652.718899998813868],[12132669.342300001531839,76633.958299998193979],[12132663.2066,76629.694499999284744],[12132658.339899998158216,76627.561799999326468],[12132633.156,76625.846599999815226],[12132604.796500001102686,76626.473700001835823],[12132600.352400001138449,76626.045699998736382],[12132596.9665,76625.192099999636412],[12132593.581,76623.912200000137091],[12132586.386999998241663,76619.861000001430511],[12132534.761799998581409,76586.814500000327826],[12132534.4668,76586.220199998468161],[12132533.9159,76585.109600000083447],[12132533.7058,76581.487500000745058],[12132528.6734,76469.627999998629093],[12132526.3103,76375.50109999999404],[12132526.1754,76370.127199999988079],[12132524.313499998301268,76267.430599998682737],[12132523.267499998211861,76238.240699999034405],[12132522.2117,76232.48759999871254],[12132520.731800001114607,76228.864999998360872],[12132519.3076,76227.429999999701977],[12132518.8279,76226.946600001305342],[12132516.205200001597404,76226.133000001311302],[12132516.076900001615286,76226.093199998140335],[12132514.383900001645088,76226.092500001192093],[12132511.6318,76228.008900001645088],[12132496.0707,76242.170899998396635],[12132494.6946,76243.448699999600649],[12132491.836800001561642,76245.045499999076128],[12132469.0823,76253.771299999207258],[12132453.102200001478195,76257.812800001353025],[12132449.508699998259544,76257.883600000292063],[12132431.515700001269579,76256.951299998909235],[12132408.1307,76255.343499999493361],[12132399.136300001293421,76255.233199998736382],[12132386.6496,76255.653999999165535],[12132381.3585,76256.078000001609325],[12132367.177700001746416,76259.054800000041723],[12132361.463,76260.437199998646975],[12132358.3942,76260.649000000208616],[12132356.1633,76260.33729999884963],[12132352.1435,76257.565799999982119],[12132324.6395,76236.674199998378754],[12132318.504700001329184,76230.492800001055002],[12132311.5233,76224.524099998176098],[12132307.0805,76220.900199998170137],[12132287.8281,76205.551699999719858],[12132225.624699998646975,76163.765399999916553],[12132182.8534,76136.574999999254942],[12132128.3319,76101.638799998909235],[12132124.3453,76098.739999998360872],[12132117.664900001138449,76093.882399998605251],[12132117.8624,76073.442099999636412],[12132118.076699998229742,76051.26410000026226],[12132118.3666,76021.265099998563528],[12132118.3781,76020.070599999278784],[12132118.3935,76018.467999998480082],[12132118.518800001591444,76005.500900000333786],[12132118.577399998903275,75999.42960000038147],[12132119.9965,75852.537900000810623],[12132120.5678,75793.392900001257658],[12132120.611000001430511,75788.925000000745058],[12132120.9225,75756.670400001108646],[12132120.7357,75737.495799999684095],[12132119.2047,75580.377999998629093],[12132117.169799998402596,75371.57209999859333],[12132116.3547,75287.934500001370907],[12132118.275400001555681,75115.689800001680851],[12132118.511300001293421,75094.521999999880791],[12132120.321899998933077,74932.133200000971556],[12132120.7496,74893.77419999986887],[12132116.0647,74382.337799999862909],[12132115.6849,74340.880199998617172],[12132112.3743,74000.80629999935627],[12132112.246,73987.636900000274181],[12132112.218400001525879,73984.797800000756979],[12132111.1138,73871.346700001507998],[12132112.855700001120567,73522.915199998766184],[12132112.8746,73519.129599999636412],[12132112.9184,73510.36769999936223],[12132112.147999998182058,73471.334300000220537],[12132112.0984,73468.826499998569489],[12132112.0046,73464.071400001645088],[12132111.9852,73463.094300001859665],[12132110.9487,73410.578999999910593],[12132109.8182,73353.3108000010252],[12132059.124000001698732,73353.581300001591444],[12132059.0816,73353.581599999219179],[12132011.325599998235703,73353.836399998515844],[12131901.21339999884367,73353.337000001221895],[12131898.367199998348951,73353.324000000953674],[12131894.1147,73353.304800000041723],[12131891.420400001108646,73353.292500000447035],[12131844.1294,73353.077899999916553],[12131826.0585,73352.995999999344349],[12131639.0698,73352.147599998861551],[12131484.4401,73351.446100000292063],[12131012.9012,73346.803599998354912],[12130982.7113,73346.247600000351667],[12130517.3545,73337.67850000038743],[12130283.279199998825788,73341.676199998706579],[12130182.4677,73343.397900000214577],[12130133.2084,73344.239199999719858],[12130040.3129,73345.825599998235703],[12130011.022300001233816,73346.325800001621246],[12129821.392299998551607,73341.752900000661612],[12129809.1023,73341.456500001251698],[12129752.32319999858737,73340.087200000882149],[12129544.783,73335.082299999892712],[12129505.427299998700619,73334.133299998939037],[12129360.44029999896884,73716.480500001460314],[12129308.2001,73854.243299998342991],[12129270.6052,73954.860399998724461],[12129263.356199998408556,73974.261300001293421],[12129140.8118,74302.232999999076128],[12129109.5115,74386.003499999642372],[12129076.883900001645088,74472.717700000852346],[12128954.3317,74798.425200000405312],[12128914.4639,74904.381799999624491],[12128825.3482,75141.298900000751019],[12128799.3838,75084.671300001442432],[12128764.4386,75008.456700000911951],[12128871.1882,74925.036800000816584],[12128763.732500001788139,74798.435899998992682],[12128643.3455,74846.554200001060963],[12128597.820099998265505,74894.766399998217821],[12128588.5024,74904.63399999961257],[12128533.952599998563528,74962.403299998492002],[12128480.6116,74946.368599999696016],[12128282.2511,74886.739999998360872],[12128111.497499998658895,74835.410300001502037],[12128107.5674,74861.903999999165535],[12128082.9214,75028.042599998414516],[12128384.6807,75087.613099999725819],[12128347.3008,75183.162799999117851],[12128325.165199998766184,75239.745400000363588],[12128468.64469999819994,75292.416900001466274],[12128525.0561,75323.828600000590086],[12128716.695300001651049,75430.539700001478195],[12128640.406,75646.37220000103116],[12128627.501600001007318,75682.880199998617172],[12128532.0968,75952.791200000792742],[12128393.080200001597404,76316.678199999034405],[12128339.9608,76455.722100000828505],[12128319.086199998855591,76482.740699999034405],[12128126.67680000141263,76731.781599998474121],[12128092.7896,76775.642400000244379],[12127993.4225,76904.255899999290705],[12127647.9784,77342.218899998813868],[12127299.845600001513958,77778.680700000375509],[12127038.1855,78108.578200001269579],[12127025.0082,78125.192099999636412],[12126939.8548,78232.552099999040365],[12126532.351,77975.985199999064207],[12126132.8574,77712.526799999177456],[12125802.13569999858737,78241.592099998146296],[12125776.7245,78282.242899999022484],[12125776.555,78282.51410000026226],[12125769.6628,78293.539599999785423],[12125741.471099998801947,78338.638599999248981],[12125706.2062,78395.052600000053644],[12125852.716699998825788,78491.974700000137091],[12125958.659000001847744,78562.059599999338388],[12125961.5882,78563.99720000103116],[12125981.1864,78576.962200000882149],[12126056.000100001692772,78626.454199999570847],[12126057.916000001132488,78627.721700001507998],[12126037.678800001740456,78659.570099998265505],[12126035.576900001615286,78662.877599999308586],[12126035.147100001573563,78663.554299999028444],[12126030.6618,78670.612900000065565],[12126030.5192,78670.837499998509884],[12126028.7806,78673.573499999940395],[12126000.5444,78718.009700000286102],[12125789.092300001531839,79050.780699998140335],[12125505.4362,79511.915300000458956],[12125473.3809,79533.287399999797344],[12124881.7042,79927.77589999884367],[12125248.137899998575449,80269.521200001239777],[12125671.5654,80670.8310999982059],[12125701.8864,80699.568399999290705],[12125686.985,80710.253100000321865],[12125667.540600001811981,80724.195300001651049],[12125665.9096,80725.364599999040365],[12125585.1257,80783.289200000464916],[12125573.305799998342991,80791.76410000026226],[12125531.4494,80821.776399999856949],[12125457.195099998265505,80875.018699999898672],[12125455.148899998515844,80876.486000001430511],[12125418.8345,80963.041499998420477],[12125367.624899998307228,81085.100000001490116],[12125336.706,81158.795499999076128],[12125283.0832,81223.775499999523163],[12125281.7843,81225.349599998444319],[12125231.9263,81252.669300001114607],[12125186.887699998915195,81277.348099999129772],[12125157.022599998861551,81336.076299998909235],[12125148.8726,81336.331000000238419],[12125144.935199998319149,81336.453999999910593],[12125136.019499998539686,81336.732599999755621],[12125089.068799998611212,81392.76069999858737],[12125088.8739,81393.056000001728535],[12125087.183899998664856,81395.618000000715256],[12125038.9837,81468.691399998962879],[12125039.0587,81468.991399999707937],[12125040.0959,81473.140799999237061],[12125049.2775,81509.873799998313189],[12125049.870900001376867,81512.247999999672174],[12125052.0883,81521.119300000369549],[12125052.3933,81522.339400000870228],[12125055.658599998801947,81535.4037000015378],[12125054.1723,81538.326799999922514],[12125051.9172,81542.761300001293421],[12125051.8416,81542.909800000488758],[12125050.2438,81546.051899999380112],[12125026.7496,81592.252000000327826],[12124896.375500001013279,81848.625],[12125214.1639,82245.589299999177456],[12125265.9183,82591.17960000038147],[12125266.958999998867512,82598.129399999976158],[12125656.651,82607.03660000115633],[12125656.7427,82676.155099999159575],[12125656.868500001728535,82770.932900000363588],[12125656.868500001728535,82770.944299999624491],[12125656.894000001251698,82790.138700000941753],[12125657.0621,82916.887800000607967],[12125657.0713,82923.830099999904633],[12125657.13459999859333,82971.467099998146296],[12125657.211800001561642,83029.807500001043081],[12125657.292399998754263,83090.559599999338388],[12125657.401299998164177,83172.773899998515844],[12125657.401500001549721,83172.927000001072884],[12125657.4236,83189.599700000137091],[12125657.5414,83278.588799998164177],[12125657.6268,83343.000300001353025],[12125657.6543,83363.818799998611212],[12125657.7126,83407.921500001102686],[12125657.819899998605251,83488.943999998271465],[12125657.827,83494.292300000786781],[12125657.946600001305342,83584.815999999642372],[12125657.985,83613.83390000090003],[12125657.2812,83614.559200000017881],[12125657.1136,83655.280699998140335],[12125610.0682,83643.541200000792742],[12125553.0026,83625.936700001358986],[12125490.2493,83608.063299998641014],[12125446.3319,83595.579599998891354],[12125426.901099998503923,83590.056400001049042],[12125383.455899998545647,83579.249699998646975],[12125354.8997,83572.323399998247623],[12125351.818300001323223,83571.411499999463558],[12125350.0247,83570.731100000441074],[12125348.2311,83570.050700001418591],[12125347.4833,83569.711500000208616],[12125344.706300001591444,83568.445199999958277],[12125341.665,83566.712600000202656],[12125336.8383,83564.180300001055002],[12125333.6716,83562.9831000007689],[12125331.7287,83562.534699998795986],[12125328.2988,83562.355900000780821],[12125321.7276,83562.275499999523163],[12125318.5861,83562.37390000000596],[12125260.386799998581409,83564.6097999997437],[12125248.021200001239777,83564.548000000417233],[12125244.746100001037121,83564.702199999243021],[12125243.853100001811981,83564.868200000375509],[12125241.6041,83565.865899998694658],[12125239.6026,83567.878899998962879],[12125235.3163,83560.773499999195337],[12125228.5704,83561.209600001573563],[12125221.0704,83561.96510000154376],[12125213.2132,83562.800200000405312],[12125207.538600001484156,83563.396800000220537],[12125202.022799998521805,83563.753600001335144],[12125198.451299998909235,83564.231300000101328],[12125195.236900001764297,83564.868900001049042],[12125189.6813,83565.665300000458956],[12125184.9589,83566.66160000115633],[12125180.2758,83568.057599999010563],[12125177.81529999896884,83568.855399999767542],[12125174.7597,83569.293299999088049],[12125172.5374,83569.611900001764297],[12125169.6406,83569.929999999701977],[12125168.1327,83570.009199999272823],[12125165.3151,83570.527199998497963],[12125159.243500001728535,83571.602899998426437],[12125151.425700001418591,83573.117199998348951],[12125143.131900001317263,83574.391499999910593],[12125137.9333,83575.26799999922514],[12125131.7823,83576.223799999803305],[12125125.1948,83577.49890000000596],[12125117.019900001585484,83578.893100000917912],[12125112.416700001806021,83579.490100000053644],[12125105.3532,83580.325699999928474],[12125101.1864,83580.962900001555681],[12125095.035500001162291,83581.918699998408556],[12125084.955899998545647,83583.55180000141263],[12125077.812800001353025,83584.746700000017881],[12125073.050900001078844,83585.223900001496077],[12125070.0845,83585.439599998295307],[12125064.690200001001358,83585.831799998879433],[12125067.6014,83569.1722999997437],[12125072.9074,83537.083299998193979],[12125078.414,83500.000900000333786],[12125085.8416,83456.461199998855591],[12125094.594500001519918,83407.262899998575449],[12125095.7971,83398.904899999499321],[12125095.9641,83395.409499999135733],[12125095.866099998354912,83392.87950000166893],[12125095.701299998909235,83391.614399999380112],[12125095.305100001394749,83390.282600000500679],[12125094.6446,83388.750900000333786],[12125094.182,83387.918499998748302],[12125092.662099998444319,83385.454300001263618],[12125090.9764,83383.922200001776218],[12125089.7533,83383.022700000554323],[12125080.100499998778105,83377.292199999094009],[12125058.4478,83363.899399999529123],[12125045.2793,83354.802700001746416],[12125030.7029,83345.034200001507998],[12125024.481800001114607,83341.233399998396635],[12125016.887200001627207,83336.917599998414516],[12125005.3576,83330.750599998980761],[12125002.6138,83329.2179000005126],[12124994.4155,83324.153900001198053],[12125028.708500001579523,83308.722500000149012],[12125049.3222,83299.44649999961257],[12125124.2533,83268.962099999189377],[12125188.707899998873472,83240.789500001817942],[12125216.331500001251698,83228.099300000816584],[12125201.061500001698732,83183.173700001090765],[12125190.8292,83155.010400000959635],[12125190.798,83154.924300000071526],[12125188.647799998521805,83149.006299998611212],[12125185.5236,83149.974399998784065],[12125088.36540000140667,83179.809399999678135],[12125016.1494,83201.984999999403954],[12125005.8103,83205.159800000488758],[12124991.192699998617172,83209.648499999195337],[12124949.0147,83222.60020000115037],[12124840.388300001621246,83238.435600001364946],[12124730.221099998801947,83254.49549999833107],[12124687.8805,83240.96680000051856],[12124689.765700001269579,83218.0287000015378],[12124701.3176,83077.464800000190735],[12124703.660999998450279,83048.949700001627207],[12124718.2973,82870.850999999791384],[12124722.733,82816.877599999308586],[12124720.153099998831749,82665.228100001811981],[12124686.1891999989748,82662.254399999976158],[12124562.6323,82651.436299998313189],[12124558.7755,82708.471500001847744],[12124551.8427,82810.995700001716614],[12124549.1908,82850.212499998509884],[12124510.6689000017941,82849.884199999272823],[12124515.605,82799.487199999392033],[12124520.1373,82753.212799999862909],[12124524.786899998784065,82705.740600001066923],[12124530.824,82644.101700000464916],[12124442.732900001108646,82611.469500001519918],[12124432.2418,82685.018399998545647],[12124431.125100001692772,82692.846900001168251],[12124391.283599998801947,82972.157699998468161],[12124389.108199998736382,82987.40819999948144],[12124404.974599998444319,82988.564399998635054],[12124539.2452,82998.350400000810623],[12124530.733399998396635,83202.756499998271465],[12124490.805599998682737,83197.245099999010563],[12124488.9771,83309.540699999779463],[12124497.183899998664856,83311.002199999988079],[12124502.07,83311.89130000025034],[12124637.077599998563528,83336.45719999819994],[12124646.098000001162291,83338.183600001037121],[12124705.9663,83349.642200000584126],[12124703.8299,83356.510899998247623],[12124699.6804,83373.607599999755621],[12124695.742199998348951,83389.83390000090003],[12124688.368700001388788,83419.781700000166893],[12124682.459199998527765,83440.981699999421835],[12124680.1662,83451.020799998193979],[12124678.987300001084805,83454.482400000095367],[12124676.7205,83465.147300001233816],[12124676.500999998301268,83465.950100000947714],[12124673.4214,83477.21000000089407],[12124669.7022,83493.89750000089407],[12124663.4161,83519.011700000613928],[12124660.458099998533726,83530.528599999845028],[12124657.1525,83541.347800001502037],[12124653.3763,83555.168000001460314],[12124650.2553,83566.408100001513958],[12124638.839499998837709,83562.312699999660254],[12124629.578000001609325,83558.922699999064207],[12124596.1012,83546.669100001454353],[12124555.5009,83530.18470000103116],[12124523.634,83516.510800000280142],[12124513.708500001579523,83512.526500001549721],[12124513.6497,83512.505100000649691],[12124512.3255,83518.431400001049042],[12124470.1824,83707.046799998730421],[12124492.6294,83747.755199998617172],[12124480.3473,83899.577100001275539],[12124466.8371,84066.575500000268221],[12124471.020399998873472,84206.223799999803305],[12124476.2238,84379.927400000393391],[12124476.2243,84379.944499999284744],[12124478.867600001394749,84474.434999998658895],[12124483.3468,84634.557799998670816],[12124489.450599998235703,84852.767200000584126],[12123851.586599998176098,84842.754799999296665],[12123135.4908,84840.433600001037121],[12123135.220600001513958,84884.011700000613928],[12123134.0596,85071.37779999896884],[12123132.3339,85349.830800000578165],[12123128.371,85881.305599998682737],[12123128.5062,86437.913199998438358],[12122931.904,86435.939399998635054],[12122625.997499998658895,86432.868200000375509],[12122133.504999998956919,86431.601300001144409],[12122126.9886,86934.913400001823902],[12122127.9714,87208.861200001090765],[12121994.891600001603365,87110.430900000035763],[12121939.445099998265505,87201.890099998563528],[12121934.0731,87210.751400001347065],[12121808.831799998879433,87417.336800001561642],[12121738.8503,87532.770899999886751],[12121726.9619,87552.38060000166297],[12121687.290199998766184,87535.316199999302626],[12121625.155000001192093,87655.390000000596046],[12121538.1303,87823.561299998313189],[12121497.43470000103116,87902.203499998897314],[12121363.357,87821.174699999392033],[12121345.3004,87855.487199999392033],[12121176.708999998867512,88175.853300001472235],[12121131.2834,88262.173000000417233],[12121267.7868,88335.182900000363588],[12121352.845400001853704,88380.677200000733137],[12121433.6393,88423.890500001609325],[12121535.0898,88478.152300000190735],[12121554.824299998581409,88488.745799999684095],[12121646.1437,88537.766600001603365],[12121756.9225,88597.233399998396635],[12121948.926199998706579,88700.302099999040365],[12121960.632,88706.585900001227856],[12122017.990600001066923,88737.376400001347065],[12121961.311900001019239,88806.969000000506639],[12121950.581300001591444,88820.144400000572205],[12121923.542399998754263,88853.343899998813868],[12121865.1144,89045.462099999189377],[12121866.444400001317263,89071.562399998307228],[12121866.5687,89074.000999998301268],[12121875.4522,89248.326999999582767],[12121882.100000001490116,89378.784699998795986],[12121882.54,89387.418400000780821],[12121881.0698,89390.833200000226498],[12121873.1023,89409.338599998503923],[12121870.250999998301268,89415.961300000548363],[12121867.88740000128746,89417.631799999624491],[12121764.647599998861551,89490.592199999839067],[12121745.391199998557568,89504.200899999588728],[12121718.7568,89533.25789999961853],[12121659.805799998342991,89597.570900000631809],[12121581.751600001007318,89682.724500000476837],[12121549.951699998229742,89732.263999998569489],[12121470.5011,89856.036100000143051],[12121452.9413,89883.391499999910593],[12121445.846700001507998,89894.443900000303984],[12121446.407499998807907,89901.410300001502037],[12121449.0456,89934.184200000017881],[12121455.004999998956919,90008.218499999493361],[12121470.708999998867512,90203.317400000989437],[12121410.801399998366833,90311.810499999672174],[12121419.589499998837709,90336.780499998480082],[12121421.278099998831749,90341.578400000929832],[12121431.210900001227856,90344.88399999961257],[12121452.134799998253584,90351.84739999845624],[12121454.6508,90352.684599999338388],[12121478.7795,90360.714600000530481],[12121521.328899998217821,90374.874899998307228],[12121536.0898,90379.787300001829863],[12121612.884100001305342,90864.193999998271465],[12121631.810600001364946,90896.028599999845028],[12121665.170400001108646,90952.140599999576807],[12121675.616500001400709,90969.711199998855591],[12121782.548099998384714,90806.026299998164177],[12121782.6692,90573.051399998366833],[12121782.722199998795986,90470.798000000417233],[12121978.813700001686811,90495.092199999839067],[12122140.476799998432398,90515.120999999344349],[12122153.3856,90513.342500001192093],[12122156.3255,90512.9375],[12122199.0205,90507.055100001394749],[12122353.1516,90485.819600000977516],[12122356.097199998795986,90485.413800001144409],[12122536.898400001227856,90353.549300000071526],[12122557.501200001686811,90338.522799998521805],[12122653.4745,90258.774399999529123],[12122730.985399998724461,90194.366999998688698],[12122876.694899998605251,90073.28999999910593],[12122889.574099998921156,90062.587999999523163],[12122914.9896,90041.469000000506639],[12123133.350900001823902,89860.021499998867512],[12123139.856800001114607,89854.61540000140667],[12123158.638799998909235,89839.008499998599291],[12123257.667599998414516,89751.287500001490116],[12123333.402399998158216,89684.200500000268221],[12123515.839899998158216,89522.5945999994874],[12123515.892,89522.54839999973774],[12123524.2139,89515.176699999719858],[12123575.810899998992682,89469.471200000494719],[12123699.812399998307228,89371.657499998807907],[12123802.239799998700619,89290.861699998378754],[12123904.708,89210.033399999141693],[12124094.8184,89060.071400001645088],[12124293.3229,88901.478100001811981],[12124292.999499998986721,88886.830299999564886],[12124474.5236,88813.420800000429153],[12124508.3614,88799.7364999987185],[12124706.665,88638.995799999684095],[12124795.4104,88621.845199998468161],[12124996.63459999859333,88582.957100000232458],[12125275.348000001162291,88529.093600001186132],[12125269.920400001108646,88283.394200000911951],[12125637.848299998790026,88098.829300001263618],[12126061.588,87885.366799999028444],[12126187.280299998819828,87823.411400001496077],[12126368.48030000180006,87734.095400001853704],[12126417.132399998605251,87710.114100001752377],[12126597.8906,87621.015599999576807],[12126607.5409,87616.118000000715256],[12126920.4652,87457.305399999022484],[12127134.4095,87348.725999999791384],[12127178.779800001531839,87326.564100001007318],[12127413.186999998986721,87209.483600001782179],[12127652.69709999859333,87089.853900000452995],[12127752.2139,87040.14750000089407],[12127920.726,87013.260800000280142],[12128137.2656,86978.710900001227856],[12128363.8409,86942.55970000103116],[12128414.8407,86934.422499999403954],[12128586.173300001770258,86907.081500001251698],[12128856.010899998247623,86864.021099999547005],[12129060.5982,86831.373199999332428],[12129064.400199998170137,86830.766600001603365],[12129086.5115,86818.433400001376867],[12129550.817499998956919,86559.456000000238419],[12130113.34010000154376,86243.224199999123812],[12130119.750100001692772,85955.424899999052286],[12130121.8129,85862.803599998354912],[12130123.2681,85797.465500000864267],[12130123.3026,85795.916200000792742],[12130124.3942,85746.89919999986887],[12130124.43189999833703,85745.209199998527765],[12130125.766199998557568,85685.293299999088049],[12130124.9476,85617.366500001400709],[12130124.241700001060963,85558.78660000115633],[12130124.0073,85539.344700001180172],[12130123.8371,85525.214299999177456],[12130122.801199998706579,85439.260600000619888],[12130122.4698,85411.75789999961853],[12130122.044599998742342,85376.479499999433756],[12130121.943599998950958,85350.258299998939037],[12130121.9322,85347.306200001388788],[12130121.8801,85333.80629999935627],[12130121.5339,85243.97069999948144],[12130121.4544,85223.363000001758337],[12130121.346700001507998,85195.409699998795986],[12130120.9837,85101.234600000083447],[12130205.0696,85096.961599998176098],[12130205.0737,85096.961399998515844],[12130205.0497,85096.368200000375509],[12130205.0495,85096.363099999725819],[12130204.3655,85066.44819999858737],[12130218.8195,85066.486000001430511],[12130263.026,85066.601500000804663],[12130357.705200001597404,85066.84910000115633],[12130468.5667,85067.138900000602007],[12130479.0385,85067.166200000792742],[12130542.2643,85067.331500001251698],[12130561.9344,85067.38289999961853],[12130653.4602,85067.622099999338388],[12130753.8394,85067.884399998933077],[12130753.885000001639128,85067.884500000625849],[12130763.011799998581409,85067.908399999141693],[12130770.2177,85067.927200000733137],[12130772.3076,85067.932599999010563],[12130773.4589,85067.935699999332428],[12130774.3598,85067.938000001013279],[12130774.4364,85067.938299998641014],[12130774.832400001585484,85067.9391999989748],[12130775.0106,85067.939699999988079],[12130775.170400001108646,85067.940099999308586],[12130775.436,85067.940799999982119],[12130775.6512,85067.941399998962879],[12130776.0937,85067.942600000649691],[12130945.339899998158216,85070.693900000303984],[12131083.0696,85072.932700000703335],[12131216.5436,85075.102400001138449],[12131255.566100001335144,85075.736699998378754],[12131325.347,85076.871100001037121],[12131432.271899998188019,85078.609099999070168],[12131434.2812,85078.641800001263618],[12131581.9512,85079.7060999982059],[12131895.201699998229742,85081.963899999856949],[12131971.427700001746416,85082.513199999928474],[12132035.735800001770258,85082.976700000464916],[12132114.537099998444319,85083.544700000435114],[12132115.186999998986721,85042.052799999713898],[12132116.2496,84974.208200000226498],[12132116.2502,84974.167300000786781],[12132116.372499998658895,84966.357599999755621],[12132116.7535,84942.034400001168251],[12132118.2903,84843.908399999141693],[12132118.292399998754263,84843.775199998170137],[12132118.2939000017941,84843.686299998313189],[12132119.4095,84772.455099999904633],[12132120.0662,84730.526700001209974],[12132120.524999998509884,84701.229100000113249],[12132120.662999998778105,84692.420000001788139],[12132123.0062,84542.798200000077486],[12132125.7385,84368.323699999600649],[12132125.9175,84356.889299999922514],[12132125.2386,84156.371300000697374],[12132124.728100001811981,84005.598400000482798],[12132124.492600001394749,83936.071699999272823],[12132123.6332,83682.450300000607967],[12132123.190499998629093,83551.778299998492002],[12132123.367800001055002,83501.082100000232458],[12132123.4091,83489.297699999064207],[12132124.1908,83265.967599999159575],[12132124.194200001657009,83264.996700000017881],[12132124.8369,83081.295400001108646],[12132125.109900001436472,83003.286899998784065],[12132125.4501,82906.05290000140667],[12132125.488000001758337,82889.381999999284744],[12132125.538199998438358,82867.382199998944998],[12132125.939,82691.592999998480082],[12132126.2894,82537.878100000321865],[12132126.2982,82534.015299998223782],[12132126.3105,82528.621199999004602],[12132126.3781,82498.957899998873472],[12132126.4234,82479.102099999785423],[12132126.437600001692772,82472.867499999701977],[12132126.617800001055002,82393.77479999884963],[12132126.3002,82266.301100000739098],[12132126.186,82220.431800000369549],[12132126.014899998903275,82151.793499998748302],[12132125.93299999833107,82118.901700001209974],[12132125.482500001788139,81938.182500001043081],[12132125.3631,81890.305100001394749],[12132125.357099998742342,81887.453499998897314],[12132125.291000001132488,81855.85020000115037],[12132124.766199998557568,81604.830299999564886],[12132124.4751,81465.594999998807907],[12132124.3171,81390.0320999994874],[12132120.907900001853704,81286.920899998396635],[12132125.3609,81286.905200000852346],[12132333.108600001782179,81286.170800000429153],[12132501.221500001847744,81285.576699998229742],[12132542.323399998247623,81285.431400001049042],[12132664.2975,81285.000300001353025],[12132728.8548,81284.771899998188019]],[[12124842.5332,83374.548900000751019],[12124847.8818,83375.0810999982059],[12124850.6595,83374.816100001335144],[12124853.9665,83374.151900000870228],[12124873.94310000166297,83365.639199998229742],[12124874.948399998247623,83365.306800000369549],[12124874.484299998730421,83377.148899998515844],[12124873.052000001072884,83391.214200001209974],[12124869.7005,83424.125300001353025],[12124865.8979,83464.714899998158216],[12124864.1171,83483.724899999797344],[12124863.5385,83493.140700001269579],[12124861.331799998879433,83529.055399999022484],[12124860.2782,83546.20160000026226],[12124860.0792,83561.700199998915195],[12124859.7177,83589.836800001561642],[12124829.916700001806021,83591.977000001817942],[12124822.901,83591.735500000417233],[12124801.6064000017941,83591.002399999648333],[12124782.239,83589.573699999600649],[12124754.8948,83586.308800000697374],[12124727.0937,83582.989199999719858],[12124718.421300001442432,83581.95380000025034],[12124699.1397,83579.016399998217821],[12124708.5533,83541.050400000065565],[12124715.933400001376867,83509.088300000876188],[12124730.074700001627207,83438.53830000013113],[12124749.0196,83357.349399998784065],[12124751.745000001043081,83357.857900001108646],[12124791.8046,83365.333599999547005],[12124839.8138,83374.278299998492002],[12124842.5332,83374.548900000751019]],[[12124561.3033,83206.976199999451637],[12124561.5849,83200.410399999469519],[12124565.7876,83102.387800000607967],[12124604.298500001430511,83104.780900001525879],[12124603.1745,83126.33839999884367],[12124602.6518,83136.363299999386072],[12124598.6838,83212.46680000051856],[12124596.862,83211.88459999859333],[12124561.3033,83206.976199999451637]],[[12121460.0165,90341.804299999028444],[12121450.4956,90337.245200000703335],[12121437.960099998861551,90330.36769999936223],[12121434.2317,90327.569299999624491],[12121432.010899998247623,90325.091400001198053],[12121429.949,90322.134199999272823],[12121428.601599998772144,90318.697999998927116],[12121428.128600001335144,90312.785500001162291],[12121428.7658,90308.231899999082088],[12121432.8189,90297.128499999642372],[12121441.818799998611212,90281.194899998605251],[12121485.781599998474121,90281.217999998480082],[12121508.783300001174212,90306.065000001341105],[12121514.0126,90322.526299998164177],[12121489.212499998509884,90348.204100001603365],[12121477.3151,90345.648299999535084],[12121468.1893,90344.125599998980761],[12121460.0165,90341.804299999028444]]],[[[12153366.9102,125243.589899998158216],[12153238.5343,125240.12950000166893],[12153218.485599998384714,125210.274500001221895],[12153195.6954,125176.337400000542402],[12152979.917399998754263,124855.019600000232458],[12152978.139400001615286,124852.371899999678135],[12152930.1734,124847.630300000309944],[12152679.3233,124822.832899998873472],[12152635.184999998658895,124818.4695999994874],[12152544.214899998158216,124809.47690000012517],[12152101.42790000140667,124752.80689999833703],[12152026.494199998676777,124743.216600000858307],[12151989.914700001478195,124738.53489999845624],[12151616.637899998575449,124725.595899999141693],[12151609.953699998557568,124725.364199999719858],[12151520.2546,124722.254900000989437],[12151512.534200001507998,124720.559900000691414],[12151422.4817,124700.788800001144409],[12151419.552000001072884,124700.145599998533726],[12151231.018399998545647,124658.753100000321865],[12151181.469500001519918,124647.874600000679493],[12151146.6875,124640.238200001418591],[12151164.168000001460314,124740.531899999827147],[12151236.467099998146296,125155.348299998790026],[12151255.7071,125265.738699998706579],[12151256.842500001192093,125272.253100000321865],[12151240.319699998944998,125410.333500001579523],[12151219.7181,125582.497999999672174],[12151206.3629,125694.105399999767542],[12151198.3222,125761.299300000071526],[12151583.2007,125731.822599999606609],[12151584.6615,125731.710700001567602],[12151585.200599998235703,125733.537599999457598],[12151714.44029999896884,126171.46339999884367],[12151727.3752,126215.293000001460314],[12151754.356199998408556,126430.008000001311302],[12151778.796999998390675,126624.507800001651049],[12151782.739500001072884,126655.882399998605251],[12151712.860100001096725,126662.450100000947714],[12151445.090799998492002,126687.616500001400709],[12151317.6331,126699.595600001513958],[12151216.3768,126709.112100001424551],[12151343.2777,126881.013000000268221],[12151453.083099998533726,126889.075500000268221],[12151503.9764,126910.092799998819828],[12151724.3077,127001.082699999213219],[12151735.3955,127007.363299999386072],[12151950.3873,127129.144000001251698],[12152101.561900001019239,127007.705200001597404],[12152152.999899998307228,126966.384899999946356],[12152157.0136,126963.160799998790026],[12152189.3944,126943.850499998778105],[12152233.499899998307228,126917.548300001770258],[12152313.1899,126870.025199998170137],[12152599.5238,126685.042199999094009],[12152796.736000001430511,126535.451299998909235],[12152869.881700001657009,126458.578299999237061],[12153095.6745,126129.668999999761581],[12153291.528,125819.003100000321865],[12153338.770599998533726,125744.065999999642372],[12153385.8733000010252,125644.306699998676777],[12153444.914,125519.26410000026226],[12153494.092,125415.109299998730421],[12153572.460900001227856,125249.130699999630451],[12153567.294,125248.991399999707937],[12153366.9102,125243.589899998158216]]],[[[12159143.1397,128529.722899999469519],[12159151.609000001102686,128527.163499999791384],[12159173.067499998956919,128520.679000001400709],[12159219.9001,128506.526700001209974],[12159225.6732,128498.832299999892712],[12159234.134799998253584,128487.554699998348951],[12159246.7045,128486.896499998867512],[12159248.0185,128501.549400001764297],[12159259.9401,128491.231499999761581],[12159274.163400001823902,128478.921799998730421],[12159277.585099998861551,128466.862300001084805],[12159279.4219,128460.388700000941753],[12159280.374699998646975,128457.030999999493361],[12159284.603,128442.128400001674891],[12159290.4665,128421.463899999856949],[12159296.0729,128417.9831000007689],[12159385.211199998855591,128362.641499999910593],[12159540.1688,128266.435899998992682],[12159587.143,128267.265099998563528],[12159701.7923,128269.288899999111891],[12159740.9991,128269.981100000441074],[12159796.7166,128270.282600000500679],[12159821.9135,128270.4189000017941],[12159966.3589,128271.200500000268221],[12159959.511599998921156,128264.241700001060963],[12159944.600000001490116,128249.087499998509884],[12159942.006299998611212,128246.45160000026226],[12159928.235599998384714,128232.456799998879433],[12159915.136599998921156,128219.144400000572205],[12159875.961800001561642,128179.331999998539686],[12159870.3545,128173.633499998599291],[12159868.956500001251698,128172.212799999862909],[12159832.1598,128134.817200001329184],[12159830.140099998563528,128134.550000000745058],[12159795.8999,128130.021200001239777],[12159785.954999998211861,128128.705800000578165],[12159718.184999998658895,128119.74210000038147],[12159706.954799998551607,128118.256700001657009],[12159689.0508,128118.287000000476837],[12159677.437800001353025,128118.306600000709295],[12159641.2245,128118.368000000715256],[12159611.4358000010252,128118.418499998748302],[12159584.500599998980761,128118.464200001209974],[12159569.392900001257658,128118.630800001323223],[12159443.4217,128120.020700000226498],[12159319.914700001478195,128121.383299998939037],[12159180.438099998980761,128122.921999998390675],[12159061.892700001597404,128124.229899998754263],[12158927.372699998319149,128125.713799998164177],[12158870.412099998444319,128126.342099998146296],[12158797.517700001597404,128127.146200001239777],[12158784.695,128127.28770000115037],[12158663.576499998569489,128128.638900000602007],[12158514.046799998730421,128130.306800000369549],[12158333.9151,128132.315999999642372],[12158275.9701,128132.962400000542402],[12158275.935600001364946,128018.471099998801947],[12158275.866,127788.271499998867512],[12158267.2491,127788.322299998253584],[12158214.6076,127788.632699999958277],[12158214.6003,127785.543999999761581],[12158214.3459,127677.079100001603365],[12158214.4102,127667.885899998247623],[12158216.059,127432.232599999755621],[12158216.4885,127370.830299999564886],[12158217.0055,127296.930700000375509],[12158217.538600001484156,127220.730999998748302],[12158217.828499998897314,127179.319899998605251],[12158227.102000001817942,126821.123599998652935],[12158228.7606,126757.057100001722574],[12158230.323800001293421,126696.675700001418591],[12158232.2615,126621.828899998217821],[12158467.044300001114607,126621.498700000345707],[12158521.523200001567602,126621.421999998390675],[12158625.704599998891354,126621.275400001555681],[12158744.9111,126621.107599999755621],[12159151.558899998664856,126620.53489999845624],[12159151.9531,126620.534299999475479],[12159235.657699998468161,126620.586100000888109],[12159262.9258,126620.602899998426437],[12159457.8653,126620.723299998790026],[12159528.763799998909235,126620.767099998891354],[12159533.292100001126528,126324.389499999582767],[12159535.2945,126193.321699999272823],[12159537.675900001078844,126037.443799998611212],[12159540.590799998492002,125846.63060000166297],[12159541.9907,125754.985100001096725],[12159286.294300001114607,125761.708299998193979],[12158921.5504,125771.29839999973774],[12158580.7297,125967.517099998891354],[12158574.808600001037121,125970.925999999046326],[12158510.359700001776218,126008.030799999833107],[12158471.656599998474121,126030.313000001013279],[12157980.564100001007318,125984.189399998635054],[12157978.19029999896884,125983.047899998724461],[12157837.478300001472235,125915.379999998956919],[12157830.5075,125912.027699999511242],[12157720.4742,125859.113099999725819],[12157552.643199998885393,125778.403900001198053],[12157507.069400001317263,125756.487500000745058],[12157500.734299998730421,125753.440900001674891],[12157499.112300001084805,125752.660999998450279],[12157494.1353,125747.149700000882149],[12157483.183600001037121,125735.022199999541044],[12157464.571400001645088,125714.411699999123812],[12157460.7016,125710.126600001007318],[12157428.23,125674.168699998408556],[12157415.4096,125659.971900001168251],[12157415.0905,125659.618599999696016],[12157405.238899998366833,125648.709199998527765],[12157366.845400001853704,125625.940600000321865],[12157223.289299998432398,125540.807399999350309],[12157171.2467,125509.944499999284744],[12157166.831300001591444,125507.326099999248981],[12157090.4661,125462.039000000804663],[12156924.7108,125297.501899998635054],[12156920.8876,125293.706799998879433],[12156878.348000001162291,125291.27309999987483],[12156867.3099,125290.641600001603365],[12156845.0257,125289.366799999028444],[12156835.808400001376867,125288.839499998837709],[12156766.447700001299381,125284.871399998664856],[12156723.631700001657009,125282.421999998390675],[12156632.6395,125277.216299999505281],[12156621.9439,125276.632100000977516],[12156567.252700001001358,125273.644499998539686],[12156466.338,125268.131999999284744],[12156392.351599998772144,125264.090500000864267],[12156368.250300001353025,125262.773899998515844],[12156323.5957,125260.706900000572205],[12156225.65260000154376,125256.173599999397993],[12156167.576299998909235,125253.485500000417233],[12156146.498399998992682,125252.409099999815226],[12156045.723900001496077,125247.262800000607967],[12155986.9734,125244.262499999254942],[12155969.019900001585484,125243.34569999948144],[12155901.516399998217821,125240.0641999989748],[12155879.701699998229742,125239.003600001335144],[12155830.033300001174212,125236.589099999517202],[12155780.593899998813868,125234.185699999332428],[12155769.1935,125233.631499998271465],[12155685.2716,125230.544199999421835],[12155625.8015,125228.356300000101328],[12155571.58839999884367,125226.361999999731779],[12155562.795400001108646,125226.041999999433756],[12155477.852400001138449,125222.950699999928474],[12155432.889199998229742,125221.314300000667572],[12155413.559999998658895,125220.61089999973774],[12155370.5082,125219.044100001454353],[12155330.6378,125217.320300001651049],[12155291.6446,125215.634300000965595],[12155186.5002,125211.087999999523163],[12155170.4699,125210.394900001585484],[12155167.5775,125210.329100001603365],[12155041.578699998557568,125207.465700000524521],[12154932.5368,125204.98759999871254],[12154929.4159,125204.916799999773502],[12154929.672600001096725,125266.664000000804663],[12154876.061999998986721,125263.824499998241663],[12154442.1195,125242.241799999028444],[12154015.8611,125271.9662000015378],[12153949.930100001394749,125276.563700001686811],[12153895.8372,125277.074200000613928],[12153893.1358,125277.099599998444319],[12153580.163800001144409,125280.052799999713898],[12153569.4465,125280.153900001198053],[12153352.2289,125752.430300001055002],[12153105.639899998903275,126137.871100001037121],[12153101.7104,126143.708200000226498],[12153085.521000001579523,126167.756900001317263],[12152898.202,126446.010200001299381],[12152884.846900001168251,126465.848400000482798],[12152882.3268,126469.592099998146296],[12152815.6886,126544.065400000661612],[12152807.830200001597404,126552.847800001502037],[12152753.346700001507998,126593.552499998360872],[12152646.699299998581409,126673.228900000452995],[12152609.9804,126697.260400000959635],[12152521.84010000154376,126754.945900000631809],[12152345.851599998772144,126870.125500001013279],[12152325.0603,126883.732799999415874],[12152327.877700001001358,126886.406399998813868],[12152417.2375,126971.203099999576807],[12152465.336199998855591,127016.84569999948144],[12152557.0447,127103.871199999004602],[12152619.9787,127163.591600000858307],[12152648.9476,127191.081199999898672],[12152674.3651,127215.200800001621246],[12152700.963,127240.440499998629093],[12152793.8514,127328.58559999987483],[12152850.5977,127382.434300001710653],[12152882.223700001835823,127412.445500001311302],[12152896.8834,127547.437899999320507],[12152911.464699998497963,127681.710999999195337],[12152923.876600001007318,127796.006400000303984],[12152930.705899998545647,127985.233399998396635],[12152938.1778,128192.270199999213219],[12153055.0711,128238.390500001609325],[12153414.6166,128380.249600000679493],[12153775.46339999884367,128512.994800001382828],[12153965.9318,128583.0625],[12154211.2967,128664.564399998635054],[12154215.6549,128666.011999998241663],[12154324.3231,128702.107900001108646],[12154375.7896,128719.203400000929832],[12154419.609499998390675,128733.758799999952316],[12154434.879,128738.830800000578165],[12154904.715799998492002,128913.353900000452995],[12155369.796100001782179,129079.882500000298023],[12155492.276500001549721,129123.441300000995398],[12155838.0532,129246.413199998438358],[12155929.6886,129281.035399999469519],[12156068.3499,129333.425200000405312],[12156201.2218,129383.627599999308586],[12156299.955899998545647,129420.93189999833703],[12156403.1981,129458.424300000071526],[12156489.657000001519918,129489.821699999272823],[12156525.5165,129502.844099998474121],[12156657.101599998772144,129550.629099998623133],[12156787.1408,129593.840399999171495],[12156886.855999998748302,129626.975099999457598],[12157057.1133,129683.550700001418591],[12157406.651099998503923,129490.365299999713898],[12157487.5257,129445.666799999773502],[12157535.975499998778105,129418.421000000089407],[12157761.2086,129291.760899998247623],[12157767.168000001460314,129288.409499999135733],[12157880.1987,129287.164700001478195],[12157938.5825,129286.521699998527765],[12158008.708099998533726,129285.749400001019239],[12158035.9483,129285.449400000274181],[12158034.785300001502037,129264.956799998879433],[12158039.9736,129260.819899998605251],[12158053.9687,129249.660799998790026],[12158067.8964,129238.555500000715256],[12158078.4692,129230.125300001353025],[12158089.9877,129220.940999999642372],[12158095.702799998223782,129216.384300000965595],[12158118.564800001680851,129198.155299998819828],[12158121.1884,129196.063299998641014],[12158126.3136,129191.976599998772144],[12158147.382599998265505,129175.177200000733137],[12158199.129099998623133,129133.917300000786781],[12158207.948399998247623,129126.885200001299381],[12158216.936,129119.718899998813868],[12158220.4877,129116.886999998241663],[12158224.167,129113.953200001269579],[12158248.920699998736382,129094.215799998492002],[12158251.0924,129092.484200000762939],[12158260.7047,129084.819699998944998],[12158264.5709,129081.737100001424551],[12158264.699,129074.607799999415874],[12158264.7139,129073.771899998188019],[12158266.0244,129000.807900000363588],[12158308.654599998146296,128975.997000001370907],[12158369.218400001525879,128942.737900000065565],[12158372.2989999987185,128941.046300001442432],[12158400.749000001698732,128925.422699999064207],[12158450.3471,128898.1858000010252],[12158451.399,128897.607999999076128],[12158502.9144,128869.31810000166297],[12158639.215799998492002,128794.467099998146296],[12158640.7359,128794.092199999839067],[12158680.013,128784.401999998837709],[12158695.191799998283386,128780.657200001180172],[12158719.9415,128774.551100000739098],[12158723.131900001317263,128773.76410000026226],[12158726.011999998241663,128773.711199998855591],[12158741.9769,128773.418299999088049],[12158772.728999998420477,128772.853900000452995],[12158810.7857,128772.155299998819828],[12158820.024300001561642,128771.985700000077486],[12158833.570799998939037,128771.737100001424551],[12158860.574299998581409,128771.241500001400709],[12158860.6624,128759.185600001364946],[12158860.7029,128753.657499998807907],[12158860.737100001424551,128748.980099998414516],[12158860.861200001090765,128731.992400001734495],[12158860.883499998599291,128728.949599999934435],[12158861.001899998635054,128712.754700001329184],[12158861.234499998390675,128680.973499998450279],[12158861.309500001370907,128670.701999999582767],[12158869.445099998265505,128666.116099998354912],[12158874.9776,128662.997299998998642],[12158914.296500001102686,128662.66270000115037],[12158951.100900001823902,128662.349399998784065],[12158981.802700001746416,128662.088100001215935],[12158987.623,128654.548599999397993],[12158999.2069,128639.543299999088049],[12159009.1133,128626.711100000888109],[12159012.9148,128621.786699999123812],[12159027.943,128602.319699998944998],[12159029.9951,128599.661200001835823],[12159047.1272,128577.468899998813868],[12159052.1866,128570.915399998426437],[12159062.8613,128557.087499998509884],[12159082.708999998867512,128545.899300001561642],[12159094.621599998325109,128539.184200000017881],[12159112.626400001347065,128529.03489999845624],[12159113.341400001198053,128528.631900001317263],[12159115.9624,128528.768800001591444],[12159122.7639,128529.124299999326468],[12159123.664299998432398,128529.171500001102686],[12159141.8237,128530.120600000023842],[12159143.1397,128529.722899999469519]]],[[[12222501.7819,139637.715900000184774],[12222501.6391,139643.142299998551607],[12222501.1085,139663.364100001752377],[12222507.0328,139692.592199999839067],[12222507.071400001645088,139692.782600000500679],[12222524.8772,139780.624899998307228],[12222527.4056,139780.017799999564886],[12222530.0356,139779.386199999600649],[12222568.6226,139770.11939999833703],[12222571.925,139783.977800000458956],[12222555.247000001370907,139789.032999999821186],[12222564.364,139821.813900001347065],[12222638.9534,139795.792100001126528],[12222646.561900001019239,139800.02589999884367],[12222646.7227,139799.661100000143051],[12222648.4485,139795.744500000029802],[12222668.614799998700619,139749.982700001448393],[12222697.4179,139684.622600000351667],[12222705.3092,139666.716099999845028],[12222539.1527,139585.098999999463558],[12222536.4428,139583.767799999564886],[12222534.0444,139582.589699998497963],[12222513.376400001347065,139606.743400000035763],[12222501.7819,139637.715900000184774]]],[[[12224966.386999998241663,144575.3614999987185],[12224973.163400001823902,144575.364700000733137],[12224972.5348,144561.507199998944998],[12225009.1486,144558.82660000026226],[12224998.192899998277426,144492.993700001388788],[12224941.489799998700619,144492.719900000840425],[12224949.687199998646975,144548.16609999909997],[12224951.2012,144558.405900001525879],[12224939.1259,144569.059599999338388],[12224958.557,144589.175299998372793],[12224966.386999998241663,144575.3614999987185]]],[[[12226108.6684,140732.776000000536442],[12226108.574299998581409,140731.929499998688698],[12226033.3897,140755.132599998265505],[12226035.9534,140704.608899999409914],[12226049.725499998778105,140687.134100001305342],[12226053.100000001490116,140675.963500000536442],[12226059.6778,140654.189100001007318],[12226067.6734,140627.721099998801947],[12226069.236200001090765,140622.547899998724461],[12226071.6221,140496.769900001585484],[12226085.398899998515844,140468.209399998188019],[12226085.2086,140420.242800001055002],[12226085.203499998897314,140419.914599999785423],[12226085.2034,140419.909699998795986],[12226082.943,140277.834300000220537],[12226126.355500001460314,140273.163899999111891],[12226117.9311,140216.888300001621246],[12226116.1721,140205.137499999254942],[12226112.110399998724461,140178.004299998283386],[12226110.812800001353025,140169.335700001567602],[12226109.8873,140163.153200000524521],[12226078.757800001651049,140166.123799998313189],[12226078.4084,140164.214000001549721],[12226078.3706,140164.00730000063777],[12226077.8651,140161.244600001722574],[12226077.1389,140157.275299999862909],[12226076.5942,140154.298300001770258],[12226076.526999998837709,140153.931200001388788],[12226071.8922,140128.60020000115037],[12226059.096900001168251,140108.995700001716614],[12226056.3387,140104.769799999892712],[12226032.603,140088.050700001418591],[12225984.252700001001358,140065.564599998295307],[12225968.936299998313189,140043.572999998927116],[12225949.6435999982059,140035.250100001692772],[12225933.434999998658895,140055.628499999642372],[12225915.6397,140073.128199998289347],[12225884.2711,140077.271200001239777],[12225814.2196,140105.859400000423193],[12225813.844500001519918,140133.198399998247623],[12225813.224,140178.438999999314547],[12225813.219999998807907,140178.7331000007689],[12225813.1827,140181.456900000572205],[12225813.1248,140185.675000000745058],[12225813.097800001502037,140187.641699999570847],[12225811.103500001132488,140187.897100001573563],[12225809.745299998670816,140188.071100000292063],[12225787.427499998360872,140190.929099999368191],[12225775.773400001227856,140192.421500001102686],[12225749.0502,140166.827199999243021],[12225735.2835,140172.017299998551607],[12225698.8884,140170.535199999809265],[12225697.9544,140187.322999998927116],[12225679.8228,140186.91499999910593],[12225668.5792,140174.177200000733137],[12225656.409200001507998,140160.389600001275539],[12225636.1651,140147.98930000141263],[12225600.2975,140151.170699998736382],[12225555.308200001716614,140175.39640000090003],[12225547.901299998164177,140179.384899999946356],[12225513.5913,140190.668099999427795],[12225460.6527,140189.364999998360872],[12225449.636799998581409,140198.739900000393391],[12225436.3011,140187.648400001227856],[12225425.92509999871254,140187.430500000715256],[12225420.39,140181.481100000441074],[12225418.589899998158216,140183.142900001257658],[12225400.233600001782179,140200.08839999884367],[12225402.4175,140227.094900000840425],[12225405.7615,140268.442899998277426],[12225497.0438,140353.225299999117851],[12225512.5354,140338.04280000180006],[12225658.6518,140330.914200000464916],[12225659.4353,140331.739900000393391],[12225676.1135,140349.309399999678135],[12225714.6448,140308.955200001597404],[12225761.891399998217821,140313.373500000685453],[12225788.057799998670816,140400.124800000339746],[12225775.348499998450279,140408.113499999046326],[12225779.6968,140450.885499998927116],[12225717.716400001198053,140543.192999999970198],[12225718.604400001466274,140627.321800000965595],[12225719.2397,140687.493099998682737],[12225653.1818,140730.120000001043081],[12225650.530699998140335,140731.830800000578165],[12225649.8138,140732.687199998646975],[12225634.206799998879433,140727.987500000745058],[12225216.0565,140728.617800001055002],[12225221.0641999989748,140724.712900001555681],[12225229.699299998581409,140717.979400001466274],[12225228.438099998980761,140679.232400000095367],[12225228.3939,140677.8733000010252],[12225211.5473,140668.595800001174212],[12225209.022799998521805,140667.205400001257658],[12225209.0104,140665.892000000923872],[12225208.726599998772144,140635.862900000065565],[12225208.6666,140629.517400000244379],[12225217.1371,140629.388000000268221],[12225215.493299998342991,140518.158500000834465],[12225103.947500001639128,140464.41160000115633],[12225051.666900001466274,140470.516800001263618],[12224967.93470000103116,140460.339000001549721],[12224867.3213,140494.895399998873472],[12224866.9679,140544.194099999964237],[12224810.719700001180172,140546.765900000929832],[12224767.4318,140548.745200000703335],[12224700.8616,140542.115600001066923],[12224628.449099998921156,140526.96339999884367],[12224586.4476,140525.732500001788139],[12224573.0225,140525.339099999517202],[12224542.0999,140597.381099998950958],[12224541.882399998605251,140618.561900001019239],[12224541.628899998962879,140643.268800001591444],[12224494.2568,140643.603500001132488],[12224486.6065,140567.136799998581409],[12224509.484499998390675,140549.026700001209974],[12224498.7711,140490.073600001633167],[12224498.61540000140667,140468.678100001066923],[12224491.3099,140468.781300000846386],[12224489.942200001329184,140449.487700000405312],[12224436.5795,140449.569899998605251],[12224436.7328,140460.815200001001358],[12224399.3988,140460.896800000220537],[12224391.260899998247623,140460.914599999785423],[12224376.223299998790026,140460.947399999946356],[12224361.58839999884367,140436.857900001108646],[12224357.179499998688698,140429.600699998438358],[12224356.236699998378754,140406.736200001090765],[12224290.060899998992682,140420.731499999761581],[12224287.965,140421.174800001084805],[12224284.530900001525879,140406.250300001353025],[12224273.071600001305342,140407.004000000655651],[12224264.4133,140407.573499999940395],[12224260.71510000154376,140390.517099998891354],[12224238.8526,140397.213899999856949],[12224232.918200001120567,140399.031599998474121],[12224228.9588,140374.513799998909235],[12224241.8013,140370.332100000232458],[12224247.754999998956919,140368.393399998545647],[12224287.790399998426437,140313.543699998408556],[12224294.2476,140304.697299998253584],[12224296.7542,140301.263099998235703],[12224263.402399998158216,140301.780799999833107],[12224200.2012,140346.462799999862909],[12224200.1197,140346.520300000905991],[12224199.9252,140340.227899998426437],[12224196.9892,140245.256700001657009],[12224195.3585,140237.065499998629093],[12224194.7648,140234.083200000226498],[12224193.142700001597404,140225.935300000011921],[12224192.494199998676777,140222.677700001746416],[12224188.7364999987185,140203.802099999040365],[12224172.21,140165.488099999725819],[12224172.984700001776218,140163.971999999135733],[12224174.352699998766184,140161.294199999421835],[12224177.0214,140156.070900000631809],[12224178.421500001102686,140153.330699998885393],[12224181.483,140147.33839999884367],[12224181.732,140146.851100001484156],[12224190.7553,140129.188799999654293],[12224190.414299998432398,140101.94480000063777],[12224189.1591,140001.660599999129772],[12224189.1585,140001.611400000751019],[12224253.289500001817942,139939.52140000090003],[12224270.5968,139832.832600001245737],[12224270.883499998599291,139831.064599998295307],[12224309.040800001472235,139740.265999998897314],[12224392.21510000154376,139718.925000000745058],[12224422.702399998903275,139615.012099999934435],[12224422.965300001204014,139614.140799999237061],[12224425.6501,139607.263900000602007],[12224462.8589,139511.956500001251698],[12224430.7606,139493.14919999986887],[12224436.4916,139462.027300000190735],[12224420.9184,139449.156800001859665],[12224436.807799998670816,139431.975999999791384],[12224436.849399998784065,139432.016499999910593],[12224472.2104,139466.520399998873472],[12224472.289500001817942,139466.519999999552965],[12224509.333299998193979,139466.193599998950958],[12224503.733600001782179,139410.718699999153614],[12224477.993099998682737,139367.188999999314547],[12224427.6268,139326.393100000917912],[12224425.807500001043081,139324.919599998742342],[12224442.5376,139322.155999999493361],[12224434.941399998962879,139268.700500000268221],[12224434.9384,139268.679099999368191],[12224408.2555,139276.113200001418591],[12224408.2010000012815,139276.128400001674891],[12224348.396000001579523,139239.593600001186132],[12224348.9428,139161.62220000103116],[12224329.5673,139118.705200001597404],[12224327.523699998855591,139114.179200001060963],[12224319.0533,139114.708599999547005],[12224321.218899998813868,139007.851700000464916],[12224313.7799,138993.729200001806021],[12224309.8466,138986.261900000274181],[12224302.6353,138990.665199998766184],[12224272.7791,139008.895700000226498],[12224239.949099998921156,139026.468400001525879],[12224232.82209999859333,139027.478000000119209],[12224217.5125,139029.646800000220537],[12224217.448800001293421,139029.655900001525879],[12224189.5455,139015.376200001686811],[12224170.069200001657009,139002.574000000953674],[12224166.721500001847744,139000.373399998992682],[12224166.6402,139000.320000000298023],[12224168.726100001484156,139062.214699998497963],[12224029.732700001448393,139074.22520000115037],[12224029.654199998825788,139074.23200000077486],[12224028.073399998247623,139058.782000001519918],[12224028.072700001299381,139058.775600001215935],[12223864.557799998670816,139072.018899999558926],[12223864.485800001770258,139072.024700000882149],[12223728.535300001502037,138960.085299998521805],[12223728.482900001108646,138960.042100001126528],[12223681.333299998193979,139035.167300000786781],[12223680.6505,139036.631000000983477],[12223653.9905,139093.779899999499321],[12223515.2768,139010.181800000369549],[12223515.22239999845624,139010.149000000208616],[12223459.627500001341105,139083.107299998402596],[12223459.6039,139083.138399999588728],[12223402.1173,139050.968499999493361],[12223402.10020000115037,139050.958999998867512],[12223382.5643,139053.987799998372793],[12223383.51069999858737,139068.644600000232458],[12223372.6573,139070.505100000649691],[12223372.3858,139085.960299998521805],[12223351.7813,139087.070300001651049],[12223352.130800001323223,139133.224399998784065],[12223352.1312,139133.277399998158216],[12223268.29280000180006,139077.308699999004602],[12223268.248100001364946,139077.278900001198053],[12223266.9225,139078.482700001448393],[12223222.0271,139119.255199998617172],[12223213.698800001293421,139126.818599998950958],[12223178.0313,139171.5489999987185],[12223216.993,139202.788400001823902],[12223225.329100001603365,139209.472300000488758],[12223229.760000001639128,139213.024900000542402],[12223193.8121,139218.124499998986721],[12223220.9525,139256.030200000852346],[12223262.3211,139284.708000000566244],[12223263.1168,139285.25959999859333],[12223268.265,139288.828499998897314],[12223267.7986,139300.281300000846386],[12223267.7832,139300.65989999845624],[12223301.123,139319.175200000405312],[12223301.126200001686811,139319.221999999135733],[12223291.424400001764297,139350.715199999511242],[12223274.104600001126528,139376.804499998688698],[12223272.1259,139376.26410000026226],[12223264.749400001019239,139374.249099999666214],[12223245.4335,139382.426600001752377],[12223204.2549,139411.912099998444319],[12223204.930300001055002,139412.45160000026226],[12223229.79,139432.311900001019239],[12223230.611200001090765,139432.967999998480082],[12223177.075599998235703,139502.099899999797344],[12223173.855999998748302,139506.257500000298023],[12223252.183600001037121,139554.259399998933077],[12223241.307500001043081,139606.484000001102686],[12223226.738000001758337,139630.726799998432398],[12223214.0262,139645.377300001680851],[12223212.4287,139654.709300000220537],[12223211.7218,139658.838899999856949],[12223209.885499998927116,139658.944499999284744],[12223103.656,139665.051899999380112],[12223096.674800001084805,139665.453299999237061],[12223092.409699998795986,139465.879700001329184],[12223091.6169,139465.388900000602007],[12223046.1014,139437.212200000882149],[12223017.9912,139406.887499999254942],[12223006.074,139420.605500001460314],[12222977.4877,139418.860300000756979],[12222969.9371,139433.779399998486042],[12222977.0762,139450.304299999028444],[12222961.974599998444319,139481.408599998801947],[12223054.8889,139550.245299998670816],[12222990.5992,139627.894000001251698],[12223048.999200001358986,139667.376600001007318],[12223049.8482,139668.462900001555681],[12223094.388300001621246,139725.453099999576807],[12223096.6461,139728.342000000178814],[12223094.414,139727.428199999034405],[12222964.967500001192093,139674.432300001382828],[12222958.501400001347065,139671.785000000149012],[12222826.392900001257658,139680.007100000977516],[12222826.2896,139680.218800000846386],[12222809.304000001400709,139715.041000001132488],[12222756.309099998325109,139838.662099998444319],[12222739.985599998384714,139834.798099998384714],[12222738.989799998700619,139838.418499998748302],[12222728.1871,139877.695599999278784],[12222678.562199998646975,139865.681200001388788],[12222673.7676,139869.065000001341105],[12222648.8673,139886.638999998569489],[12222632.315000001341105,139905.618000000715256],[12222612.4346,139949.231199998408556],[12222601.4989,140004.866599999368191],[12222629.6233000010252,140003.5472999997437],[12222628.269499998539686,140069.833000000566244],[12222629.064800001680851,140069.84180000051856],[12222659.04,140070.18019999936223],[12222707.6633,140101.513900000602007],[12222687.5163,140167.524399999529123],[12222694.4063,140171.736299999058247],[12222793.123599998652935,140232.08500000089407],[12222793.5988,140232.375500001013279],[12222852.1659,140124.322799999266863],[12222867.7854,140119.133799999952316],[12222899.5596,140095.831599999219179],[12222922.3895,140095.175999999046326],[12223018.0035,140110.54280000180006],[12223055.382199998944998,140131.545200001448393],[12223105.2018,140158.354699999094009],[12223105.2363,140158.373100001364946],[12223128.486200001090765,140170.884399998933077],[12223132.26240000128746,140181.115499999374151],[12223133.773699998855591,140185.210099998861551],[12223159.855999998748302,140205.907999999821186],[12223160.233399998396635,140206.207499999552965],[12223162.58219999819994,140214.912000000476837],[12223174.4366,140258.843600001186132],[12223178.668200001120567,140268.040300000458956],[12223181.548099998384714,140274.299100000411272],[12223182.8564000017941,140277.142400000244379],[12223182.994600001722574,140277.442800000309944],[12223185.0143,140281.832100000232458],[12223204.2731,140296.99379999935627],[12223212.5482,140303.508499998599291],[12223216.7663,140306.829199999570847],[12223235.325399998575449,140311.919199999421835],[12223254.4804,140317.172600001096725],[12223258.3484,140320.420699998736382],[12223264.402800001204014,140325.504599999636412],[12223284.7953,140330.1864],[12223284.542100001126528,140421.428700000047684],[12223269.7146,140431.014800000935793],[12223275.2144,140443.808299999684095],[12223311.636599998921156,140443.611999999731779],[12223311.016399998217821,140410.568399999290705],[12223343.3371,140407.918499998748302],[12223408.7566,140436.941700000315905],[12223397.324499998241663,140469.540199998766184],[12223398.5878,140485.422699999064207],[12223392.860599998384714,140506.418699998408556],[12223461.258299998939037,140505.917300000786781],[12223466.367600001394749,140520.415500000119209],[12223466.3715,140520.426500000059605],[12223491.555300001055002,140591.890799999237061],[12223509.9311,140637.467199999839067],[12223499.9846,140681.831300001591444],[12223502.3528,140712.210900001227856],[12223293.2815,140712.747699998319149],[12223224.077,140712.925299998372793],[12223221.3259,140712.932300001382828],[12223218.506,140712.939800001680851],[12223090.896000001579523,140715.630800001323223],[12223090.891399998217821,140715.630899999290705],[12222957.079599998891354,140718.452599998563528],[12222926.541700001806021,140773.498500000685453],[12222919.333700001239777,140839.520899999886751],[12222889.345199998468161,140865.184500001370907],[12222880.1802,140904.995600000023842],[12222873.607,140912.577599998563528],[12222862.666299998760223,140925.197700001299381],[12222858.588,140958.395100001245737],[12222861.6424,141001.809999998658895],[12222896.7223,141004.944099999964237],[12222907.880800001323223,141021.785500001162291],[12222992.5302,141030.890500001609325],[12223004.9368,141050.610500000417233],[12222995.0022,141086.412500001490116],[12222965.4892,141122.17339999973774],[12222967.448399998247623,141137.629799999296665],[12222968.295400001108646,141144.311599999666214],[12222968.737799998372793,141147.800700001418591],[12222973.15260000154376,141182.630699999630451],[12222932.1157,141207.329999998211861],[12222877.8691,141287.887800000607967],[12222870.0374,141289.113200001418591],[12222844.439399998635054,141227.541499998420477],[12222828.983,141223.697000000625849],[12222807.590799998492002,141233.493299998342991],[12222803.029599998146296,141234.045699998736382],[12222773.3191,141237.643399998545647],[12222769.0456,141238.160900000482798],[12222755.576699998229742,141239.791900001466274],[12222751.472199998795986,141240.289000000804663],[12222719.021699998527765,141236.220100000500679],[12222622.9641,141224.175700001418591],[12222641.0761,141179.621599998325109],[12222549.3332,141138.137299999594688],[12222565.155000001192093,141098.631499998271465],[12222604.727899998426437,140999.821199998259544],[12222507.8702,140956.743900001049042],[12222475.9474,140942.546300001442432],[12222475.415600001811981,140922.047800000756979],[12222471.9192,140787.241599999368191],[12222481.741700001060963,140757.597199998795986],[12222366.4692,140759.874699998646975],[12222321.876600001007318,140760.75560000166297],[12222318.869,140760.815000001341105],[12222314.5121,140760.901099998503923],[12222314.5618,140759.650499999523163],[12222314.342500001192093,140759.157699998468161],[12222313.3028,140756.821100000292063],[12222312.080200001597404,140754.073800001293421],[12222303.323800001293421,140734.39640000090003],[12222296.8411,140729.930100001394749],[12222277.339899998158216,140734.803100001066923],[12222272.0086,140736.135400000959635],[12222271.7795,140736.192699998617172],[12222271.030499998480082,140736.380100000649691],[12222239.468899998813868,140728.770599998533726],[12222239.127700001001358,140725.345300000160933],[12222235.911899998784065,140693.060899998992682],[12222224.2042,140682.19649999961257],[12222216.281,140683.227699998766184],[12222215.535100001841784,140683.32490000128746],[12222212.296100001782179,140681.646999999880791],[12222201.377099998295307,140675.990200001746416],[12222199.462000001221895,140672.38230000063777],[12222187.3785,140649.617800001055002],[12222178.3917,140632.687199998646975],[12222176.477899998426437,140629.081900000572205],[12222175.4602,140619.304499998688698],[12222175.3712,140618.448800001293421],[12222176.253199998289347,140617.426399998366833],[12222186.5018,140605.548300001770258],[12222180.0863,140599.81980000063777],[12222178.6802,140598.564100001007318],[12222176.7549,140596.844799999147654],[12222147.0178,140570.291000001132488],[12222145.7181,140569.130399998277426],[12222145.695300001651049,140569.109999999403954],[12222145.6001,140566.883699998259544],[12222145.380800001323223,140561.754999998956919],[12222149.0368,140554.881599999964237],[12222169.5282,140545.77760000154376],[12222172.2314000017941,140539.223499998450279],[12222155.5882,140518.829599998891354],[12222134.2689,140492.70549999922514],[12222122.632399998605251,140496.497400000691414],[12222119.7747,140497.428700000047684],[12222106.7397,140495.02419999986887],[12222099.9941,140485.961100000888109],[12222099.0715,140477.433299999684095],[12222101.654,140473.70380000025034],[12222120.7766,140477.643199998885393],[12222123.305100001394749,140475.433600001037121],[12222124.8147,140474.114199999719858],[12222123.691,140457.217999998480082],[12222123.631700001657009,140456.326299998909235],[12222123.9021,140455.3141999989748],[12222125.427499998360872,140449.606300000101328],[12222125.5541,140449.132199998944998],[12222125.68299999833107,140449.013099998235703],[12222135.7716,140439.683200001716614],[12222138.900600001215935,140436.789500001817942],[12222138.798500001430511,140436.253899998962879],[12222136.7878,140425.703200001269579],[12222133.652800001204014,140424.539299998432398],[12222111.48759999871254,140416.311299998313189],[12222107.7637,140411.740100000053644],[12222105.667399998754263,140409.166999999433756],[12222106.094500001519918,140401.705800000578165],[12222107.4344,140400.839400000870228],[12222110.54280000180006,140398.829799998551607],[12222117.570799998939037,140399.585499998182058],[12222147.3864,140402.79109999909997],[12222151.6252,140394.798599999397993],[12222140.565699998289347,140384.161100000143051],[12222117.764199998229742,140374.852800000458956],[12222114.947999998927116,140373.703099999576807],[12222114.2053,140365.585499998182058],[12222113.8946,140362.190799999982119],[12222120.7383,140352.131000000983477],[12222122.158599998801947,140350.043400000780821],[12222133.382399998605251,140349.195900000631809],[12222150.7388,140364.979299999773502],[12222158.514199998229742,140365.385899998247623],[12222204.584199998527765,140367.794900000095367],[12222208.3349,140367.99100000038743],[12222213.936099998652935,140365.452599998563528],[12222223.372699998319149,140361.175900001078844],[12222225.5436,140355.803800001740456],[12222226.1288,140354.355500001460314],[12222221.1968,140352.973799999803305],[12222204.1303,140348.192699998617172],[12222199.4509,140346.881700001657009],[12222203.269900001585484,140330.681499999016523],[12222203.737,140330.562100000679493],[12222221.1113,140326.118500001728535],[12222249.8618,140318.7652000002563],[12222252.809500001370907,140319.508600000292063],[12222255.7102,140320.239999998360872],[12222262.9111,140322.055900000035763],[12222269.714000001549721,140323.771499998867512],[12222290.5141,140329.0168999992311],[12222297.5044,140323.903799999505281],[12222297.0587,140320.688099998980761],[12222297.046100001782179,140320.597300000488758],[12222296.6323,140317.612199999392033],[12222296.211,140314.572599999606609],[12222296.0269,140313.243900001049042],[12222293.968400001525879,140311.497000001370907],[12222293.928399998694658,140311.462999999523163],[12222257.086199998855591,140280.196699999272823],[12222220.7637,140294.03660000115633],[12222200.5904,140279.265999998897314],[12222168.3065,140255.628299999982119],[12222161.1353,140250.377599999308586],[12222179.5469,140217.209800001233816],[12222063.660300001502037,140219.643800001591444],[12222063.372299998998642,140184.39919999986887],[12222063.287300001829863,140173.99549999833107],[12222063.0951,140150.480000000447035],[12222063.002300001680851,140139.125500001013279],[12222012.922400001436472,140111.820700000971556],[12221987.8911,140098.172899998724461],[12221971.855500001460314,140089.429999999701977],[12221877.8603,140097.243099998682737],[12221767.447299998253584,140106.420800000429153],[12221769.507800001651049,140188.271999999880791],[12221770.346,140221.56810000166297],[12221700.2427,140225.992600001394749],[12221688.940499998629093,140308.722100000828505],[12221680.3484,140368.187300000339746],[12221675.0544,140404.827100001275539],[12221641.679499998688698,140423.394000001251698],[12221627.1677,140431.467000000178814],[12221614.3512,140438.597100000828505],[12221592.252099998295307,140450.891100000590086],[12221590.820099998265505,140451.687800001353025],[12221535.234000001102686,140452.86089999973774],[12221535.2077,140509.708099998533726],[12221535.197500001639128,140531.772300001233816],[12221535.1901,140547.859700001776218],[12221547.16270000115037,140575.887499999254942],[12221548.874899998307228,140579.895899999886751],[12221567.5279,140623.562199998646975],[12221587.278299998492002,140669.797699999064207],[12221582.504,140687.537200000137091],[12221581.5775,140690.979800000786781],[12221492.301399998366833,140722.238499999046326],[12221474.734000001102686,140715.369100000709295],[12221437.7181,140700.89469999819994],[12221391.558899998664856,140763.910300001502037],[12221389.1393,140767.213500000536442],[12221355.615899998694658,140766.607599999755621],[12221355.5473,140766.6064000017941],[12221354.134100001305342,140766.580899998545647],[12221312.659699998795986,140765.831300001591444],[12221311.0557,140765.802400000393391],[12221308.1424,140765.749800000339746],[12221305.065499998629093,140765.694099999964237],[12221210.3424,140763.982400000095367],[12221073.699299998581409,140761.513099998235703],[12221072.6477,140761.493900001049042],[12221056.9023,140732.791200000792742],[12221032.2124,140687.782800000160933],[12221070.748100001364946,140654.43470000103116],[12221076.4652,140649.487100001424551],[12221082.556000001728535,140644.216299999505281],[12221089.892099998891354,140613.548799999058247],[12221090.1562,140612.444400001317263],[12221040.4135,140570.424199998378754],[12221005.4985,140570.259399998933077],[12220990.2275,140570.187399998307228],[12220987.2463,140606.000700000673532],[12220934.521899998188019,140600.646099999547005],[12220915.725699998438358,140583.020899999886751],[12220904.0427,140572.065499998629093],[12220887.3077,140572.165800001472235],[12220879.813299998641014,140572.210700001567602],[12220823.8684,140572.546000000089407],[12220813.983600001782179,140572.60530000180006],[12220805.152800001204014,140572.658399999141693],[12220719.406599998474121,140541.706599999219179],[12220680.2064,140497.86430000141263],[12220623.108600001782179,140434.004799999296665],[12220582.6518,140424.948300000280142],[12220566.2265,140421.271499998867512],[12220557.2597,140419.264199998229742],[12220420.886999998241663,140425.381900001317263],[12220414.1758,140427.822999998927116],[12220354.950599998235703,140449.364799998700619],[12220346.5488,140452.420800000429153],[12220279.792100001126528,140383.478500001132488],[12220248.8746,140386.788100000470877],[12220215.7878,140413.7668999992311],[12220229.5902,140457.616099998354912],[12220221.6525,140479.134500000625849],[12220224.323800001293421,140540.505300000309944],[12220170.7705,140609.310600001364946],[12220159.871,140636.028200000524521],[12220143.1153,140643.584300000220537],[12220139.9188,140645.025699999183416],[12220119.209399998188019,140654.364700000733137],[12220116.7135,140671.5614],[12220116.296100001782179,140674.436599999666214],[12220111.2876,140708.943900000303984],[12220089.649099998176098,140727.492199998348951],[12220119.797400001436472,140732.910599999129772],[12220110.9916,140759.984900001436472],[12220110.243,140762.285900000482798],[12220076.376899998635054,140769.524300001561642],[12220058.601599998772144,140769.337999999523163],[12220057.7531,140775.205899998545647],[12220055.061700001358986,140775.527699999511242],[12220030.13459999859333,140778.50789999961853],[12220014.186700001358986,140808.541600000113249],[12220021.153299998492002,140838.192499998956919],[12220028.6518,140870.107599999755621],[12220027.4423,140908.879099998623133],[12220020.6545,140926.796500001102686],[12219983.051199998706579,140962.752900000661612],[12219978.5376,140960.140399999916553],[12219948.77760000154376,140942.915300000458956],[12219944.7566,140940.587999999523163],[12219938.255199998617172,140953.6385000012815],[12219933.829599998891354,140962.521999999880791],[12219912.557100001722574,141005.222899999469519],[12219867.25959999859333,141042.858399998396635],[12219850.8453,141056.496199999004602],[12219849.2179,141057.848400000482798],[12219849.280499998480082,141058.922400001436472],[12219852.5713,141115.378100000321865],[12219853.1732,141125.704599998891354],[12219853.629299998283386,141133.529599998146296],[12219818.66,141233.221900001168251],[12219575.7524,141232.757199998944998],[12219575.851599998772144,141242.0625],[12219567.820300001651049,141242.195999998599291],[12219571.946400001645088,142062.52589999884367],[12219572.036899998784065,142080.474599998444319],[12219525.9115,142083.726500000804663],[12219466.7689,142018.292500000447035],[12219438.394499998539686,142016.573399998247623],[12219380.138099998235703,142066.856100000441074],[12219362.099599998444319,142247.641600001603365],[12219361.9472,142249.169100001454353],[12219378.037500001490116,142263.223900001496077],[12219369.5953,142343.096400000154972],[12219369.1537000015378,142347.273800000548363],[12219368.1463,142356.805799998342991],[12219317.8757,142360.752599999308586],[12219314.7722,142420.951699998229742],[12219314.421100001782179,142436.485399998724461],[12219313.0526,142497.052499998360872],[12219312.9399,142502.037999998778105],[12219311.683899998664856,142557.619800001382828],[12219311.4736,142637.751600001007318],[12219306.868700001388788,142743.223499998450279],[12219211.4195,142743.405000001192093],[12219210.995900001376867,142743.405600000172853],[12219208.640500001609325,142746.261900000274181],[12219206.700399998575449,142748.614999998360872],[12219200.712900001555681,142755.876499999314547],[12219184.942200001329184,142779.167599998414516],[12219182.256099998950958,142783.134399998933077],[12219169.7872,142791.42850000038743],[12219118.8154,142825.335099998861551],[12219078.593600001186132,142824.397199999541044],[12219058.2769,142823.923599999397993],[12219053.180599998682737,142831.768800001591444],[12219051.144000001251698,142834.903999999165535],[12219036.638999998569489,142854.641600001603365],[12219022.5088,142864.343499999493361],[12219020.630199998617172,142865.633400000631809],[12219006.6052,142875.263199999928474],[12218979.754700001329184,142894.582100000232458],[12218992.5751,142910.907900001853704],[12218997.5216,142917.206999998539686],[12218997.810899998992682,142917.575199998915195],[12219016.401,142916.005300000309944],[12219031.6741,142970.131299998611212],[12219051.3554,142986.454700000584126],[12219050.9032,142998.884899999946356],[12219050.181000001728535,143018.742199998348951],[12219073.950199998915195,143019.077899999916553],[12219081.0101,143004.374099999666214],[12219085.837699998170137,142994.319699998944998],[12219077.384,142987.640299998223782],[12219068.9302,142980.960999999195337],[12219061.5535,142964.009399998933077],[12219062.2344,142955.084800001233816],[12219063.391199998557568,142939.920800000429153],[12219048.149300001561642,142931.173000000417233],[12219046.2159,142918.582899998873472],[12219044.138300001621246,142905.05629999935627],[12219052.508000001311302,142893.761799998581409],[12219099.8369,142890.373799998313189],[12219114.444200001657009,142902.375100001692772],[12219116.4531,142904.025600001215935],[12219146.50959999859333,142930.794199999421835],[12219168.257199998944998,142915.374400001019239],[12219170.5946,142914.947299998253584],[12219194.4454,142910.589600000530481],[12219207.1666,142905.030799999833107],[12219217.7073,142900.424800001084805],[12219238.2978,142891.427000001072884],[12219249.2966,142898.371599998325109],[12219260.2608,142905.294399999082088],[12219279.333999998867512,142907.550900001078844],[12219285.1406,142908.238000001758337],[12219284.3893,142948.595800001174212],[12219289.008299998939037,142948.558200001716614],[12219299.124899998307228,142948.476100001484156],[12219296.174600001424551,143047.974199999123812],[12219295.453699998557568,143136.202300000935793],[12219220.7111,143138.357999999076128],[12219124.493099998682737,143141.133000001311302],[12219097.513099998235703,143102.427400000393391],[12219047.5103,143051.079599998891354],[12219045.522300001233816,143146.817499998956919],[12218973.5242,143147.473700001835823],[12218926.9087999984622,143147.898600000888109],[12218796.6787,143149.700599998235703],[12218739.2678,143150.648699998855591],[12218670.787999998778105,143151.779699999839067],[12218620.084199998527765,143152.38459999859333],[12218616.617800001055002,143152.425900001078844],[12218616.0216,143162.411100000143051],[12218460.6584,143161.80460000038147],[12218297.9648,143161.169300001114607],[12218302.0959,143376.484400000423193],[12218302.156599998474121,143383.853700000792742],[12218303.053399998694658,143493.334199998527765],[12218304.031399998813868,143612.7511],[12218304.3871,143656.179000001400709],[12218305.9364,143845.354100000113249],[12218306.0946,143864.672100000083447],[12218306.078899998217821,143896.977600000798702],[12218305.9417,144179.32880000025034],[12218305.8635,144340.067600000649691],[12218342.3957,144339.994600001722574],[12218342.724,144354.217599999159575],[12218644.964200001209974,144355.386999998241663],[12218757.103,144355.820700000971556],[12218986.4395,144354.99269999936223],[12219280.671999998390675,144353.929999999701977],[12219331.7493,144353.745600000023842],[12219332.913800001144409,144386.926300000399351],[12219332.938700001686811,144419.645500000566244],[12219332.939,144419.960299998521805],[12219332.9397,144420.937100000679493],[12219332.9677,144457.742499999701977],[12219333.001600001007318,144502.315000001341105],[12219333.002099998295307,144503.074700001627207],[12219333.0049,144506.650400001555681],[12219333.012200001627207,144516.331000000238419],[12219333.0216,144528.719300001859665],[12219333.0266,144535.365299999713898],[12219333.0751,144599.244300000369549],[12219333.107700001448393,144642.170400001108646],[12219333.121800001710653,144660.799400001764297],[12219333.1406,144685.545099999755621],[12219333.140700001269579,144685.751600001007318],[12219333.196199998259544,144758.807199999690056],[12219333.1983,144761.522300001233816],[12219333.26069999858737,144843.870400000363588],[12219333.270799998193979,144857.196699999272823],[12219333.296799998730421,144891.400199998170137],[12219333.3624,144977.992199998348951],[12219333.394299998879433,145020.136300001293421],[12219333.397999998182058,145024.942999999970198],[12219333.4688,145118.510899998247623],[12219333.5174,145182.746800001710653],[12219333.525400001555681,145193.305500000715256],[12219333.4556,145221.604899998754263],[12219333.443300001323223,145226.578099999576807],[12219333.442499998956919,145226.904800001531839],[12219333.435899998992682,145229.59910000115633],[12219333.4122,145239.215300001204014],[12219333.4043,145242.455099999904633],[12219333.399,145244.582299999892712],[12219333.3393,145268.778900001198053],[12219333.2769,145294.131700001657009],[12219333.210299998521805,145321.150499999523163],[12219333.1699,145337.523200001567602],[12219332.976799998432398,145415.831199999898672],[12219332.6948,145530.207800000905991],[12219332.604200001806021,145566.961800001561642],[12219332.2341,145717.037399999797344],[12219332.205899998545647,145728.395799998193979],[12219332.057300001382828,145740.555799998342991],[12219331.5997,145778.013199999928474],[12219330.4978,145868.183800000697374],[12219330.4454,145872.4679000005126],[12219329.7249,145931.431800000369549],[12219329.441100001335144,145954.651599999517202],[12219329.4038,145957.70549999922514],[12219329.0491,145986.728500001132488],[12219329.0205,145989.064100001007318],[12219328.436500001698732,146036.850900001823902],[12219327.731800001114607,146094.516699999570847],[12219326.5031,146195.052499998360872],[12219326.454799998551607,146199.010400000959635],[12219326.1378,146224.938299998641014],[12219326.089499998837709,146228.894799999892712],[12219325.588599998503923,146269.879999998956919],[12219326.312199998646975,146324.712000001221895],[12219326.713599998503923,146355.133900001645088],[12219327.410300001502037,146407.922499999403954],[12219327.7465,146433.400600001215935],[12219328.096700001507998,146459.934300001710653],[12219328.1595,146464.694200001657009],[12219329.6494,146577.589299999177456],[12219330.4485,146638.138199999928474],[12219330.4749,146640.138199999928474],[12219330.607700001448393,146650.2027000002563],[12219331.259799998253584,146699.620999999344349],[12219331.9958,146755.395799998193979],[12219332.7344,146811.372099999338388],[12219332.757199998944998,146818.049899999052286],[12219332.8262,146838.272599998861551],[12219332.9567,146876.517000000923872],[12219333.007800001651049,146891.531599998474121],[12219333.013099998235703,146893.0929000005126],[12219333.0161,146893.957499999552965],[12219333.207400001585484,146950.0489999987185],[12219333.75560000166297,147110.76969999819994],[12219333.87220000103116,147144.93019999936223],[12219331.60020000115037,147637.988099999725819],[12219331.60020000115037,147637.99210000038147],[12219330.8572,147708.689800001680851],[12219330.7155,147722.181499999016523],[12219330.71229999884963,147722.486200001090765],[12219330.454599998891354,147747.015700001269579],[12219330.080899998545647,147782.586199998855591],[12219330.057,147784.851500000804663],[12219329.029599998146296,147882.625300001353025],[12219328.5772,147960.513999998569489],[12219328.5643,147962.727099999785423],[12219328.0018,148059.586199998855591],[12219327.9082,148075.700500000268221],[12219327.9038,148076.461300000548363],[12219327.802499998360872,148093.901099998503923],[12219327.614100001752377,148126.340300001204014],[12219327.5891,148130.638599999248981],[12219327.474800001829863,148150.30970000103116],[12219327.445099998265505,148155.436999998986721],[12219327.37950000166893,148166.712999999523163],[12219326.828000001609325,148261.667700000107288],[12219326.3178,148349.48759999871254],[12219326.122000001370907,148383.184000000357628],[12219325.882,148424.481800001114607],[12219326.234700001776218,148504.434000000357628],[12219326.713,148612.882100000977516],[12219327.1961,148722.418499998748302],[12219327.366300001740456,148761.028499998152256],[12219327.625500001013279,148819.780200000852346],[12219327.963,148896.320500001311302],[12219328.022999998182058,148909.947900000959635],[12219328.26069999858737,148963.843699999153614],[12219328.886100001633167,149007.995999999344349],[12219328.9936,149015.581300001591444],[12219329.25560000166297,149034.073499999940395],[12219331.3114,149179.203099999576807],[12219331.508499998599291,149193.114599999040365],[12219332.6824,149275.989399999380112],[12219333.0662,149303.086899999529123],[12219333.3272,149321.506099998950958],[12219333.54280000180006,149336.734499998390675],[12219334.0356,149371.5185999982059],[12219335.0231,149441.242300000041723],[12219335.000500001013279,149442.023800000548363],[12219335.0707,149444.597300000488758],[12219335.0861,149445.688299998641014],[12219335.5015,149475.010200001299381],[12219335.541700001806021,149477.8462999984622],[12219335.1919,149482.742499999701977],[12219335.797899998724461,149495.939300000667572],[12219335.9311,149505.341299999505281],[12219336.3059,149566.405900001525879],[12219336.4507,149589.999099999666214],[12219336.514600001275539,149600.395399998873472],[12219336.813299998641014,149649.068199999630451],[12219337.1221,149699.381499998271465],[12219337.1345,149701.390299998223782],[12219337.1351,149701.491999998688698],[12219337.250799998641014,149720.33390000090003],[12219337.445300001651049,149752.021699998527765],[12219337.881700001657009,149823.133699998259544],[12219337.9267,149830.466099999845028],[12219338.000599998980761,149842.48369999974966],[12219338.030900001525879,149847.42960000038147],[12219338.0812,149855.629999998956919],[12219338.214699998497963,149877.391399998217821],[12219338.5387,149930.17119999974966],[12219338.681000001728535,149953.341299999505281],[12219338.7544,149965.321800000965595],[12219338.755399998277426,149965.47580000013113],[12219338.940200001001358,149995.590300001204014],[12219338.9523,149997.565200001001358],[12219339.1318,150026.809000000357628],[12219339.1323,150026.891100000590086],[12219339.137699998915195,150027.778999999165535],[12219339.149,150029.618599999696016],[12219340.896499998867512,150101.359700001776218],[12219341.726799998432398,150135.447999998927116],[12219342.2658,150157.579999998211861],[12219342.5423,150168.928800001740456],[12219342.9276,150184.744899999350309],[12219343.5537,150210.45549999922514],[12219345.121100001037121,150274.804400000721216],[12219345.5216,150291.246500000357628],[12219345.8127,150303.199499998241663],[12219346.026700001209974,150311.983899999409914],[12219346.0367,150312.395599998533726],[12219346.384100001305342,150326.660500001162291],[12219346.6602,150338.000199999660254],[12219346.9507,150349.922200001776218],[12219347.7236,150381.656100001186132],[12219347.3424,150410.606699999421835],[12219347.3418,150410.657600000500679],[12219346.574700001627207,150468.920000001788139],[12219346.573600001633167,150469.007399998605251],[12219346.138300001621246,150502.069099999964237],[12219350.552000001072884,150502.043699998408556],[12219352.298500001430511,150600.783500000834465],[12219354.9194,150748.951999999582767],[12219356.462499998509884,150836.190499998629093],[12219545.091899998486042,150778.326499998569489],[12219539.5861,150672.795699998736382],[12219586.457400001585484,150634.845499999821186],[12219617.7975,150633.999099999666214],[12219731.473299998790026,150630.928800001740456],[12219760.7659,150630.137800000607967],[12219764.507399998605251,150626.065799999982119],[12219790.251899998635054,150598.047699999064207],[12219819.284400001168251,150566.451400000602007],[12219836.3299,150547.900600001215935],[12219836.2137,150520.397900000214577],[12219836.124400001019239,150499.24549999833107],[12219855.955200001597404,150499.13120000064373],[12219881.7817,150499.227600000798702],[12219923.4602,150499.383400000631809],[12219926.4608,150499.394600000232458],[12219951.581999998539686,150499.488400001078844],[12219951.583500001579523,150499.63459999859333],[12219951.613699998706579,150502.506700001657009],[12219952.0729,150546.261900000274181],[12219956.3569,150546.246500000357628],[12219967.13060000166297,150546.207600001245737],[12219970.5797,150546.195099998265505],[12219975.302000001072884,150546.178100001066923],[12219995.555599998682737,150546.104899998754263],[12220082.811999998986721,150545.789799999445677],[12220088.1736,150545.770399998873472],[12220204.359499998390675,150545.350699998438358],[12220340.126899998635054,150544.860199999064207],[12220340.09739999845624,150547.247299998998642],[12220339.2416,150616.419399999082088],[12220339.1221,150626.073600001633167],[12220304.122000001370907,150678.915199998766184],[12220301.655499998480082,150682.639299999922514],[12220300.6398,150684.172899998724461],[12220299.624400001019239,150685.705899998545647],[12220294.2832,150693.769799999892712],[12220289.1507,150701.518500000238419],[12220284.018199998885393,150709.267400000244379],[12220270.2711,150730.022199999541044],[12220268.8303,150732.197399999946356],[12220284.0561,150774.096700001507998],[12220294.5264,150798.08559999987483],[12220311.992600001394749,150806.089099999517202],[12220337.849599998444319,150797.686999998986721],[12220352.795000001788139,150791.95719999819994],[12220387.52589999884367,150778.642099998891354],[12220402.0258,150779.038199998438358],[12220432.4074,150779.868400000035763],[12220481.605500001460314,150781.212699998170137],[12220484.223700001835823,150781.284200001507998],[12220487.96510000154376,150781.386399999260902],[12220504.1732,150781.829199999570847],[12220510.0097,150781.988699998706579],[12220517.325800001621246,150782.1886],[12220516.940200001001358,150787.870600000023842],[12220515.1851,150813.741799999028444],[12220513.94819999858737,150831.974800001829863],[12220513.803,150834.11540000140667],[12220591.197,150833.28319999948144],[12220617.07490000128746,150833.004799999296665],[12220636.423700001090765,150832.796700000762939],[12220638.717500001192093,150832.772199999541044],[12220643.0854,150832.72520000115037],[12220643.920200001448393,150817.781199999153614],[12220645.9721,150781.054699998348951],[12220653.714200001209974,150780.948899999260902],[12220654.913600001484156,150780.932500001043081],[12220658.583999998867512,150780.882199998944998],[12220668.0405,150780.752999998629093],[12220674.162999998778105,150780.669300001114607],[12220674.320300001651049,150782.245600000023842],[12220674.3638,150782.681600000709295],[12220674.66270000115037,150785.67680000141263],[12220675.1453,150790.512299999594688],[12220675.6279,150795.347699999809265],[12220675.991099998354912,150798.9864999987185],[12220676.0246,150799.322999998927116],[12220677.1133,150810.232799999415874],[12220690.2562,150809.516199998557568],[12220690.633900001645088,150809.495700001716614],[12220695.044,150809.255100000649691],[12220701.496599998325109,150808.903400000184774],[12220709.75560000166297,150808.452899999916553],[12220712.7427,150808.290100000798702],[12220717.386599998921156,150808.037000000476837],[12220732.6895,150807.202500000596046],[12220734.899300001561642,150807.08219999819994],[12220737.9454,150809.596999999135733],[12220766.908,150833.507199998944998],[12220774.953899998217821,150840.149599999189377],[12220776.4271,150841.365800000727177],[12220776.2903,150838.822399999946356],[12220774.6314,150807.979200001806021],[12220773.569899998605251,150788.242600001394749],[12220836.951299998909235,150764.930599998682737],[12220907.6523,150713.960700001567602],[12220908.936500001698732,150696.739399999380112],[12220909.195999998599291,150693.25789999961853],[12220910.37049999833107,150677.506900001317263],[12220910.974,150676.258699998259544],[12220941.0548,150614.045499999076128],[12220975.684,150601.911299999803305],[12220980.925700001418591,150508.73589999973774],[12220987.580200001597404,150500.432599999010563],[12221051.0502,150500.057599999010563],[12221254.746599998325109,150498.854200001806021],[12221350.4663,150498.288600001484156],[12221858.6959,150500.142700001597404],[12221945.5997,150500.464000001549721],[12222358.9852,150501.991999998688698],[12223242.0392,150502.431600000709295],[12223338.9212,150502.479699999094009],[12223338.0645,150420.355399999767542],[12223338.029599998146296,150417.011500000953674],[12223340.7181,150415.69310000166297],[12223377.5361,150397.637800000607967],[12223404.799800001084805,150399.516600001603365],[12223429.6901,150383.539700001478195],[12223441.36,150383.545400001108646],[12223443.953699998557568,150383.546700000762939],[12223446.366300001740456,150383.547899998724461],[12223448.1582,150385.585200000554323],[12223467.0018,150407.009100001305342],[12223489.7637,150412.616599999368191],[12223495.499899998307228,150417.317299999296665],[12223501.8032,150422.482599999755621],[12223504.387699998915195,150432.698699999600649],[12223506.9723,150442.914799999445677],[12223509.8609,150454.331900000572205],[12223511.071400001645088,150455.102699998766184],[12223511.1094,150455.126899998635054],[12223536.455699998885393,150471.267000000923872],[12223551.2368,150464.847300000488758],[12223553.0031,150464.080200001597404],[12223559.2154,150470.023699998855591],[12223572.382800001651049,150482.621300000697374],[12223583.8387,150493.581500001251698],[12223621.9544,150470.312899999320507],[12223624.881700001657009,150468.526000000536442],[12223624.8928,150445.821199998259544],[12223601.548300001770258,150444.874899998307228],[12223596.9406,150444.688200000673532],[12223596.850900001823902,150439.897100001573563],[12223596.74040000140667,150433.990800000727177],[12223595.702100001275539,150378.491999998688698],[12223640.5018,150360.662099998444319],[12223645.107700001448393,150358.828899998217821],[12223649.8712,150356.933100000023842],[12223735.0015,150354.576799999922514],[12223748.8299,150332.678300000727177],[12223748.046799998730421,150309.813200000673532],[12223762.3448,150301.665699999779463],[12223761.720400001853704,150279.280499998480082],[12223843.295000001788139,150276.855900000780821],[12223843.2469,150269.147999998182058],[12223842.6813,150178.521299999207258],[12223841.845199998468161,150066.86939999833703],[12223841.8112,150062.315400000661612],[12223851.5519,150035.471099998801947],[12223855.7643,150034.593600001186132],[12223880.142900001257658,150029.515799999237061],[12223880.3402,150013.486200001090765],[12223880.363400001078844,150011.607900001108646],[12223889.5447,150007.734700001776218],[12223934.374000001698732,149988.823100000619888],[12223936.773699998855591,149989.859900001436472],[12224004.7709,150019.237399999052286],[12224046.0438,150017.647199999541044],[12224073.0662,150016.605999998748302],[12224099.566,149955.8597999997437],[12224085.370000001043081,149942.683600001037121],[12224084.285100001841784,149941.676600001752377],[12224079.457400001585484,149937.195799998939037],[12224078.419300001114607,149894.557199999690056],[12224102.788400001823902,149860.991700001060963],[12224107.6345,149860.477000001817942],[12224114.4216,149859.756000000983477],[12224161.991300001740456,149854.703699998557568],[12224166.481199998408556,149854.226799998432398],[12224166.5685,149852.374000001698732],[12224169.1221,149798.154199998825788],[12224169.315000001341105,149794.056400001049042],[12224210.2636,149737.478999998420477],[12224220.031399998813868,149723.9831000007689],[12224221.9639,149721.313099998980761],[12224197.3332,149706.875300001353025],[12224179.8712,149718.452599998563528],[12224179.4599,149718.72520000115037],[12224142.105099998414516,149710.665399998426437],[12224139.1778,149710.033700000494719],[12224132.747000001370907,149708.646200001239777],[12224129.5667,149707.959899999201298],[12224130.4859,149707.071100000292063],[12224132.642700001597404,149704.985599998384714],[12224163.149300001561642,149675.488099999725819],[12224188.6303,149669.504700001329184],[12224198.4236,149662.212400000542402],[12224201.359700001776218,149660.026099998503923],[12224203.5836,149658.370099999010563],[12224223.054000001400709,149643.871899999678135],[12224222.0698,149626.55009999871254],[12224276.375100001692772,149583.934999998658895],[12224276.4626,149614.910100001841784],[12224277.824099998921156,149673.179499998688698],[12224302.7077,149642.850900001823902],[12224337.673500001430511,149609.217999998480082],[12224353.6347,149593.865299999713898],[12224361.2223,149586.566899999976158],[12224365.842799998819828,149582.122699998319149],[12224384.544100001454353,149529.163899999111891],[12224385.563700001686811,149526.276399999856949],[12224394.9102,149525.765299998223782],[12224413.593400001525879,149524.743700001388788],[12224468.6204,149521.734700001776218],[12224507.991999998688698,149467.069200001657009],[12224488.48,149461.334899999201298],[12224493.622299998998642,149404.59739999845624],[12224472.2106,149403.75789999961853],[12224466.093400001525879,149403.51799999922514],[12224468.644000001251698,149383.479400001466274],[12224469.4188,149383.041700001806021],[12224487.496100001037121,149372.829300001263618],[12224447.6562,149291.593400001525879],[12224444.9996,149285.635299999266863],[12224440.6514,149275.883600000292063],[12224436.739999998360872,149267.111600000411272],[12224430.61,149256.11089999973774],[12224420.8559,149238.606899999082088],[12224412.319899998605251,149223.289099998772144],[12224410.598000001162291,149224.452399998903275],[12224337.8079,149273.618999999016523],[12224318.7516999989748,149268.493099998682737],[12224294.756299998611212,149295.9831000007689],[12224320.6362,149312.464600000530481],[12224351.925900001078844,149309.921399999409914],[12224423.973000001162291,149289.012499999254942],[12224425.0797,149288.691300000995398],[12224409.997900001704693,149358.294300001114607],[12224395.3754,149363.406500000506639],[12224336.9269,149383.841600000858307],[12224311.1292,149376.097100000828505],[12224296.826499998569489,149375.718499999493361],[12224252.328699998557568,149374.540600001811981],[12224249.586199998855591,149374.468100000172853],[12224226.156,149368.386399999260902],[12224181.697999998927116,149356.846799999475479],[12224172.140299998223782,149273.127999998629093],[12224172.139899998903275,149273.124400001019239],[12224212.4019,149274.222100000828505],[12224217.761599998921156,149203.549100000411272],[12224222.658300001174212,149138.984600000083447],[12224131.524099998176098,149136.608399998396635],[12224104.7584,149062.645100001245737],[12224157.436099998652935,148986.570599999278784],[12224193.2911,149016.253100000321865],[12224204.6858000010252,149021.670899998396635],[12224207.3171,149022.921999998390675],[12224230.4786,149023.066399998962879],[12224230.440200001001358,149022.366300001740456],[12224227.562199998646975,148969.816500000655651],[12224292.461399998515844,148966.994100000709295],[12224298.7817,148897.377300001680851],[12224248.9421,148880.553199999034405],[12224235.868700001388788,148923.995400000363588],[12224206.6219,148917.185600001364946],[12224137.382800001651049,148956.592099998146296],[12224127.8613,148940.7314000017941],[12224126.336399998515844,148941.557700000703335],[12224052.7832,148981.4222999997437],[12224029.3655,148994.114000000059605],[12223970.07490000128746,148987.955899998545647],[12223958.4232,148997.677099999040365],[12224004.4311,149086.41780000180006],[12224013.8536,149104.592099998146296],[12223975.523899998515844,149105.532600000500679],[12223952.216699998825788,149133.022900000214577],[12223918.344,149113.819099999964237],[12223890.7051,149121.520300000905991],[12223864.2975,149109.248399998992682],[12223864.2909,149109.245299998670816],[12223773.5997,149067.099700000137091],[12223733.392900001257658,149090.797400001436472],[12223699.531,149049.342099998146296],[12223699.562600001692772,149046.400100000202656],[12223699.8358,149021.059099998325109],[12223622.04,148965.538400001823902],[12223657.629299998283386,148937.7347999997437],[12223658.5953,148910.873199999332428],[12223708.7969,148882.596900001168251],[12223707.1904,148920.010899998247623],[12223751.9712999984622,148935.062699999660254],[12223789.9492,148894.628499999642372],[12223845.1912,148750.725600000470877],[12223847.955899998545647,148743.524000000208616],[12223895.6087,148640.851500000804663],[12223871.279399998486042,148592.072700001299381],[12223947.5174,148584.914700001478195],[12223948.86540000140667,148534.01630000025034],[12223927.6017,148504.377399999648333],[12223945.634399998933077,148441.5439000017941],[12223969.5381,148426.162500001490116],[12224212.922400001436472,148423.907800000160933],[12224280.6547,148423.43129999935627],[12224386.8041,148422.684500001370907],[12224674.9195,148420.657200001180172],[12224832.9936,148419.544799998402596],[12225201.673300001770258,148413.347899999469519],[12225513.5112,148417.940600000321865],[12226039.6109,148421.524399999529123],[12226096.2139,148232.513099998235703],[12226117.915600001811981,148160.045800000429153],[12226191.23,147915.229800000786781],[12226202.9932,147875.949299998581409],[12226291.685600001364946,147579.781300000846386],[12226301.280000001192093,147441.478799998760223],[12226310.8741,147303.176300000399351],[12226507.935199998319149,147044.243999999016523],[12226341.2104,146961.021099999547005],[12226246.429699998348951,147010.119600001722574],[12225757.8184,146756.332899998873472],[12225761.280900001525879,146745.392099998891354],[12225837.2487,146570.454900000244379],[12225853.826499998569489,146532.279699999839067],[12225850.2221,146400.158599998801947],[12225849.6413,146378.86769999936223],[12225848.417100001126528,146333.987900000065565],[12225849.760499998927116,146240.866599999368191],[12226028.7823,145991.928300000727177],[12226279.746800001710653,145936.084399998188019],[12226283.763999998569489,145835.354499999433756],[12226287.781100001186132,145734.624800000339746],[12226546.769900001585484,145498.106600001454353],[12226667.5878,145251.929999999701977],[12226689.988899998366833,144890.586100000888109],[12226790.667100001126528,144784.364700000733137],[12227223.655499998480082,144327.534699998795986],[12227306.5134,144240.114000000059605],[12227527.673,144234.989500001072884],[12227983.1006,144224.436000000685453],[12228008.5467,144147.699700001627207],[12227887.5302,143930.455200001597404],[12227897.0257,143905.08390000090003],[12228062.208299998193979,143747.616399999707937],[12228106.5984,143715.287399999797344],[12228148.779,143665.089099999517202],[12228244.73,143573.619600001722574],[12228231.806000001728535,143566.280299998819828],[12228242.026,143554.117600001394749],[12227431.843899998813868,143103.620200000703335],[12226700.080400001257658,142219.492499999701977],[12226577.960499998182058,141631.813999999314547],[12226159.4091,140886.140500001609325],[12226031.469500001519918,140847.614399999380112],[12226062.1558,140829.120799999684095],[12226115.1125,140790.771699998527765],[12226108.6684,140732.776000000536442]],[[12225223.217500001192093,143666.954799998551607],[12225224.8033,143653.323899999260902],[12225242.175,143655.950800001621246],[12225258.1541,143444.9037000015378],[12225178.057,143442.465500000864267],[12225182.511799998581409,143404.545000001788139],[12225015.599399998784065,143405.082699999213219],[12225001.617400001734495,143405.127700001001358],[12224894.726599998772144,143405.471999999135733],[12224864.9485,143405.567999999970198],[12224861.1569,143331.19709999859333],[12224839.49549999833107,143328.972100000828505],[12224839.5594,143327.010200001299381],[12224820.309500001370907,143327.001200001686811],[12224804.2225,143325.348799999803305],[12224801.1424,143212.402300000190735],[12224851.7245,143215.681499999016523],[12225133.7133,143233.961399998515844],[12225255.017299998551607,143241.82490000128746],[12225351.203200001269579,143248.060100000351667],[12225357.3622,143248.459399998188019],[12225357.484700001776218,143248.467300001531839],[12225386.329,143311.13120000064373],[12225422.9868,143310.9070999994874],[12225424.701699998229742,143310.896499998867512],[12225424.7714,143310.896000001579523],[12225424.7808,143311.726599998772144],[12225425.459800001233816,143370.514199998229742],[12225412.7474,143385.298099998384714],[12225413.531100001186132,143408.082899998873472],[12225425.572500001639128,143431.9222999997437],[12225504.4162,143432.013700000941753],[12225507.849399998784065,143493.873500000685453],[12225927.766800001263618,143525.096599999815226],[12225927.8310999982059,143525.101500000804663],[12225927.602400001138449,143532.081700000911951],[12225923.907200001180172,143532.125700000673532],[12225863.670699998736382,143532.846700001507998],[12225863.2801,143532.851399999111891],[12225863.226799998432398,143535.562800001353025],[12225861.6877,143613.89640000090003],[12225872.633499998599291,143643.694899998605251],[12225889.2989,143667.153000000864267],[12225896.4373,143685.810300000011921],[12225932.765099998563528,143704.24549999833107],[12225934.280900001525879,143705.014699999243021],[12225951.4212,143697.574499998241663],[12225994.3798,143678.927200000733137],[12226038.584600001573563,143679.480599999427795],[12226053.939800001680851,143674.157999999821186],[12226065.5251,143665.095199998468161],[12226129.772599998861551,143630.788699999451637],[12226142.750599998980761,143640.308699999004602],[12226152.4397,143638.621300000697374],[12226163.714699998497963,143636.657499998807907],[12226176.4553,143613.525199998170137],[12226176.9205,143612.680500000715256],[12226193.730700001120567,143611.066100001335144],[12226215.95719999819994,143628.930900000035763],[12226217.870700001716614,143628.7972999997437],[12226215.8684,143698.466499999165535],[12226212.433899998664856,143737.553800001740456],[12226212.4329,143737.565699998289347],[12226205.2392,143819.43189999833703],[12226201.779,143858.807500001043081],[12226198.87049999833107,143891.907699998468161],[12226195.0222,143935.702500000596046],[12226194.636,143940.096900001168251],[12226194.3715,143943.10700000077486],[12226187.306000001728535,143942.593199998140335],[12226173.715,143941.604899998754263],[12226099.2251,143936.187899999320507],[12225979.845199998468161,143927.506499998271465],[12225984.8854,143921.575699999928474],[12225989.2152,143916.480599999427795],[12225989.6162,143903.793499998748302],[12225985.1946,143901.092799998819828],[12225967.784699998795986,143890.459100000560284],[12225967.4588,143879.466600000858307],[12225985.725699998438358,143865.915100000798702],[12225985.743099998682737,143865.902100000530481],[12225985.944899998605251,143852.400800000876188],[12225987.4503,143751.677299998700619],[12225865.81700000166893,143747.044399999082088],[12225838.217500001192093,143748.69709999859333],[12225835.482900001108646,143748.86089999973774],[12225822.839200001209974,143749.618000000715256],[12225788.098700001835823,143751.698499999940395],[12225787.631499998271465,143846.779500000178814],[12225799.486200001090765,143855.739000000059605],[12225800.217,143893.331199999898672],[12225789.192200001329184,143922.149000000208616],[12225770.0488,143922.993000000715256],[12225768.6248,143954.522799998521805],[12225768.5084,143957.102099999785423],[12225785.0466,143956.885099999606609],[12225796.7575,143956.731499999761581],[12225763.0379,144064.48200000077486],[12225620.4184,144061.537300001829863],[12225620.4567,143978.400699999183416],[12225620.463,143964.644000001251698],[12225567.438700001686811,143963.485199999064207],[12225567.7509,144021.642700001597404],[12225569.55290000140667,144155.013199999928474],[12225517.714499998837709,144153.454100001603365],[12225509.5828,144142.034699998795986],[12225508.9151,144123.83049999922514],[12225507.9681,144098.00899999961257],[12225507.9095,144096.412099998444319],[12225515.537999998778105,144085.75620000064373],[12225514.7124,144038.854699999094009],[12225493.96510000154376,144027.332899998873472],[12225493.825399998575449,144020.671300001442432],[12225492.6389,143964.101100001484156],[12225498.0596,143964.407600000500679],[12225512.4615,143965.222100000828505],[12225513.1959,143960.485300000756979],[12225525.6063,143880.440600000321865],[12225485.278099998831749,143853.880199998617172],[12225490.380800001323223,143809.43299999833107],[12225542.4723,143812.974800001829863],[12225542.668000001460314,143817.991900000721216],[12225544.3558,143861.262499999254942],[12225612.3279,143868.329300001263618],[12225630.461800001561642,143753.450199998915195],[12225631.0751,143749.565200001001358],[12225631.7604,143745.223099999129772],[12225465.3176,143743.546599999070168],[12225465.273699998855591,143745.072299998253584],[12225465.2174,143747.026000000536442],[12225464.349,143777.123100001364946],[12225423.374000001698732,143776.144600000232458],[12225425.1017,143747.954599998891354],[12225425.1924,143746.473799999803305],[12225425.294300001114607,143744.807300001382828],[12225379.5378,143745.540899999439716],[12225367.1657,143745.739399999380112],[12225367.503899998962879,143749.406399998813868],[12225373.803100001066923,143817.692800000309944],[12225374.502099998295307,143821.026700001209974],[12225374.731600001454353,143822.121599998325109],[12225384.2623,143867.583500001579523],[12225399.999699998646975,143905.657600000500679],[12225400.126600001007318,143905.964600000530481],[12225373.120700001716614,143920.342199999839067],[12225399.922200001776218,143961.063499998301268],[12225311.7146,143970.048200000077486],[12225187.6105,144025.285399999469519],[12225106.947,144037.498500000685453],[12225093.3046,144039.564300000667572],[12225068.5053,144005.243099998682737],[12225092.6201,143972.015299998223782],[12225010.352400001138449,143969.738200001418591],[12225008.121399998664856,143985.726199999451637],[12224989.3816,143983.798700001090765],[12224982.061299998313189,144015.773299999535084],[12225009.693300001323223,144020.902800001204014],[12225007.782900001853704,144031.134899999946356],[12224978.5623,144026.324400000274181],[12224974.741700001060963,144045.509500000625849],[12224996.656100001186132,144051.275800000876188],[12224993.4723,144067.263300001621246],[12225060.4883,144080.725400000810623],[12225056.3257,144152.674199998378754],[12225073.1415,144193.933499999344349],[12225015.015999998897314,144187.830299999564886],[12225014.7033,144189.702799998223782],[12225006.097600001841784,144241.229400001466274],[12225070.1463,144317.447000000625849],[12225105.801199998706579,144318.023499999195337],[12225111.834600001573563,144321.543999999761581],[12225110.2385,144338.811299998313189],[12225095.303599998354912,144351.27589999884367],[12225096.2518,144361.189399998635054],[12225117.5253,144379.426899999380112],[12225135.313099998980761,144380.074799999594688],[12225136.4897,144390.48369999974966],[12225136.578499998897314,144391.267599999904633],[12225058.435899998992682,144396.987199999392033],[12225093.973499998450279,144479.507199998944998],[12225120.844500001519918,144592.666600000113249],[12225121.23759999871254,144594.321199998259544],[12225171.743099998682737,144592.746100001037121],[12225172.0115,144607.541299998760223],[12225221.9806,144621.890900000929832],[12225241.1133,144644.071400001645088],[12225226.767299998551607,144650.460299998521805],[12225153.919100001454353,144655.542500000447035],[12225021.993099998682737,144691.224800001829863],[12224997.5726,144703.018699999898672],[12224955.2196,144696.281899999827147],[12224967.373399998992682,144598.302499998360872],[12224916.3831,144597.111800000071526],[12224916.274099998176098,144596.336500000208616],[12224913.529800001531839,144576.810899998992682],[12224901.6833,144492.527699999511242],[12224851.4432,144492.285100001841784],[12224818.704300001263618,144539.526200000196695],[12224862.327100001275539,144539.333599999547005],[12224863.1602,144569.393300000578165],[12224893.2302,144569.620600000023842],[12224891.5643,144596.869500000029802],[12224891.5229,144597.5472999997437],[12224898.2725,144597.2820999994874],[12224907.742400001734495,144596.910100001841784],[12224903.0356,144687.9814000017941],[12224785.124699998646975,144669.226100001484156],[12224780.221,144669.0625],[12224674.029599998146296,144665.518399998545647],[12224681.802700001746416,144608.156800001859665],[12224729.1901,144606.163400001823902],[12224775.7736,144604.20380000025034],[12224776.0488,144599.988000001758337],[12224776.57319999858737,144591.945999998599291],[12224760.9567,144590.073100000619888],[12224799.9522,144505.989000000059605],[12224808.650600001215935,144487.232900001108646],[12224810.18299999833107,144388.999099999666214],[12224810.833099998533726,144347.330299999564886],[12224811.69819999858737,144232.773899998515844],[12224837.532699998468161,144232.786100000143051],[12224865.8123,144175.488099999725819],[12224865.9353,144175.239100001752377],[12224903.628199998289347,144176.109299998730421],[12224906.831500001251698,144138.354100000113249],[12224912.9967,144065.683200001716614],[12224935.444699998944998,144062.70890000090003],[12224950.2773,143967.451400000602007],[12224950.549800001084805,143965.703699998557568],[12224918.125100001692772,143965.914200000464916],[12224909.877,143828.071800000965595],[12224981.6254,143839.702500000596046],[12224988.465799998492002,143814.097800001502037],[12225012.669,143814.477699998766184],[12225020.1364,143814.594900000840425],[12225019.793699998408556,143745.159600000828505],[12225025.801199998706579,143746.372099999338388],[12225027.964200001209974,143746.808600001037121],[12225034.164700001478195,143722.665800001472235],[12225069.822999998927116,143726.221900001168251],[12225089.8371,143648.461100000888109],[12225108.2251,143651.01069999858737],[12225223.217500001192093,143666.954799998551607]],[[12225869.442499998956919,141450.603900000452995],[12225818.885499998927116,141660.048200000077486],[12225284.846099998801947,141623.988099999725819],[12225287.249699998646975,141616.950500000268221],[12225351.406100001186132,141436.363099999725819],[12225349.11540000140667,141435.813000001013279],[12225356.710099998861551,141413.576299998909235],[12225313.971500001847744,141407.621800001710653],[12225383.2635000012815,141229.588599998503923],[12225551.2438,141236.548000000417233],[12225665.8669,141241.296799998730421],[12225713.814,141243.283300001174212],[12225747.4811,141244.677999999374151],[12225746.733399998396635,141246.959199998527765],[12225687.0539,141412.395399998873472],[12225692.449299998581409,141412.539200000464916],[12225692.068599998950958,141413.700599998235703],[12225685.9863,141432.252900000661612],[12225765.5882,141440.215399999171495],[12225772.432500001043081,141440.899999998509884],[12225869.442499998956919,141450.603900000452995]],[[12220752.154800001531839,142667.531800001859665],[12220838.799800001084805,142660.76630000025034],[12220891.4883,142687.399500001221895],[12220896.86430000141263,142738.00620000064373],[12220869.2537,142792.979899998754263],[12220873.145599998533726,142792.962200000882149],[12220900.216899998486042,142792.838899999856949],[12220960.000999998301268,142792.566399998962879],[12220961.853300001472235,142792.557799998670816],[12220982.1199,142792.465599998831749],[12220984.5841,142790.02930000051856],[12221030.671300001442432,142744.469200000166893],[12221052.370000001043081,142711.408599998801947],[12221050.7837,142676.740100000053644],[12221037.8673,142675.454900000244379],[12221033.6409,142638.165300000458956],[12221033.1354,142633.705200001597404],[12221032.747299998998642,142630.282000001519918],[12221032.2267,142625.689100001007318],[12221031.699299998581409,142621.036499999463558],[12221031.597600001841784,142620.138999998569489],[12221031.1338,142616.046500001102686],[12221030.7102,142612.309500001370907],[12221030.031,142606.316399998962879],[12221028.58839999884367,142593.588199999183416],[12221002.6094,142570.957100000232458],[12220996.8156,142565.90989999845624],[12220996.6288,142560.316300000995398],[12221112.5211,142561.367300000041723],[12221114.939599998295307,142638.540899999439716],[12221067.5295,142640.293800000101328],[12221067.77760000154376,142643.716899998486042],[12221070.2647,142678.028599999845028],[12221095.6749,142678.680300001055002],[12221101.1294,142787.406100001186132],[12221209.964899998158216,142782.850999999791384],[12221217.44029999896884,142782.538100000470877],[12221217.642900001257658,142786.292899999767542],[12221217.75,142788.278000000864267],[12221224.0651,142905.30290000140667],[12221239.102000001817942,142984.453299999237061],[12221264.117400001734495,143011.031599998474121],[12221337.127300001680851,143008.267400000244379],[12221360.4413,143020.776500001549721],[12221362.102200001478195,143045.499299999326468],[12221364.2066,143076.82149999961257],[12221369.093899998813868,143076.555300001055002],[12221375.8537,143076.187399998307228],[12221396.073600001633167,143061.909000001847744],[12221453.3523,143060.203000001609325],[12221502.914299998432398,143061.964800000190735],[12221536.374000001698732,143116.682900000363588],[12221536.1008,143134.80350000038743],[12221543.631900001317263,143161.721400000154972],[12221543.539299998432398,143190.278200000524521],[12221542.827,143190.336800001561642],[12221519.2051,143192.280099999159575],[12221400.2187,143202.068300001323223],[12221370.8092,143204.48759999871254],[12221353.765700001269579,143205.889699999243021],[12221367.7867,143255.384300000965595],[12221381.3646,143303.313299998641014],[12221396.046300001442432,143355.1385000012815],[12221405.470199998468161,143385.570999998599291],[12221390.7705,143387.739900000393391],[12221394.462699998170137,143415.988499999046326],[12221357.931699998676777,143422.366500001400709],[12221359.5141,143434.891800001263618],[12221412.9698,143462.098400000482798],[12221429.5269,143463.259899999946356],[12221431.890500001609325,143470.8935999982059],[12221396.1684,143522.071299999952316],[12221387.25959999859333,143534.83500000089407],[12221402.3319,143568.152199998497963],[12221456.723700001835823,143551.090300001204014],[12221507.6875,143546.67119999974966],[12221530.613000001758337,143582.275100000202656],[12221539.742400001734495,143596.452899999916553],[12221541.2533,143598.799499999731779],[12221541.9358000010252,143599.859299998730421],[12221513.041000001132488,143650.640799999237061],[12221508.9234,143651.823100000619888],[12221502.7064,143653.6081000007689],[12221471.4256,143662.589499998837709],[12221457.44709999859333,143666.603100001811981],[12221457.494600001722574,143672.363600000739098],[12221457.526099998503923,143676.193500000983477],[12221457.9021,143721.831799998879433],[12221457.9096,143722.726500000804663],[12221457.923700001090765,143724.432000000029802],[12221457.9276,143724.909200001507998],[12221457.9478,143727.360599998384714],[12221439.420400001108646,143724.686999998986721],[12221434.1303,143716.157000001519918],[12221411.8961,143715.613499999046326],[12221410.823399998247623,143744.925700001418591],[12221334.063499998301268,143740.625100001692772],[12221318.196400001645088,143709.705899998545647],[12221298.603300001472235,143720.888599999248981],[12221274.796500001102686,143687.300599999725819],[12221289.6224,143681.445300001651049],[12221262.1058,143656.38289999961853],[12221184.2821,143662.208000000566244],[12221182.701299998909235,143646.751600001007318],[12221095.72520000115037,143670.633200000971556],[12221091.633900001645088,143671.756799999624491],[12221085.6912,143654.780099999159575],[12221078.9456,143635.509500000625849],[12221071.5486,143605.127199999988079],[12221074.2086,143577.414799999445677],[12221080.4503,143565.791600000113249],[12221081.9183,143563.058100000023842],[12221088.515,143550.773699998855591],[12221001.723900001496077,143488.908599998801947],[12220975.2835,143427.605799999088049],[12220955.693599998950958,143432.392900001257658],[12220932.9346,143422.788699999451637],[12220931.356199998408556,143401.469700001180172],[12220863.0902,143412.287300001829863],[12220840.823399998247623,143415.815900001674891],[12220838.7154,143395.562600001692772],[12220818.56529999896884,143397.143899999558926],[12220817.594300001859665,143374.799100000411272],[12220762.959199998527765,143043.850600000470877],[12220752.2075,143044.920000001788139],[12220750.347199998795986,143019.06529999896884],[12220726.0117,143020.118599999696016],[12220715.4186,143020.577300000935793],[12220713.0819,142930.195500001311302],[12220712.997499998658895,142926.933299999684095],[12220679.960299998521805,142934.272300001233816],[12220616.741099998354912,142930.692899998277426],[12220617.1477,142767.000399999320507],[12220673.1714,142761.44200000166893],[12220668.673099998384714,142713.089899998158216],[12220713.083500001579523,142711.625900000333786],[12220716.1719,142711.524099998176098],[12220743.615899998694658,142710.619500000029802],[12220752.826499998569489,142710.315799999982119],[12220752.5728,142705.879000000655651],[12220752.509,142704.762499999254942],[12220750.386300001293421,142667.669900000095367],[12220751.260499998927116,142667.601599998772144],[12220752.154800001531839,142667.531800001859665]],[[12220592.6479,142377.093800000846386],[12220570.562800001353025,142341.108800001442432],[12220556.546799998730421,142314.187800001353025],[12220532.066399998962879,142306.581300001591444],[12220532.713100001215935,142253.135400000959635],[12220710.3996,142241.059900000691414],[12220710.4646,142103.157600000500679],[12220690.9639,142142.375100001692772],[12220689.288199998438358,142119.452500000596046],[12220687.258699998259544,142091.690900001674891],[12220672.691599998623133,142111.22520000115037],[12220668.6785,142116.60700000077486],[12220639.5836,142155.622900001704693],[12220544.521699998527765,142094.657900001853704],[12220579.1349,141999.772799998521805],[12220572.148200001567602,141993.3614999987185],[12220584.2199,141971.780099999159575],[12220586.930599998682737,141974.211100000888109],[12220643.087000001221895,141900.887200001627207],[12220649.2841,141906.041400000452995],[12220724.6895,141975.3614999987185],[12220739.265700001269579,141936.729299999773502],[12220686.739,141891.901700001209974],[12220671.359900001436472,141905.385800000280142],[12220642.3873,141881.388999998569489],[12220654.137899998575449,141864.079100001603365],[12220647.5893,141858.49040000140667],[12220650.0942,141854.012099999934435],[12220666.2084,141825.203400000929832],[12220595.9731,141772.119800001382828],[12220619.1056,141751.955800000578165],[12220321.046,141546.639499999582767],[12220313.0568,141558.292500000447035],[12220285.1844,141537.226399999111891],[12220268.7819,141561.05460000038147],[12220237.5068,141606.48759999871254],[12220267.1941,141625.186999998986721],[12220267.1032,141625.319600000977516],[12220291.7044,141642.849500000476837],[12220265.2692,141684.1722999997437],[12220254.6307,141683.357500001788139],[12220222.2401,141680.876800000667572],[12220221.455699998885393,141681.49040000140667],[12220212.520100001245737,141688.48030000180006],[12220201.599800001829863,141697.022599998861551],[12220194.9406,141702.231899999082088],[12219968.265500001609325,141535.273499999195337],[12220025.213599998503923,141450.4695999994874],[12220158.1239,141553.15430000051856],[12220162.185899998992682,141547.583399999886751],[12220183.6166,141562.777800001204014],[12220208.4831,141525.427700001746416],[12220234.4366,141486.444699998944998],[12220237.2001,141488.467399999499321],[12220261.2,141489.677700001746416],[12220261.2102,141489.678199999034405],[12220263.3757,141489.787399999797344],[12220328.700199998915195,141493.081500001251698],[12220357.56810000166297,141494.537300001829863],[12220359.318799998611212,141494.625599998980761],[12220393.1593,141521.198300000280142],[12220393.302299998700619,141521.310600001364946],[12220373.061099998652935,141556.720100000500679],[12220498.823600001633167,141637.258400000631809],[12220512.4245,141614.849599998444319],[12220546.2308,141641.395500000566244],[12220675.843899998813868,141743.172400001436472],[12220778.0874,141836.245799999684095],[12220791.90089999884367,141815.657200001180172],[12220807.127700001001358,141816.303199999034405],[12220817.239500001072884,141816.732200000435114],[12220795.961199998855591,141840.651299998164177],[12220820.1114999987185,141855.3277000002563],[12220825.867400001734495,141858.825500000268221],[12220838.3532,141866.41330000013113],[12220873.762200001627207,141881.459499999880791],[12220869.6226,141903.202100001275539],[12220867.847800001502037,141962.839099999517202],[12220871.7898,142023.597800001502037],[12220874.7909,142058.294599998742342],[12220906.371399998664856,142109.313499998301268],[12220882.5381,142132.006000000983477],[12220817.2304,142204.08390000090003],[12220817.2892,142207.193799998611212],[12220817.6954,142228.706599999219179],[12220742.7342,142227.391699999570847],[12220715.5753,142230.096700001507998],[12220715.5013,142386.945599999278784],[12220734.4529,142388.620099999010563],[12220730.073600001633167,142413.667100001126528],[12220738.2056,142428.993500001728535],[12220732.092300001531839,142459.751600001007318],[12220731.838599998503923,142461.028099998831749],[12220726.9879,142502.402699999511242],[12220721.0396,142503.423300001770258],[12220719.244600001722574,142503.731300000101328],[12220714.097199998795986,142473.616999998688698],[12220699.80689999833703,142466.94819999858737],[12220688.41160000115633,142495.855500001460314],[12220666.7066,142495.312300000339746],[12220667.0658,142461.578099999576807],[12220668.4534,142439.752300001680851],[12220646.9175,142439.226799998432398],[12220647.3264,142435.40989999845624],[12220648.4762,142424.686799999326468],[12220620.1584,142424.035500001162291],[12220592.6479,142377.093800000846386]],[[12223187.1666,141257.0320999994874],[12223116.9641,141243.359600000083447],[12223107.140500001609325,141241.44649999961257],[12223081.0,141236.355399999767542],[12223082.6092,141142.468299999833107],[12223190.3453,141137.674100000411272],[12223209.416499998420477,141187.351500000804663],[12223200.4106,141245.109499998390675],[12223187.1666,141257.0320999994874]],[[12223145.5554,141810.811599999666214],[12223291.320999998599291,141873.95549999922514],[12223247.574299998581409,141954.36879999935627],[12223107.4111,141891.209899999201298],[12223145.5554,141810.811599999666214]],[[12221490.3953,149419.748700000345707],[12221483.178,149418.238699998706579],[12221474.374000001698732,149399.39809999987483],[12221463.8222,149376.817200001329184],[12221470.822500001639128,149352.11769999936223],[12221470.6464,149351.3293999992311],[12221466.8209,149334.203299999237061],[12221465.1967,149326.932000000029802],[12221474.148400001227856,149309.993000000715256],[12221476.032900001853704,149306.427000001072884],[12221477.9175,149302.860800001770258],[12221481.7724,149295.566300000995398],[12221484.0346,149291.285599999129772],[12221487.7187,149287.99210000038147],[12221504.770100001245737,149272.748399998992682],[12221535.3834,149244.223200000822544],[12221599.4362,149255.234299998730421],[12221642.4144,149274.01630000025034],[12221702.5572,149269.036299999803305],[12221703.169100001454353,149272.031899999827147],[12221705.8596,149285.204199999570847],[12221707.521899998188019,149293.342199999839067],[12221694.9701,149302.716299999505281],[12221697.4481,149322.802299998700619],[12221698.695799998939037,149332.915300000458956],[12221699.17680000141263,149336.814399998635054],[12221700.009399998933077,149343.563400000333786],[12221700.454300001263618,149347.168800000101328],[12221701.020599998533726,149348.822799999266863],[12221715.7078,149391.717199999839067],[12221716.26069999858737,149393.331999998539686],[12221729.231600001454353,149397.770199999213219],[12221736.8512,149400.377399999648333],[12221738.945300001651049,149400.169700000435114],[12221762.7735,149397.808100000023842],[12221764.502500001341105,149397.636700000613928],[12221767.460099998861551,149397.343600001186132],[12221772.1642,149396.877399999648333],[12221788.5163,149409.890099998563528],[12221791.21339999884367,149409.758799999952316],[12221819.0977,149408.401200000196695],[12221821.022599998861551,149408.307500001043081],[12221823.350000001490116,149409.100999999791384],[12221839.2478,149414.520799998193979],[12221842.267,149415.550200000405312],[12221843.253899998962879,149415.886599998921156],[12221858.4798,149420.140000000596046],[12221868.291299998760223,149422.881000000983477],[12221873.63060000166297,149423.672699999064207],[12221908.682100001722574,149428.870299998670816],[12221909.541700001806021,149440.9070999994874],[12221915.7275,149527.526900000870228],[12221932.869800001382828,149548.960799999535084],[12221930.7978,149563.776500001549721],[12221942.0143,149577.85249999910593],[12221944.2779,149585.41609999909997],[12221948.092500001192093,149598.16160000115633],[12221941.8413,149606.686200000345707],[12221936.8055,149607.890599999576807],[12221928.4989,149609.877399999648333],[12221914.267099998891354,149605.276000000536442],[12221868.348900001496077,149590.429699998348951],[12221866.0916,149589.69990000128746],[12221850.2412,149562.603199999779463],[12221846.491700001060963,149556.193300001323223],[12221845.46229999884963,149554.433600001037121],[12221845.0577,149551.195099998265505],[12221844.824299998581409,149549.327100001275539],[12221844.095199998468161,149543.492300000041723],[12221844.0773,149543.34910000115633],[12221839.6882,149508.222100000828505],[12221835.561099998652935,149503.187399998307228],[12221831.8865,149498.7043999992311],[12221819.21229999884963,149483.242300000041723],[12221805.4886,149473.50789999961853],[12221800.2438,149469.787599999457598],[12221795.539099998772144,149466.450599998235703],[12221777.668499998748302,149453.774700000882149],[12221739.934300001710653,149450.962499998509884],[12221734.480500001460314,149450.556099999696016],[12221714.6714,149449.079799998551607],[12221711.9731,149447.072700001299381],[12221709.3636,149445.131400000303984],[12221695.2516999989748,149434.633699998259544],[12221673.0676,149418.131000000983477],[12221665.537300001829863,149419.017599999904633],[12221656.7535,149420.05180000141263],[12221656.216899998486042,149420.114999998360872],[12221631.883299998939037,149422.980000000447035],[12221590.825399998575449,149427.813999999314547],[12221551.226100001484156,149432.476300001144409],[12221536.283100001513958,149429.349700000137091],[12221535.5887,149429.204500000923872],[12221512.2758,149424.326799999922514],[12221500.465999998152256,149421.855700001120567],[12221492.790199998766184,149420.249800000339746],[12221490.3953,149419.748700000345707]],[[12222604.0132,149229.900400001555681],[12222625.939100001007318,149212.64299999922514],[12222643.4109,149209.45380000025034],[12222676.439100001007318,149223.540800001472235],[12222705.3215,149270.88289999961853],[12222705.5729,149284.393199998885393],[12222705.8752,149300.636199999600649],[12222706.3235,149324.720600001513958],[12222706.5594,149337.398299999535084],[12222683.68189999833703,149352.096999999135733],[12222683.455699998885393,149359.409699998795986],[12222682.0684,149404.220899999141693],[12222713.122000001370907,149403.811999998986721],[12222748.954599998891354,149403.34010000154376],[12222752.2681,149403.296399999409914],[12222753.8668,149381.551699999719858],[12222833.5126,149377.79619999974966],[12222833.617600001394749,149400.814699999988079],[12222833.8076,149442.530900001525879],[12222827.4426,149443.031700000166893],[12222714.937199998646975,149451.884199999272823],[12222702.785100001841784,149449.449400000274181],[12222701.9327,149449.2787000015378],[12222670.850900001823902,149443.051199998706579],[12222652.495299998670816,149439.373700000345707],[12222606.437600001692772,149430.145799998193979],[12222606.138799998909235,149430.085900001227856],[12222605.863200001418591,149424.481100000441074],[12222605.132199998944998,149409.615899998694658],[12222604.805300001055002,149402.970199998468161],[12222604.7198,149401.230399999767542],[12222604.4932,149396.622900001704693],[12222603.096700001507998,149368.224700000137091],[12222602.415600001811981,149354.373500000685453],[12222602.364500001072884,149353.335900001227856],[12222604.772100001573563,149348.660999998450279],[12222611.5852,149335.432700000703335],[12222609.989999998360872,149324.421399999409914],[12222605.188299998641014,149291.275499999523163],[12222600.1882,149256.760299999266863],[12222603.5433,149233.199999999254942],[12222604.0132,149229.900400001555681]],[[12222820.112100001424551,149275.358500000089407],[12222814.3488,149276.506799999624491],[12222808.5401,149277.664099998772144],[12222806.77,149278.016800001263618],[12222806.329100001603365,149277.049300000071526],[12222800.5442,149264.353199999779463],[12222799.697700001299381,149262.495299998670816],[12222798.834399998188019,149260.600400000810623],[12222783.1098,149226.089600000530481],[12222775.3363,149209.028900001198053],[12222770.914,149199.323300000280142],[12222769.2271,149195.620999999344349],[12222767.5401,149191.918499998748302],[12222771.7654,149170.655200000852346],[12222776.4456,149147.103799998760223],[12222779.1477,149147.982099998742342],[12222814.874499998986721,149159.594300001859665],[12222823.327599998563528,149195.520899999886751],[12222822.401700001209974,149218.510099999606609],[12222822.395,149218.675200000405312],[12222820.768399998545647,149259.063000001013279],[12222820.112100001424551,149275.358500000089407]],[[12220873.223700001835823,149202.077300000935793],[12220872.5126,149207.765399999916553],[12220871.555100001394749,149211.928399998694658],[12220867.638099998235703,149228.959600001573563],[12220863.0035,149233.687399998307228],[12220860.879299998283386,149259.608500000089407],[12220860.8774,149259.631799999624491],[12220859.323600001633167,149278.590700000524521],[12220858.210099998861551,149292.178599998354912],[12220866.7724,149293.163199998438358],[12220875.0838,149294.11879999935627],[12220871.9362,149298.2939000017941],[12220867.4023,149304.308100000023842],[12220808.9712999984622,149300.414799999445677],[12220783.963100001215935,149288.343699999153614],[12220763.118,149288.133400000631809],[12220758.8957,149315.753600001335144],[12220758.298099998384714,149319.662799999117851],[12220760.087499998509884,149340.982400000095367],[12220731.270599998533726,149375.824200000613928],[12220637.674600001424551,149370.767299998551607],[12220634.0115,149369.355799999088049],[12220606.866,149358.896699998527765],[12220554.932300001382828,149356.952100001275539],[12220477.6448,149373.531800001859665],[12220477.7953,149364.91780000180006],[12220478.4894,149325.248100001364946],[12220478.5982,149319.036200001835823],[12220473.8946,149308.915500000119209],[12220471.723299998790026,149304.242899999022484],[12220457.309999998658895,149278.120200000703335],[12220405.733800001442432,149276.482200000435114],[12220395.0238,149255.157999999821186],[12220406.2828,149236.509799998253584],[12220347.7837999984622,149206.860199999064207],[12220347.269499998539686,149195.938099998980761],[12220347.0905,149192.130399998277426],[12220345.3602,149155.370099999010563],[12220345.112,149150.098000001162291],[12220347.758299998939037,149148.418600000441074],[12220351.784200001507998,149145.864100001752377],[12220380.4093,149144.582600001245737],[12220386.1628,149144.325100000947714],[12220503.642700001597404,149150.841899998486042],[12220516.079999998211861,149158.176399998366833],[12220520.4162,149158.153599999845028],[12220523.6994,149158.136399999260902],[12220524.6523,149158.131400000303984],[12220538.310899998992682,149158.05970000103116],[12220546.5696,149158.01630000025034],[12220550.169599998742342,149157.997400000691414],[12220556.204799998551607,149157.965700000524521],[12220562.402800001204014,149157.933100000023842],[12220573.124000001698732,149143.300299998372793],[12220576.480999998748302,149138.718600001186132],[12220577.495900001376867,149137.333399999886751],[12220581.1554,149132.338799998164177],[12220581.321400001645088,149132.112199999392033],[12220592.1351,149117.353199999779463],[12220595.663800001144409,149112.537000000476837],[12220595.7779,149112.381299998611212],[12220598.1813,149069.345100000500679],[12220671.988400001078844,149070.436900001019239],[12220670.3688,149134.125900000333786],[12220665.7432,149147.234700001776218],[12220653.602200001478195,149159.108899999409914],[12220656.131299998611212,149161.657299999147654],[12220673.3655,149179.024999998509884],[12220682.6824,149180.361999999731779],[12220778.656,149166.636500000953674],[12220802.500599998980761,149164.650299999862909],[12220804.373399998992682,149164.494300000369549],[12220808.1494,149156.368400000035763],[12220823.8997,149155.177200000733137],[12220830.0504,149162.241900000721216],[12220878.491999998688698,149159.934500001370907],[12220875.7797,149181.630899999290705],[12220873.223700001835823,149202.077300000935793]],[[12220325.8405,149083.403900001198053],[12220325.811900001019239,149086.049100000411272],[12220312.3611,149094.037300001829863],[12220307.261599998921156,149089.945000000298023],[12220306.029599998146296,149088.956199999898672],[12220304.405000001192093,149087.652499999850988],[12220300.9305,149084.864199999719858],[12220291.2823,149090.978199999779463],[12220285.4668,149094.663400001823902],[12220285.4038,149096.828299999237061],[12220285.2363,149102.583299998193979],[12220285.1442,149105.749200001358986],[12220286.754999998956919,149106.213300000876188],[12220291.8132,149107.67119999974966],[12220292.096,149110.66780000180006],[12220292.8453,149118.608399998396635],[12220292.4956,149118.910300001502037],[12220290.2198,149120.875799998641014],[12220284.554499998688698,149125.768500000238419],[12220283.545200001448393,149126.640399999916553],[12220281.5962999984622,149126.799499999731779],[12220278.356600001454353,149127.063799999654293],[12220275.640700001269579,149136.006799999624491],[12220279.956300001591444,149138.615100000053644],[12220282.184999998658895,149139.961899999529123],[12220285.272799998521805,149141.827899999916553],[12220289.592,149144.438299998641014],[12220290.589200001209974,149145.041000001132488],[12220292.161899998784065,149145.991500001400709],[12220293.247299998998642,149146.64750000089407],[12220293.2947,149146.676100000739098],[12220292.3838,149161.805300001055002],[12220292.362300001084805,149162.164700001478195],[12220292.268399998545647,149162.089099999517202],[12220289.396200001239777,149159.773499999195337],[12220282.4996,149154.21339999884367],[12220280.160999998450279,149152.328000001609325],[12220230.779199998825788,149112.515500001609325],[12220230.162,149112.01799999922514],[12220228.4406,149110.630199998617172],[12220228.24720000103116,149110.474300000816584],[12220224.3162,149107.30519999936223],[12220228.507800001651049,149088.06980000063777],[12220229.1492,149085.126600001007318],[12220230.0473,149081.005100000649691],[12220210.4558,149066.934599999338388],[12220181.6758,149094.282499998807907],[12220177.7762,149097.988099999725819],[12220175.9457,149097.192899998277426],[12220172.5359,149095.71169999986887],[12220169.789500001817942,149094.518500000238419],[12220169.164,149072.73930000141263],[12220169.057799998670816,149069.041700001806021],[12220164.8515,148922.572200000286102],[12220164.4712999984622,148909.335299998521805],[12220163.9560999982059,148891.396200001239777],[12220199.0354,148878.422800000756979],[12220199.0883,148826.195099998265505],[12220199.109299998730421,148826.210099998861551],[12220220.908,148841.830600000917912],[12220228.6769,148868.216400001198053],[12220227.476,148887.962200000882149],[12220240.007199998944998,148894.418200001120567],[12220259.6288,148904.526900000870228],[12220282.9019,148892.706799998879433],[12220301.6166,148878.537099998444319],[12220315.6133,148834.335200000554323],[12220329.1521,148834.559399999678135],[12220338.341400001198053,148834.71169999986887],[12220362.1464,148835.105999998748302],[12220380.8816,148846.627500001341105],[12220402.8754,148851.994899999350309],[12220415.6459,148881.980599999427795],[12220418.938299998641014,148908.946400001645088],[12220419.5213,148913.721099998801947],[12220429.909200001507998,148943.785399999469519],[12220445.1424,148970.654699999839067],[12220453.554000001400709,148982.890500001609325],[12220440.8334,149013.343199998140335],[12220452.5845,149016.307199999690056],[12220438.035100001841784,149051.475699998438358],[12220397.203899998217821,149080.075699999928474],[12220372.89979999884963,149089.656899999827147],[12220353.0810999982059,149087.578899998217821],[12220349.7073,149087.22520000115037],[12220344.5515,149086.684500001370907],[12220343.4245,149085.018399998545647],[12220335.357299998402596,149073.092300001531839],[12220334.1673,149071.333200000226498],[12220333.1043,149069.761599998921156],[12220330.7579,149069.970600001513958],[12220327.7797,149070.236000001430511],[12220325.9814000017941,149070.396299999207258],[12220325.841400001198053,149083.318900000303984],[12220325.8405,149083.403900001198053]],[[12220788.7531,148575.754200000315905],[12220791.8733000010252,148555.369500000029802],[12220808.1534,148553.11259999871254],[12220810.313299998641014,148467.172699999064207],[12220919.212699998170137,148459.021899998188019],[12220924.287999998778105,148458.642000000923872],[12220926.177299998700619,148384.027399998158216],[12220920.930100001394749,148384.120400000363588],[12220834.021200001239777,148385.660500001162291],[12220803.79,148336.079500000923872],[12220787.136999998241663,148289.063499998301268],[12220784.4894,148281.297800000756979],[12220770.6435999982059,148240.688499998301268],[12220771.68299999833107,148226.218899998813868],[12220799.5579,148222.475400000810623],[12220813.7845,148197.219799999147654],[12220860.0832,148192.126299999654293],[12220852.550700001418591,148168.61879999935627],[12220839.0739,148121.764400001615286],[12220858.254700001329184,148115.138300001621246],[12220877.4357,148108.51240000128746],[12220920.2553,148104.661499999463558],[12220922.80009999871254,148104.432700000703335],[12220913.364500001072884,148075.567899998277426],[12220950.844700001180172,148078.624400001019239],[12220976.6562,148071.682000000029802],[12221017.0748,148074.180599998682737],[12221032.5614,148071.070199999958277],[12221090.0312,148118.106499999761581],[12221108.6855,148132.745799999684095],[12221126.8508,148172.887099999934435],[12221131.693599998950958,148175.447700001299381],[12221131.785500001162291,148183.58559999987483],[12221131.7896,148183.948699999600649],[12221132.4124,148239.067400000989437],[12221132.9034,148282.512200001627207],[12221132.910300001502037,148283.127000000327826],[12221133.215799998492002,148310.155999999493361],[12221134.704300001263618,148310.441300000995398],[12221193.006,148321.618000000715256],[12221225.711,148346.736999999731779],[12221248.92509999871254,148347.015000000596046],[12221248.798700001090765,148356.773800000548363],[12221248.301199998706579,148395.172400001436472],[12221248.295899998396635,148395.584800001233816],[12221248.203699998557568,148402.703600000590086],[12221250.492400001734495,148402.817999999970198],[12221370.8206,148408.837699998170137],[12221370.583099998533726,148460.96169999986887],[12221463.0114,148461.799199998378754],[12221470.5572,148461.867499999701977],[12221472.7375,148603.904899999499321],[12221475.735399998724461,148698.108399998396635],[12221474.973700001835823,148701.593299999833107],[12221474.6332,148703.151599999517202],[12221473.348000001162291,148709.03319999948144],[12221476.7427,148803.370299998670816],[12221479.890099998563528,148862.531500000506639],[12221384.1728,148864.749000001698732],[12221374.474599998444319,148885.530099999159575],[12221365.624499998986721,148890.0439000017941],[12221352.552000001072884,148896.711399998515844],[12221249.0709,148896.330800000578165],[12221151.4848,148895.971599999815226],[12221131.8504,148895.829199999570847],[12221127.8207,148895.800000000745058],[12221126.7194,148975.8462999984622],[12220922.772,148969.820799998939037],[12220811.30970000103116,148966.52760000154376],[12220815.0634,148918.261500000953674],[12220699.0291,148917.217700000852346],[12220713.6336,148863.259100001305342],[12220713.6455,148863.215399999171495],[12220716.245000001043081,148830.55629999935627],[12220716.8099,148758.286200001835823],[12220745.391600001603365,148770.665399998426437],[12220779.694699998944998,148775.159499999135733],[12220829.0423,148760.154399998486042],[12220862.255199998617172,148720.918000001460314],[12220868.404800001531839,148703.439699999988079],[12220862.068799998611212,148669.113299999386072],[12220863.3407,148651.349300000816584],[12220863.8281,148644.544199999421835],[12220813.471099998801947,148639.522700000554323],[12220801.780699998140335,148594.014600001275539],[12220788.7531,148575.754200000315905]],[[12220692.5185999982059,147710.666600000113249],[12220630.9243,147712.697799999266863],[12220612.5011,147712.475499998778105],[12220591.329999998211861,147703.084800001233816],[12220590.524,147618.662599999457598],[12220590.821400001645088,147603.884399998933077],[12220590.890299998223782,147600.466499999165535],[12220590.846099998801947,147600.4662000015378],[12220572.929499998688698,147600.335700001567602],[12220571.2366,147600.323399998247623],[12220570.7374,147558.551899999380112],[12220565.750799998641014,147525.772300001233816],[12220574.4135,147511.386500000953674],[12220576.2047,147511.271899998188019],[12220600.460499998182058,147509.720600001513958],[12220645.6928,147493.300900001078844],[12220645.915399998426437,147493.783399999141693],[12220661.8884,147528.418099999427795],[12220676.6329,147553.807900000363588],[12220710.848499998450279,147602.20719999819994],[12220713.252,147605.60700000077486],[12220716.484499998390675,147605.693900000303984],[12220723.3171,147605.87779999896884],[12220757.0222,147606.785000000149012],[12220763.165,147602.357400000095367],[12220847.902399998158216,147541.284699998795986],[12220848.7326,147496.262899998575449],[12220849.550299998372793,147447.630300000309944],[12220973.165800001472235,147446.092700000852346],[12220944.1664,147476.457100000232458],[12220942.024500001221895,147526.421599999070168],[12220947.052000001072884,147529.755199998617172],[12220946.4067,147550.327300000935793],[12221019.971700001507998,147549.830899998545647],[12221034.7108,147549.731499999761581],[12221034.708,147550.183400001376867],[12221034.3668,147604.413600001484156],[12221020.234499998390675,147604.505300000309944],[12221008.659400001168251,147604.58049999922514],[12221006.1023,147604.596999999135733],[12220921.5581,147605.145399998873472],[12220921.5559,147609.014400001615286],[12220921.5379,147640.418400000780821],[12220921.5372,147641.776200000196695],[12220923.2168,147641.816799998283386],[12221035.48930000141263,147644.531899999827147],[12221035.8504,147718.001499999314547],[12221036.5984,147812.976399999111891],[12221035.8642,147852.389199998229742],[12221034.329,147901.636599998921156],[12221023.724599998444319,147935.07490000128746],[12221025.68,147996.10080000013113],[12220956.1981,147992.735100001096725],[12220948.03489999845624,148013.490100000053644],[12220910.223900001496077,148016.662000000476837],[12220907.2958,148016.907600000500679],[12220899.4172,148033.581399999558926],[12220897.4388,148037.768399998545647],[12220903.781399998813868,148058.848700001835823],[12220855.571899998933077,148060.041499998420477],[12220753.435400001704693,148062.56870000064373],[12220702.6596,148063.82490000128746],[12220717.8418,147946.158399999141693],[12220686.699499998241663,147889.547400001436472],[12220634.703499998897314,147891.932300001382828],[12220633.1162,147892.005199998617172],[12220632.96,147879.197299998253584],[12220631.37220000103116,147749.334300000220537],[12220632.960499998182058,147749.350099999457598],[12220700.197500001639128,147750.017400000244379],[12220701.675700001418591,147710.364599999040365],[12220692.5185999982059,147710.666600000113249]],[[12222735.231600001454353,147943.403499998152256],[12222692.316799998283386,147938.723000001162291],[12222692.034400001168251,147938.692299999296665],[12222689.744800001382828,147908.14469999819994],[12222689.67509999871254,147907.21510000154376],[12222689.50959999859333,147905.00730000063777],[12222656.928599998354912,147874.953000001609325],[12222654.9151,147873.095600001513958],[12222635.301,147855.002399999648333],[12222634.4764,147854.241700001060963],[12222634.687199998646975,147854.232099998742342],[12222718.3358,147850.445300001651049],[12222718.299400001764297,147848.254099998623133],[12222718.264199998229742,147846.129099998623133],[12222715.8664,147700.786200001835823],[12222713.386,147575.430599998682737],[12222715.5482,147575.210099998861551],[12222825.2388,147564.013799998909235],[12222825.9463,147719.010099999606609],[12222825.991,147728.795800000429153],[12222826.0154,147734.151999998837709],[12222826.382399998605251,147814.559399999678135],[12222826.978500001132488,147945.119699999690056],[12222827.1463,147981.927200000733137],[12222827.156399998813868,147984.150699999183416],[12222786.1395,147986.066199999302626],[12222784.165199998766184,147984.411499999463558],[12222747.5013,147953.686200000345707],[12222741.8591,147948.957600001245737],[12222735.231600001454353,147943.403499998152256]],[[12220419.776700001209974,148771.870299998670816],[12220356.919599998742342,148725.623399998992682],[12220350.7678,148721.097199998795986],[12220347.4681,148731.901000000536442],[12220337.6173,148764.154399998486042],[12220334.1025,148764.871199999004602],[12220328.456500001251698,148766.022700000554323],[12220293.636,148686.880699999630451],[12220288.113200001418591,148674.327899999916553],[12220287.7027,148673.394900001585484],[12220277.534000001847744,148650.282600000500679],[12220266.7152,148650.365899998694658],[12220265.4888,148650.375300001353025],[12220238.3838,148650.584100000560284],[12220214.3352,148650.769499998539686],[12220211.335900001227856,148650.792599998414516],[12220210.994,148650.795099999755621],[12220199.265700001269579,148650.885499998927116],[12220199.2813,148635.478300001472235],[12220199.284400001168251,148632.456900000572205],[12220199.4676,148451.267400000244379],[12220199.532499998807907,148387.045800000429153],[12220275.434999998658895,148386.535700000822544],[12220314.7383,148386.271600000560284],[12220312.4241,148409.427700001746416],[12220316.147300001233816,148410.086899999529123],[12220316.440000001341105,148410.138700000941753],[12220317.1224,148410.259500000625849],[12220320.078200001269579,148410.782699998468161],[12220320.3367,148410.828400000929832],[12220340.645799998193979,148414.423599999397993],[12220340.8821,148414.465500000864267],[12220345.9809,148415.368099998682737],[12220345.996,148415.370700001716614],[12220387.0213,148422.633200000971556],[12220392.906399998813868,148423.674899999052286],[12220395.780699998140335,148424.183800000697374],[12220395.8704,148424.199499998241663],[12220446.7483000010252,148433.206000000238419],[12220446.9021,148433.233300000429153],[12220457.8310999982059,148435.167899999767542],[12220459.3803,148435.442200001329184],[12220480.8162,148439.236600000411272],[12220485.1444,148440.002900000661612],[12220516.2562,148445.510200001299381],[12220560.3825,148457.089899998158216],[12220583.032699998468161,148473.516600001603365],[12220608.3272,148495.031899999827147],[12220624.867600001394749,148509.101100001484156],[12220643.0805,148524.592999998480082],[12220655.4773,148535.137600000947714],[12220653.860100001096725,148536.980500001460314],[12220651.877500001341105,148539.24040000140667],[12220627.5678,148566.949499998241663],[12220625.916700001806021,148568.831199999898672],[12220622.106199998408556,148573.174800001084805],[12220581.1354,148562.92119999974966],[12220532.5121,148612.143199998885393],[12220510.5929,148616.289299998432398],[12220492.4905,148609.88459999859333],[12220488.7476,148610.667700000107288],[12220488.6058,148610.697399999946356],[12220484.8664,148611.479800000786781],[12220475.7385,148656.350900001823902],[12220465.853799998760223,148673.85359999909997],[12220436.7405,148725.403999999165535],[12220441.80290000140667,148765.485700000077486],[12220419.776700001209974,148771.870299998670816]],[[12225719.2188,144730.600499998778105],[12225728.969,144709.712900001555681],[12225702.0869,144686.676300000399351],[12225713.3206,144662.591699998825788],[12225712.3856,144661.506000000983477],[12225703.584600001573563,144651.287599999457598],[12225705.4815,144647.853999998420477],[12225714.182100001722574,144632.105599999427795],[12225716.6182,144620.688099998980761],[12225717.3657,144617.184799998998642],[12225760.352400001138449,144617.204900000244379],[12225774.1116,144627.870299998670816],[12225774.317699998617172,144641.301199998706579],[12225765.6287,144657.286200001835823],[12225774.092099998146296,144670.081199999898672],[12225803.52589999884367,144673.719000000506639],[12225805.2146,144686.510999999940395],[12225812.125999998301268,144693.499899998307228],[12225801.767900001257658,144713.174199998378754],[12225800.421500001102686,144742.695099998265505],[12225798.9309,144775.373599998652935],[12225796.4353,144830.086100000888109],[12225743.014400001615286,144821.589800000190735],[12225746.918499998748302,144816.267400000244379],[12225744.9111,144809.71169999986887],[12225748.4555,144804.894000001251698],[12225750.347199998795986,144804.4239999987185],[12225756.978300001472235,144802.776900000870228],[12225764.830699998885393,144801.238600000739098],[12225765.5979,144797.093299999833107],[12225763.2075,144791.21229999884963],[12225762.6508,144788.721000000834465],[12225761.678,144784.367800001055002],[12225764.8132,144778.213300000876188],[12225712.64,144778.054800000041723],[12225686.0938,144777.974399998784065],[12225686.1239,144776.603500001132488],[12225686.5962,144755.102099999785423],[12225681.3141999989748,144728.238000001758337],[12225688.305,144722.059200000017881],[12225692.963,144724.406100001186132],[12225697.8281,144736.133799999952316],[12225713.4978,144738.486099999397993],[12225719.2188,144730.600499998778105]],[[12225338.179200001060963,144556.800000000745058],[12225344.9676,144525.51240000128746],[12225335.654199998825788,144516.340999998152256],[12225338.847600001841784,144479.461199998855591],[12225330.648400001227856,144465.440200001001358],[12225337.8066,144457.66950000077486],[12225355.588799998164177,144469.616399999707937],[12225380.5002,144451.890700001269579],[12225383.895599998533726,144435.690099999308586],[12225411.6919,144385.798900000751019],[12225279.552299998700619,144387.975400000810623],[12225279.6233000010252,144384.699799999594688],[12225279.6239,144384.678399998694658],[12225280.850699998438358,144328.177200000733137],[12225315.1741,144288.22069999948144],[12225360.5112,144286.769600000232458],[12225374.5174,144271.214800000190735],[12225385.0165,144280.088199999183416],[12225367.725499998778105,144317.761900000274181],[12225375.1924,144322.46510000154376],[12225376.125100001692772,144366.595400001853704],[12225411.698399998247623,144371.728500001132488],[12225450.6477,144324.441899999976158],[12225396.683899998664856,144247.669399999082088],[12225401.4567,144230.083700001239777],[12225383.2166,144200.399500001221895],[12225434.21339999884367,144190.019799999892712],[12225437.5942,144206.053100001066923],[12225429.117800001055002,144219.010800000280142],[12225440.281599998474121,144256.195900000631809],[12225461.627700001001358,144254.670899998396635],[12225475.337499998509884,144281.453600000590086],[12225498.8858,144280.611999999731779],[12225510.232299998402596,144288.633000001311302],[12225522.092,144286.93299999833107],[12225524.152399998158216,144294.83669999986887],[12225533.2531,144329.746500000357628],[12225534.0667,144330.845100000500679],[12225550.1831,144352.607900001108646],[12225543.544799998402596,144365.268500000238419],[12225525.59739999845624,144399.497699998319149],[12225526.4217,144448.616300001740456],[12225565.026999998837709,144491.783700000494719],[12225551.9666,144526.228399999439716],[12225563.822500001639128,144532.203299999237061],[12225511.823800001293421,144602.786499999463558],[12225503.2758,144770.241200000047684],[12225539.804499998688698,144770.791499998420477],[12225539.7099,144774.200800001621246],[12225539.294799998402596,144789.186000000685453],[12225349.7779,144759.041200000792742],[12225333.4492,144721.166799999773502],[12225344.8043,144711.450800001621246],[12225305.2894,144649.826400000602007],[12225318.585499998182058,144625.651999998837709],[12225364.6688,144616.975600000470877],[12225365.107,144599.39299999922514],[12225331.7883,144586.255800001323223],[12225338.179200001060963,144556.800000000745058]],[[12225809.256700001657009,144185.965599998831749],[12225842.24040000140667,144187.60080000013113],[12225843.984499998390675,144187.687100000679493],[12225843.977899998426437,144202.184099998325109],[12225882.5962,144220.55180000141263],[12225881.9949,144231.302200000733137],[12225872.3501,144403.755199998617172],[12225872.2421,144405.686000000685453],[12225849.8847,144420.007699999958277],[12225845.658599998801947,144419.910900000482798],[12225838.830400001257658,144419.75450000166893],[12225836.7617,144419.707100000232458],[12225795.4272,144418.759700000286102],[12225794.783300001174212,144346.050000000745058],[12225794.727899998426437,144339.792399998754263],[12225794.6725,144333.534600000828505],[12225803.089499998837709,144334.3412000015378],[12225802.6305,144321.706000000238419],[12225802.5876,144320.526200000196695],[12225844.9296,144320.546000000089407],[12225847.1424,144320.546999998390675],[12225847.8413,144273.646299999207258],[12225845.599599998444319,144273.637200001627207],[12225827.6298,144273.565400000661612],[12225812.506299998611212,144261.254599999636412],[12225811.1334,144228.468100000172853],[12225794.6815,144198.9206000007689],[12225809.256700001657009,144185.965599998831749]]],[[[12220228.192699998617172,149008.78489999845624],[12220299.239100001752377,149010.291499998420477],[12220329.414099998772144,149012.225299999117851],[12220334.0453,148922.756700001657009],[12220334.545400001108646,148913.095899999141693],[12220333.969500001519918,148913.102899998426437],[12220231.946899998933077,148914.323499999940395],[12220228.748399998992682,148959.091299999505281],[12220228.192699998617172,149008.78489999845624]]],[[[12186748.614799998700619,169309.747699998319149],[12186877.2746,169158.969399999827147],[12186883.0794,169162.295299999415874],[12187011.984900001436472,169234.653599999845028],[12187081.288600001484156,169147.087200000882149],[12187131.485100001096725,169130.495000001043081],[12187134.995000001043081,169125.892700001597404],[12187181.253899998962879,169065.237199999392033],[12187284.313000001013279,168930.103799998760223],[12187292.3512,168919.563900001347065],[12187417.6098,168752.691700000315905],[12187420.0861,168749.392799999564886],[12187533.529199998825788,168610.092099998146296],[12187547.992600001394749,168531.549499999731779],[12187610.019299998879433,168478.785799998790026],[12187625.4857,168465.629200000315905],[12187639.1558,168446.822500001639128],[12187639.965999998152256,168445.707800000905991],[12187640.632399998605251,168444.791000001132488],[12187704.5781,168356.817299999296665],[12187718.6285,168337.487500000745058],[12187715.377999998629093,168335.611900001764297],[12187714.551600001752377,168335.135099999606609],[12187626.8701,168284.541900001466274],[12187628.0689,168244.172800000756979],[12187628.072700001299381,168244.0439000017941],[12187629.905299998819828,168241.475900001823902],[12187670.201499998569489,168185.010499998927116],[12187614.1532,168151.849800001829863],[12187729.4523,168007.876499999314547],[12188808.5313,166849.7511],[12189518.2615,166229.795499999076128],[12189523.9819,166224.798700001090765],[12189518.878199998289347,166220.765900000929832],[12189518.0306,166221.532400000840425],[12189507.4956,166212.114199999719858],[12189504.194699998944998,166209.16330000013113],[12189481.6014,166191.3108000010252],[12189460.3997,166174.557799998670816],[12189457.607500001788139,166172.351399999111891],[12189439.5513,166158.083999998867512],[12189431.845199998468161,166151.994800001382828],[12189426.697999998927116,166147.927499998360872],[12189419.9544,166142.598900001496077],[12189413.453899998217821,166137.462400000542402],[12189413.841699998825788,166133.577500000596046],[12189411.677499998360872,166131.977400001138449],[12189420.9687,166062.186500001698732],[12189423.5596,166036.234400000423193],[12189424.2854,166028.964099999517202],[12189425.378600001335144,166018.013799998909235],[12189427.0271,166001.500199999660254],[12189429.6041,165975.6858000010252],[12189431.6851,165954.840700000524521],[12189436.846099998801947,165942.68129999935627],[12189440.964699998497963,165910.923599999397993],[12189447.2953,165862.110100001096725],[12189451.8191,165827.228199999779463],[12189459.567899998277426,165767.478999998420477],[12189462.7582,165746.518899999558926],[12189467.5808,165714.836199998855591],[12189478.7768,165641.281899999827147],[12189481.1032,165625.998399998992682],[12189500.2383,165510.896499998867512],[12189524.0955,165403.161800000816584],[12189528.911899998784065,165381.411800000816584],[12189543.2938,165249.519200000911951],[12189544.4085,165220.304699998348951],[12189545.4492,165193.030999999493361],[12189548.1435999982059,165122.416600000113249],[12189562.5159,165004.913400001823902],[12189574.5346,164844.240800000727177],[12189577.6135,164833.147599998861551],[12189585.4886,164804.773899998515844],[12189595.767700001597404,164767.738400001078844],[12189610.188099998980761,164715.782000001519918],[12189615.1299,164697.97690000012517],[12189615.660300001502037,164690.745700001716614],[12189618.7095,164649.178599998354912],[12189620.2533,164628.132800001651049],[12189621.0143,164617.759199999272823],[12189622.3424,164599.654699999839067],[12189622.923,164595.335499998182058],[12189625.856800001114607,164573.506299998611212],[12189629.427299998700619,164546.938799999654293],[12189635.3957,164502.530000001192093],[12189636.684099998325109,164492.942999999970198],[12189631.5302,164464.497099999338388],[12189513.7324,163814.335400000214577],[12189204.351100001484156,163364.861800000071526],[12188942.464000001549721,163073.695999998599291],[12188802.8761,162822.597899999469519],[12188794.4974,162807.525800000876188],[12188788.524099998176098,162796.780799999833107],[12188785.270599998533726,162790.928199999034405],[12188746.3812,162815.985300000756979],[12188708.202100001275539,162840.584899999201298],[12188210.920200001448393,162562.370700001716614],[12188306.232700001448393,162313.672400001436472],[12188048.6926,161777.257100000977516],[12187845.102200001478195,161353.211399998515844],[12186212.7643,160232.694299999624491],[12185549.816799998283386,161237.541200000792742],[12186346.487,161726.636300001293421],[12185721.7978,162691.571800000965595],[12185714.602699998766184,162691.807399999350309],[12185712.632599998265505,162695.958399999886751],[12185705.0519,162710.704700000584126],[12185692.126400001347065,162733.19709999859333],[12185670.6094,162770.640299998223782],[12185508.6758,163020.770899999886751],[12185501.0581,163020.694400001317263],[12185501.1979,163008.471999999135733],[12185501.2771,163001.558600001037121],[12185511.4846,162987.096599999815226],[12185588.576699998229742,162877.872800000011921],[12185519.2231,162878.808400001376867],[12185413.549800001084805,162880.233899999409914],[12185334.938700001686811,162882.333200000226498],[12184985.554900001734495,162891.662900000810623],[12184946.646699998527765,162892.701799999922514],[12184924.956999998539686,162892.544100001454353],[12184830.44310000166297,162891.856800001114607],[12184626.0904,162890.370700001716614],[12184460.6985,162889.16780000180006],[12184453.717,162889.195199999958277],[12183768.298300001770258,162891.884300000965595],[12183761.3935,163327.485700000077486],[12183768.5216,163622.077199999243021],[12183774.190499998629093,163856.370999999344349],[12184473.960499998182058,164378.352200001478195],[12185220.359700001776218,164378.8733000010252],[12185815.7832,164539.166200000792742],[12185812.3607,164711.018199998885393],[12185808.028499998152256,164928.537599999457598],[12185463.315900001674891,164933.636199999600649],[12184946.6604,164929.011599998921156],[12184400.364799998700619,164920.101799998432398],[12183782.065699998289347,164928.193500000983477],[12183240.007800001651049,164919.284200001507998],[12182829.9287,164912.783700000494719],[12182829.9012,164952.074000000953674],[12182829.627,165343.7364999987185],[12182829.4302,165624.236800000071526],[12181966.6913,166424.257399998605251],[12181964.8416,166425.972699999809265],[12181949.721,166439.993999999016523],[12181907.7416,166478.921300001442432],[12180184.701699998229742,166453.694699998944998],[12180180.8312,167196.203899998217821],[12180180.729200001806021,167215.769000001251698],[12180180.5662,167247.032800000160933],[12180176.0269,168117.223999999463558],[12180175.815499998629093,168157.725299999117851],[12180175.813900001347065,168158.043200001120567],[12180175.4888,168220.325399998575449],[12179551.7769,168217.239500001072884],[12178988.69310000166297,168214.452199999243021],[12178624.87220000103116,168212.650600001215935],[12178277.7515,168210.931200001388788],[12178280.893800001591444,169524.552999999374151],[12178281.366500001400709,169722.435699999332428],[12178281.3878,170065.238400001078844],[12178281.3972,170219.331700000911951],[12178281.024099998176098,170722.412300001829863],[12178052.1983,170723.862100001424551],[12177882.9029,170724.93470000103116],[12177679.6689000017941,170726.222100000828505],[12177171.4886,170721.574400000274181],[12176743.7652,170725.513300001621246],[12176734.9736,171281.913800001144409],[12176734.873100001364946,171288.27250000089407],[12176730.118,171978.937699999660254],[12176718.77589999884367,172649.223099999129772],[12176793.7894,172648.092399999499321],[12177232.9762,172641.472300000488758],[12177365.271699998527765,172640.816700000315905],[12177743.5235,172638.94200000166893],[12178264.9485,172636.674899999052286],[12178886.95,172639.812300000339746],[12179049.0405,172470.929200001060963],[12179249.8481,172261.7060999982059],[12179249.8481,172261.706199999898672],[12179211.7205,172301.431800000369549],[12179201.9683,172311.592599999159575],[12179237.4767,172308.759899999946356],[12179255.6212,172307.312399998307228],[12179587.974399998784065,172292.431499999016523],[12179910.739100001752377,172277.979400001466274],[12180192.8572,172242.784800000488758],[12181098.6486,172129.783599998801947],[12181184.649999998509884,172119.054299999028444],[12181316.876200001686811,172103.055500000715256],[12181317.1771,172103.019000001251698],[12181722.066399998962879,172054.028599999845028],[12181859.6122,172037.38569999858737],[12182978.8532,171901.955699998885393],[12182980.4364,171901.76410000026226],[12183017.7623,171897.247499998658895],[12183407.83729999884963,171865.282699998468161],[12183532.876200001686811,172542.394099999219179],[12183530.757,172574.643100000917912],[12183511.7196,172864.339400000870228],[12183571.5273,172822.25789999961853],[12183622.419100001454353,172710.963100001215935],[12183952.045000001788139,172577.322200000286102],[12184615.0839,172209.192699998617172],[12185084.517,171956.780499998480082],[12185253.135000001639128,171942.872600000351667],[12185494.6201,171819.938299998641014],[12185565.959800001233816,171756.89750000089407],[12185686.1752,171650.666400000452995],[12185694.406100001186132,171643.39299999922514],[12185791.817899998277426,171517.974599998444319],[12185837.263300001621246,171407.673300001770258],[12185867.7635000012815,171357.205899998545647],[12185903.7625,171297.639800000935793],[12185924.0484,171264.073300000280142],[12185948.5511,171223.529699999839067],[12186007.195500001311302,171126.492499999701977],[12186132.7606,170916.426399998366833],[12186136.093899998813868,170910.849800001829863],[12186131.9364,170908.557000000029802],[12186055.458700001239777,170866.379200000315905],[12186105.136999998241663,170723.289099998772144],[12186318.197700001299381,170109.599500000476837],[12186427.108800001442432,169895.003600001335144],[12186511.789,169728.151000000536442],[12186574.599399998784065,169665.007100000977516],[12186631.4934,169514.598700001835823],[12186748.614799998700619,169309.747699998319149]]],[[[12232294.672899998724461,132292.678100001066923],[12231842.2661,131728.028200000524521],[12231338.6076,131094.939300000667572],[12230726.8147,131100.010000001639128],[12230762.1303,131133.8902000002563],[12230705.5572,131135.318199999630451],[12230909.0247,131328.109499998390675],[12231345.370700001716614,131741.560600001364946],[12231414.9399,131807.479499999433756],[12231638.249000001698732,132019.07149999961257],[12232078.783599998801947,132474.929499998688698],[12232262.8717,132361.776299998164177],[12232293.2403,132343.1097999997437],[12232265.695300001651049,132308.714400000870228],[12232294.672899998724461,132292.678100001066923]]],[[[12228673.7141,139694.643399998545647],[12228680.923300001770258,139702.838799998164177],[12228702.49439999833703,139727.361099999397993],[12228778.826900001615286,139814.136399999260902],[12228778.977899998426437,139814.308200001716614],[12228778.871399998664856,139814.317899998277426],[12228734.71,139818.315699998289347],[12228701.3547,139821.335099998861551],[12228679.2786,139823.333599999547005],[12228679.6162,139837.526599999517202],[12228681.093199998140335,139899.609000001102686],[12228682.5643,139961.450199998915195],[12228684.2683,140033.074099998921156],[12228734.503400001674891,140079.642700001597404],[12228811.2504,140150.78830000013113],[12228831.187600001692772,140329.272799998521805],[12228844.087499998509884,140444.758000001311302],[12228849.593400001525879,140524.870700001716614],[12228862.9162,140718.723000001162291],[12228863.342,140724.917700000107288],[12228871.12779999896884,140724.82319999858737],[12228911.5165,140724.332899998873472],[12228998.3013,140723.279399998486042],[12229035.83219999819994,140722.823800001293421],[12229182.570999998599291,140721.042300000786781],[12229314.171,140719.444499999284744],[12229325.670400001108646,140771.648899998515844],[12230470.585700001567602,140768.812600001692772],[12230659.572500001639128,140768.344099998474121],[12230667.4622,140705.024900000542402],[12230657.3625,140684.667100001126528],[12230651.751200001686811,140673.356600001454353],[12230662.8372,140621.383400000631809],[12230663.568599998950958,140617.954500000923872],[12230722.203899998217821,140617.980200000107288],[12230723.6761,140536.24269999936223],[12230724.5489999987185,140487.784600000828505],[12230724.603300001472235,140484.767299998551607],[12230724.6525,140482.034000001847744],[12230725.518199998885393,140482.27760000154376],[12230727.640299998223782,140482.812800001353025],[12230729.647100001573563,140483.31870000064373],[12230733.379099998623133,140483.879999998956919],[12230737.111200001090765,140484.441199999302626],[12230740.2082,140484.442499998956919],[12230743.38459999859333,140484.523899998515844],[12230745.7669,140484.365100000053644],[12230750.532000001519918,140483.407699998468161],[12230751.4852,140482.92850000038743],[12230752.5975,140481.569899998605251],[12230753.7196,140480.01799999922514],[12230753.682500001043081,140480.021299999207258],[12230750.0821,140480.659200001507998],[12230749.797200001776218,140480.731800001114607],[12230746.7623,140481.748799998313189],[12230742.209600001573563,140482.5439000017941],[12230737.781399998813868,140482.541900001466274],[12230734.3532,140482.337400000542402],[12230728.311,140481.285999998450279],[12230727.6695,140481.182399999350309],[12230724.676600001752377,140480.698800001293421],[12230724.7315,140477.647700000554323],[12230725.600499998778105,140429.404899999499321],[12230727.4423,140327.149300001561642],[12230728.8466,140249.18189999833703],[12230790.575599998235703,140249.884399998933077],[12230922.2286,140251.382399998605251],[12230958.9879,140251.800700001418591],[12231029.3715,140147.151900000870228],[12231130.1037,140147.195700000971556],[12231230.2559,140147.239199999719858],[12231248.418200001120567,140147.247099999338388],[12231248.897599998861551,140101.144400000572205],[12231414.7537,140111.599800001829863],[12231708.3158,139907.958999998867512],[12231834.7335,139535.773499999195337],[12231956.623799998313189,139290.629999998956919],[12231974.476,139254.725900001823902],[12231983.1025,139237.376400001347065],[12232110.7637,138980.625599998980761],[12232123.9619,138954.081500001251698],[12232093.1862,138873.456500001251698],[12232029.2848,138706.050599999725819],[12232033.594,138666.057599999010563],[12232013.56700000166893,138596.212699998170137],[12232019.666299998760223,138569.833599999547005],[12231992.9408,138547.437300000339746],[12231994.7977,138538.377700001001358],[12232004.856199998408556,138538.648499999195337],[12232011.743500001728535,138526.126499999314547],[12231975.2221,138508.667399998754263],[12231952.8653,138483.741500001400709],[12231971.9282,138473.756499998271465],[12232018.9142,138469.512899998575449],[12232011.796999998390675,138398.891600001603365],[12232045.6604,138379.528000000864267],[12232077.458700001239777,138361.345300000160933],[12232113.985100001096725,138366.690499998629093],[12232137.5539,138342.184000000357628],[12232124.756099998950958,138318.347199998795986],[12232112.1096,138294.792399998754263],[12232121.9641,138276.675599999725819],[12232097.793000001460314,138261.059000000357628],[12232090.956,138241.113400001078844],[12232094.8442,138236.742199998348951],[12232095.9945,138235.449200000613928],[12232097.144299998879433,138234.156399998813868],[12232099.960099998861551,138230.990800000727177],[12232120.5927,138264.310100000351667],[12232138.3312,138256.056699998676777],[12232146.401999998837709,138262.1891999989748],[12232147.985800001770258,138272.582800000905991],[12232158.833099998533726,138285.511999998241663],[12232170.082400001585484,138286.782499998807907],[12232187.750300001353025,138299.041400000452995],[12232195.7344,138304.581199999898672],[12232202.285300001502037,138298.469200000166893],[12232214.006099998950958,138287.534000001847744],[12232223.535100001841784,138288.071100000292063],[12232225.2077,138291.47859999909997],[12232228.1398,138297.451400000602007],[12232235.9652,138313.392299998551607],[12232292.8997,138301.363499999046326],[12232297.646200001239777,138300.360800001770258],[12232317.497900001704693,138302.5011],[12232334.144299998879433,138311.182399999350309],[12232355.341699998825788,138322.236999999731779],[12232377.045400001108646,138326.509899999946356],[12232383.9337,138312.122699998319149],[12232369.551399998366833,138271.36259999871254],[12232362.175900001078844,138250.460700001567602],[12232358.772799998521805,138240.815900001674891],[12232355.908599998801947,138232.698699999600649],[12232344.862100001424551,138232.371599998325109],[12232337.6444,138232.157900001853704],[12232332.6266999989748,138204.980799999088049],[12232330.310199998319149,138192.434599999338388],[12232324.703499998897314,138162.067099999636412],[12232306.72410000115633,138113.559200000017881],[12232305.633499998599291,138091.537500001490116],[12232305.4421,138087.6706000007689],[12232304.361900001764297,138065.857599999755621],[12232284.510200001299381,138063.717500001192093],[12232267.0425,138057.580899998545647],[12232245.8713,138046.113099999725819],[12232236.610800001770258,138036.7820999994874],[12232237.6827,138004.804499998688698],[12232218.6446,137956.562899999320507],[12232214.464000001549721,137930.978700000792742],[12232221.5048,137893.450399998575449],[12232221.84910000115633,137891.615499999374151],[12232231.5046,137840.150400001555681],[12232244.6558,137774.382699999958277],[12232246.1008,137767.156500000506639],[12232251.027399998158216,137742.519000001251698],[12232275.965999998152256,137726.714000001549721],[12232315.122000001370907,137631.169599998742342],[12232314.173099998384714,137621.975499998778105],[12232302.3719,137610.857999999076128],[12232266.370299998670816,137616.385899998247623],[12232227.083700001239777,137628.734000001102686],[12232151.049199998378754,137658.547899998724461],[12232103.8215,137671.532299999147654],[12232075.433899998664856,137699.660900000482798],[12232069.924800001084805,137706.907000001519918],[12232067.694400001317263,137708.942800000309944],[12232003.545699998736382,137602.563400000333786],[12232004.965300001204014,137593.886700000613928],[12232033.6529,137590.131799999624491],[12232036.949499998241663,137574.500300001353025],[12232063.7769,137561.974500000476837],[12232090.3233,137549.579900000244379],[12232085.2383,137518.915300000458956],[12232082.0856,137499.903999999165535],[12232098.1452,137504.6570999994874],[12232123.8937,137512.277899999171495],[12232124.6441,137512.500100001692772],[12232138.5343,137503.235100001096725],[12232139.809799998998642,137502.384199999272823],[12232145.7918,137498.394200000911951],[12232164.889600001275539,137485.655600000172853],[12232173.915199998766184,137460.640900000929832],[12232176.824700001627207,137461.38289999961853],[12232220.581300001591444,137472.542100001126528],[12232252.804900001734495,137480.760200001299381],[12232395.0596,137517.038899999111891],[12232474.8431,137537.385600000619888],[12232559.8017,137550.756099998950958],[12232605.7597,137473.361999999731779],[12232592.962000001221895,137463.551399998366833],[12232577.942499998956919,137452.037300001829863],[12232596.311900001019239,137426.566899999976158],[12232617.9701,137396.536699999123812],[12232644.499200001358986,137359.752399999648333],[12232649.7775,137352.433800000697374],[12232680.5169,137309.811799999326468],[12232872.9749,137096.860399998724461],[12232876.1323,137095.862300001084805],[12232899.9305,137088.339800000190735],[12232917.036200001835823,137082.932700000703335],[12232918.5038,137082.468899998813868],[12232925.871599998325109,137080.140000000596046],[12232986.456300001591444,137044.269999999552965],[12233008.852899998426437,137045.538600001484156],[12233031.2496,137046.807100001722574],[12233057.758699998259544,137059.062600001692772],[12233068.4205,137063.991700001060963],[12233107.2355,137081.9364],[12233109.3805,137082.927999999374151],[12233185.7687,137118.243200000375509],[12233316.7573,137178.800700001418591],[12233319.1774,137179.919599998742342],[12233528.4606,137276.673599999397993],[12233692.605999998748302,137202.126299999654293],[12233695.2956,137147.530799999833107],[12233713.236000001430511,137138.318999998271465],[12233713.485100001096725,136893.622800000011921],[12233764.624499998986721,136872.394099999219179],[12233784.482900001108646,136858.278799999505281],[12233784.48930000141263,136842.556099999696016],[12233758.28489999845624,136840.146899998188019],[12233751.952599998563528,136804.385600000619888],[12233851.6582,136637.245999999344349],[12233833.8237,136622.97580000013113],[12233852.357700001448393,136592.949799999594688],[12233847.052499998360872,136588.225499998778105],[12233848.539700001478195,136585.89469999819994],[12233837.434999998658895,136553.912099998444319],[12233755.667399998754263,136493.119899999350309],[12233772.8336,136419.508699998259544],[12233706.7449,136343.525199998170137],[12233695.5376,136176.001600001007318],[12233793.7956,136141.6435999982059],[12233797.7383,136138.879099998623133],[12233869.134100001305342,136088.817499998956919],[12233872.793000001460314,136086.252099998295307],[12233894.6444,136052.284499999135733],[12233962.480999998748302,136035.324200000613928],[12233991.6065,136014.350600000470877],[12233988.6602,136009.469500001519918],[12233972.0981,135982.031500000506639],[12233980.3741,135971.708700001239777],[12234005.847800001502037,135980.379700001329184],[12234040.931200001388788,135955.078299999237061],[12234045.2408,135934.427600000053644],[12234019.439,135918.427999999374151],[12233978.901999998837709,135910.877900000661612],[12233994.898699998855591,135896.480500001460314],[12233974.2573,135868.632199998944998],[12234012.1842,135834.114599999040365],[12233705.9487,135442.315000001341105],[12233751.7612,135429.241200000047684],[12233750.6074,135369.523200001567602],[12233754.504299998283386,135363.450500000268221],[12233764.82319999858737,135347.370200000703335],[12234058.834199998527765,134889.200800001621246],[12234037.2381,134883.081999998539686],[12234072.903499998152256,134828.856300000101328],[12233445.006,134655.546000000089407],[12233445.125999998301268,134651.710299998521805],[12233443.1287,134651.443599998950958],[12233434.589499998837709,134650.303300000727177],[12233431.6103,134649.905499998480082],[12233419.680100001394749,134622.428800001740456],[12233418.720400001853704,134620.218600001186132],[12233295.6765,134336.833599999547005],[12233294.6518,134334.473600000143051],[12233291.800500001758337,134327.906599998474121],[12233269.5489,134276.6587999984622],[12233161.4562,134027.708500001579523],[12233025.7214,133865.938000001013279],[12232849.0621,133655.393300000578165],[12232777.745900001376867,133570.397700000554323],[12232739.852000001817942,133346.681200001388788],[12232684.453899998217821,133316.9679000005126],[12232611.5137,133277.84569999948144],[12232608.8713,133276.42850000038743],[12232597.2166,133270.177400000393391],[12232593.4597,133268.162300001829863],[12232439.700199998915195,133185.691899999976158],[12232337.890700001269579,133131.085299998521805],[12232215.2364,132722.362199999392033],[12231907.5022,132617.456300001591444],[12231576.088599998503923,132326.192899998277426],[12231493.113899998366833,132279.328299999237061],[12231428.4294,132242.794199999421835],[12231188.3739,132107.209499999880791],[12231049.403,132028.717799998819828],[12230771.6939,131871.865800000727177],[12230483.260499998927116,131573.839899998158216],[12230539.790399998426437,131370.229299999773502],[12230531.8613,131369.137499999254942],[12230535.315200001001358,131356.776500001549721],[12230307.282200001180172,131329.047400001436472],[12230036.066100001335144,131103.138199999928474],[12229497.406,131101.603700000792742],[12229064.633000001311302,131104.089800000190735],[12228751.063299998641014,131103.131599999964237],[12228597.482,131102.662099998444319],[12228560.3953,131102.548700001090765],[12228497.2311,131104.278099998831749],[12228245.3794,131111.173099998384714],[12228129.151299998164177,131109.3429000005126],[12228128.88459999859333,131109.346700001507998],[12227699.290199998766184,131115.558800000697374],[12227701.526999998837709,131216.487799998372793],[12227701.52760000154376,131216.520500000566244],[12227701.5277,131216.524399999529123],[12227708.276299998164177,131693.141499999910593],[12227707.0471,131829.201900001615286],[12227705.346500001847744,132017.417199999094009],[12227705.3464,132017.421500001102686],[12227705.3462,132017.430300001055002],[12227705.2678,132021.57490000128746],[12227696.595400001853704,132507.622000001370907],[12227696.256700001657009,132681.492499999701977],[12227696.056699998676777,132784.187699999660254],[12227698.986699998378754,132924.081900000572205],[12227701.620000001043081,133049.814800001680851],[12227703.371599998325109,133133.444499999284744],[12227704.23930000141263,133174.883499998599291],[12227704.239799998700619,133174.914299998432398],[12227704.239799998700619,133174.918099999427795],[12227706.5165,133375.377500001341105],[12227717.429000001400709,133862.767400000244379],[12227719.7128,134722.955600000917912],[12227723.461599998176098,135245.253100000321865],[12227725.429499998688698,135779.043499998748302],[12227727.043200001120567,136007.255499999970198],[12227727.0433,136007.277199998497963],[12227725.247900001704693,136361.38910000026226],[12227735.432500001043081,136914.881900001317263],[12227735.0288,137284.552400000393391],[12227736.5519,137615.088500000536442],[12227739.0031,138066.773200001567602],[12227739.2238,138092.638199999928474],[12227742.8453,138517.070300001651049],[12227742.845400001853704,138517.081500001251698],[12228071.1437,138518.719999998807907],[12228167.334800001233816,138519.19990000128746],[12228211.401500001549721,138519.419799998402596],[12228212.5992,138519.413699999451637],[12228713.5141,138516.84739999845624],[12228716.0049,138452.000999998301268],[12228736.390999998897314,138468.109299998730421],[12228738.9316,138469.389600001275539],[12228741.3138,138469.550500001758337],[12228746.7146,138467.154500000178814],[12228762.809799998998642,138457.117199998348951],[12228770.1998,138450.17960000038147],[12228774.726100001484156,138445.930300001055002],[12228776.976599998772144,138444.465599998831749],[12228778.8301,138443.000799998641014],[12228780.8163,138441.002999998629093],[12228781.875799998641014,138439.138099998235703],[12228783.2007,138435.807700000703335],[12228786.1173,138424.616700001060963],[12228788.1043,138420.353900000452995],[12228794.064800001680851,138409.430799998342991],[12228796.7148,138402.370099999010563],[12228798.526,138397.068300001323223],[12228802.63060000166297,138559.365200001746416],[12228804.1094,138617.835900001227856],[12228803.250100001692772,138618.443199999630451],[12228800.7084,138619.7212999984622],[12228794.3547,138621.956999998539686],[12228788.3831,138623.290199998766184],[12228760.7593,138623.278099998831749],[12228679.6074,138623.242499999701977],[12228604.715,138623.209699999541044],[12228537.8019,138623.180300001055002],[12228534.8006,138623.179000001400709],[12228533.1523,138623.178300000727177],[12228531.518199998885393,138623.177600000053644],[12228528.2857,138623.176199998706579],[12228446.570799998939037,138623.140299998223782],[12228446.5308,138623.140299998223782],[12228297.77760000154376,138798.051600001752377],[12228284.344999998807907,138813.8462999984622],[12228299.7791,138830.43470000103116],[12228348.7923,138883.113699998706579],[12228352.0211,138886.584100000560284],[12228355.354899998754263,138890.167199999094009],[12228357.399999998509884,138892.365100000053644],[12228373.403299998492002,138909.565499998629093],[12228424.246100001037121,138964.211100000888109],[12228437.9148,138978.902199998497963],[12228469.9903,138986.451799999922514],[12228526.3405,138999.714899998158216],[12228540.33219999819994,139003.008200000971556],[12228574.4584,139040.833099998533726],[12228555.106199998408556,139060.298599999397993],[12228530.053599998354912,139085.497900001704693],[12228491.452399998903275,139082.831199999898672],[12228480.9283,139082.104100000113249],[12228471.3651,139081.443399999290705],[12228461.241700001060963,139080.744100000709295],[12228458.258299998939037,139080.538100000470877],[12228427.544,139078.41609999909997],[12228424.066599998623133,139078.175900001078844],[12228414.6846,139077.527800001204014],[12228379.830699998885393,139075.120000001043081],[12228339.166299998760223,139047.80180000141263],[12228338.8715,139047.603799998760223],[12228215.9582,139047.549600001424551],[12228215.925299998372793,139123.169199999421835],[12228067.6426,139202.701799999922514],[12228062.247699998319149,139205.595499999821186],[12228116.7678,139453.102299999445677],[12228208.728799998760223,139475.188299998641014],[12228475.227899998426437,139539.192499998956919],[12228502.376899998635054,139521.978300001472235],[12228507.636300001293421,139522.556200001388788],[12228514.9536,139523.360300000756979],[12228521.1085,139520.186099998652935],[12228567.2091,139496.411200001835823],[12228592.3955,139483.422100000083447],[12228596.711399998515844,139462.164099998772144],[12228632.3275,139439.5810999982059],[12228633.4212,139457.600499998778105],[12228639.6967,139561.004399999976158],[12228644.1761,139634.812800001353025],[12228645.88740000128746,139663.00959999859333],[12228673.7141,139694.643399998545647]]],[[[12234528.3415,140442.737900000065565],[12234520.501200001686811,139880.104899998754263],[12234519.331999998539686,139725.919599998742342],[12234515.107299998402596,139168.922800000756979],[12234521.5049,138343.487399999052286],[12234524.0541,138014.50789999961853],[12234520.049600001424551,137451.688999999314547],[12234521.389600001275539,136763.092500001192093],[12234533.0799,136248.221400000154972],[12234103.90989999845624,136525.869699999690056],[12234091.256700001657009,136584.931800000369549],[12234084.6146,136589.375399999320507],[12233940.546300001442432,137249.813999999314547],[12233929.7615,137299.253699999302626],[12233671.497499998658895,137535.378199998289347],[12233040.8578,137204.758499998599291],[12232507.9445,138011.048500001430511],[12232513.051399998366833,138075.947399999946356],[12232495.783599998801947,138102.340399999171495],[12232522.362799998372793,138393.5625],[12232324.724,138981.130199998617172],[12232159.3547,139443.677299998700619],[12231959.1385000012815,139896.247099999338388],[12231911.353,140009.850099999457598],[12231697.3779,140234.406599998474121],[12231768.982099998742342,140233.102699998766184],[12231686.1047,140301.712900001555681],[12232154.6261,140307.245099999010563],[12232154.5488,140488.53770000115037],[12232154.30290000140667,141064.066100001335144],[12232552.506299998611212,140929.966400001198053],[12232760.916499998420477,141033.320000000298023],[12232743.773699998855591,141177.332899998873472],[12232601.9463,141201.047100000083447],[12232601.1697,141262.818500000983477],[12232595.378199998289347,141263.093600001186132],[12232598.6415,141369.689800001680851],[12233065.2168,141289.945599999278784],[12233190.9941,141190.066700000315905],[12233515.2258,141263.49040000140667],[12233515.1637,141410.058600001037121],[12233647.513300001621246,141416.777699999511242],[12233645.1972,141350.700699999928474],[12233659.374200001358986,141352.429400000721216],[12233662.2496,141311.432399999350309],[12233773.3244,141236.952399998903275],[12233892.3935999982059,141350.260800000280142],[12233998.374200001358986,141117.129099998623133],[12234502.211800001561642,141250.850999999791384],[12234500.4507,141171.360300000756979],[12234530.0086,141178.832299999892712],[12234528.744,141038.925200000405312],[12234528.3415,140442.737900000065565]]],[[[12228504.022,139522.285000000149012],[12228502.376899998635054,139521.978300001472235],[12228503.539299998432398,139522.2489],[12228504.022,139522.285000000149012]]],[[[12230756.7645,140430.211300000548363],[12230757.2038,140428.225299999117851],[12230742.5147,140429.842599999159575],[12230756.7645,140430.211300000548363]]],[[[12229605.3983,143576.614900000393391],[12229544.728100001811981,143509.79450000077486],[12229487.903099998831749,143558.198399998247623],[12229487.284699998795986,143597.693199999630451],[12229481.8856,143599.958099998533726],[12229439.543200001120567,143617.721200000494719],[12229536.7353,143693.198699999600649],[12229542.2238,143732.001600001007318],[12229557.40089999884367,143741.082899998873472],[12229568.6968,143747.841899998486042],[12229576.0971,143752.269999999552965],[12229605.3983,143576.614900000393391]]],[[[12231893.6846,143559.161200001835823],[12231821.2557,143480.848200000822544],[12231761.651500001549721,143463.635800000280142],[12231728.4047,143463.19480000063777],[12231690.344700001180172,143522.771299999207258],[12231670.1296,143554.414500001817942],[12231668.6288,143597.052000001072884],[12231627.756099998950958,143602.363800000399351],[12231624.780000001192093,143627.732099998742342],[12231565.0760000012815,143596.79280000180006],[12231541.70719999819994,143655.114000000059605],[12231529.4606,143685.677600000053644],[12231509.392900001257658,143677.896999999880791],[12231482.6688,143667.535599999129772],[12231465.718600001186132,143688.207600001245737],[12231462.576499998569489,143718.148400001227856],[12231421.524099998176098,143717.711800001561642],[12231393.5066,143682.967300001531839],[12231396.9161,143640.209100000560284],[12231351.4069,143594.352899998426437],[12231332.86540000140667,143585.248599998652935],[12231289.479400001466274,143563.945599999278784],[12231268.0288,143563.560899998992682],[12231262.958,143563.469900000840425],[12231258.5211,143563.390399999916553],[12231223.5667,143562.763700000941753],[12231223.9071,143547.47410000115633],[12231224.0563,143540.774300001561642],[12231224.1201,143537.911100000143051],[12231224.247699998319149,143532.18470000103116],[12231217.735399998724461,143532.117400001734495],[12231213.69709999859333,143532.075699999928474],[12231100.4051,143530.9070999994874],[12231099.524300001561642,143529.10080000013113],[12231098.264199998229742,143526.51630000025034],[12231032.3217,143391.26969999819994],[12230954.9285,143315.952599998563528],[12230794.1188,143319.878299999982119],[12230680.0026,143234.551500000059605],[12230556.248100001364946,143146.089099999517202],[12230522.170000001788139,143140.410999998450279],[12230490.9886,143127.315099999308586],[12230488.4879,143126.264800000935793],[12230486.4415,143125.405200000852346],[12230485.6701,143123.599399998784065],[12230484.8985,143121.793299999088049],[12230477.542399998754263,143104.574000000953674],[12230476.066799998283386,143101.120099999010563],[12230474.5462,143097.560699999332428],[12230463.5986,143071.934599999338388],[12230461.0398,143065.94480000063777],[12230438.3787,143012.900199998170137],[12230435.6028,143006.402399998158216],[12230429.7095,142992.607400000095367],[12230419.4567,142968.607700001448393],[12230416.988400001078844,142962.829700000584126],[12230415.6129,142959.610100001096725],[12230413.8757,142955.543699998408556],[12230343.845800001174212,142951.48369999974966],[12230318.808200001716614,143010.896800000220537],[12230312.719999998807907,143047.313499998301268],[12230312.978,143071.235800001770258],[12230313.037999998778105,143076.793800000101328],[12230313.1642,143088.509100001305342],[12230313.192699998617172,143091.156300000846386],[12230313.355500001460314,143106.274099998176098],[12230304.3585,143124.369199998676777],[12230295.182300001382828,143142.824700001627207],[12230293.8165,143145.57209999859333],[12230280.2449,143150.784699998795986],[12230253.941599998623133,143160.88740000128746],[12230250.273200001567602,143162.296500001102686],[12230247.6793,143163.29280000180006],[12230234.90989999845624,143168.197299998253584],[12230245.7273,143175.759300000965595],[12230247.973900001496077,143177.329799998551607],[12230300.580699998885393,143214.10530000180006],[12230292.325399998575449,143271.486699998378754],[12230358.9976,143347.198899999260902],[12230395.3248,143269.212000001221895],[12230421.144499998539686,143283.203099999576807],[12230504.971500001847744,143324.279599998146296],[12230520.522300001233816,143324.288800001144409],[12230537.3394,143324.298700001090765],[12230581.8438,143324.32490000128746],[12230581.157499998807907,143332.271499998867512],[12230580.9065,143335.177700001746416],[12230578.5181,143362.831000000238419],[12230577.287300001829863,143364.588899999856949],[12230570.0882,143374.870799999684095],[12230568.288400001823902,143377.441100001335144],[12230566.726799998432398,143379.671500001102686],[12230565.2746,143381.745600000023842],[12230560.036400001496077,143379.77760000154376],[12230535.676600001752377,143370.625500001013279],[12230535.3319,143371.769900001585484],[12230530.428,143388.051300000399351],[12230530.895399998873472,143408.837499998509884],[12230499.9133,143434.726300001144409],[12230496.326900001615286,143457.676100000739098],[12230494.8165,143467.342000000178814],[12230491.918499998748302,143469.447000000625849],[12230481.737300001084805,143476.842799998819828],[12230479.24040000140667,143478.656599998474121],[12230471.9388,143483.960700001567602],[12230472.184,143486.606899999082088],[12230472.508499998599291,143490.108399998396635],[12230472.826900001615286,143493.543800000101328],[12230473.352699998766184,143499.216600000858307],[12230473.730700001120567,143503.295899998396635],[12230473.8308,143504.375500001013279],[12230474.108600001782179,143507.372600000351667],[12230474.309799998998642,143509.54450000077486],[12230489.7751,143527.288100000470877],[12230490.3427,143527.939300000667572],[12230490.450399998575449,143527.925400000065565],[12230497.530699998140335,143527.014800000935793],[12230500.4989,143526.633000001311302],[12230501.124699998646975,143526.552499998360872],[12230502.7317,143526.345899999141693],[12230501.799600001424551,143529.065699998289347],[12230500.82209999859333,143531.918200001120567],[12230491.8523,143558.093100000172853],[12230491.281800001859665,143559.758299998939037],[12230490.280499998480082,143560.65989999845624],[12230466.2328,143582.3114],[12230457.848900001496077,143587.110599998384714],[12230455.125500001013279,143588.66950000077486],[12230452.4327,143590.210900001227856],[12230449.153900001198053,143592.087999999523163],[12230446.2242,143593.765099998563528],[12230408.491700001060963,143615.363899998366833],[12230394.8611,143623.166499998420477],[12230368.020799998193979,143621.555599998682737],[12230329.732500001788139,143648.879900000989437],[12230365.1056,143707.745400000363588],[12230278.3321,143810.154800001531839],[12230273.181699998676777,143816.233600001782179],[12230244.732099998742342,143830.277300000190735],[12230180.4837,143806.458399999886751],[12230163.9692,143789.561200000345707],[12230118.2533,143837.867199998348951],[12230112.890999998897314,143836.704900000244379],[12230073.5887,143828.186799999326468],[12230019.022,143763.872299998998642],[12230038.557300001382828,143733.567999999970198],[12229989.746399998664856,143732.267000000923872],[12229971.0662,143750.889800000935793],[12229954.4795,143751.225099999457598],[12229944.9377,143660.241999998688698],[12229936.113400001078844,143650.148800000548363],[12229915.570500001311302,143626.651500001549721],[12229890.416700001806021,143641.829900000244379],[12229906.817499998956919,143666.887200001627207],[12229876.8953,143690.590900000184774],[12229822.650199998170137,143647.129099998623133],[12229772.3418,143680.151000000536442],[12229706.5346,143770.76969999819994],[12229694.2436,143790.590700000524521],[12229696.4238,143810.521800000220537],[12229698.8657,143832.845600001513958],[12229699.094500001519918,143834.9364],[12229723.375,143825.378899998962879],[12229743.996100001037121,143817.261900000274181],[12229775.121800001710653,143825.163899999111891],[12229780.5986,143845.259199999272823],[12229785.0587,143861.6239],[12229839.890999998897314,143893.840199999511242],[12229822.3046,143916.004000000655651],[12229834.250799998641014,143916.397399999201298],[12229848.5629,143916.868500001728535],[12229875.2399,143928.605999998748302],[12229895.954,143942.821699999272823],[12229896.3043,143943.062199998646975],[12229899.7969,143945.459100000560284],[12229927.112799998372793,143948.882599998265505],[12229961.633699998259544,143941.010000001639128],[12229998.280699998140335,143914.377700001001358],[12230004.165199998766184,143910.87950000166893],[12230007.2768,143909.029699999839067],[12230012.048099998384714,143906.193199999630451],[12230045.940200001001358,143886.045099999755621],[12230047.107,143887.478900000452995],[12230047.377999998629093,143887.811900001019239],[12230063.295200001448393,143907.371800001710653],[12230072.1758,143937.861900001764297],[12230091.6441,143968.996500000357628],[12230070.6617,144009.280000001192093],[12230074.250999998301268,144033.585299998521805],[12230133.7522,144043.418699998408556],[12230200.680599998682737,144018.292399998754263],[12230250.6536,144025.350299999117851],[12230375.243,143879.410700000822544],[12230385.829100001603365,143867.010800000280142],[12230418.429900001734495,143891.328899998217821],[12230410.1578,143921.385099999606609],[12230393.010000001639128,143909.865100000053644],[12230381.991700001060963,143924.996599998325109],[12230395.7522,143934.170000001788139],[12230397.224800001829863,143956.342500001192093],[12230433.4236,143985.139499999582767],[12230416.2344,144000.600099999457598],[12230411.3915,144004.956300001591444],[12230375.1919,143978.077899999916553],[12230362.689,143997.899099998176098],[12230367.972600001841784,144021.139199998229742],[12230347.4296,144026.033300001174212],[12230338.961599998176098,144019.633900001645088],[12230327.0971,144032.633000001311302],[12230358.8374,144087.863600000739098],[12230415.86259999871254,144129.4983000010252],[12230417.037999998778105,144165.064800001680851],[12230448.7942,144183.839899998158216],[12230506.1736,144203.478999998420477],[12230510.237300001084805,144224.393100000917912],[12230510.3992,144225.226300001144409],[12230509.9258,144225.567800000309944],[12230484.979400001466274,144243.549300000071526],[12230423.1563,144216.872699998319149],[12230413.9146,144254.45160000026226],[12230409.5788,144272.082899998873472],[12230371.659200001507998,144303.191700000315905],[12230440.4674,144337.120099999010563],[12230479.4337,144333.726300001144409],[12230480.287999998778105,144316.884899999946356],[12230502.95719999819994,144293.657200001180172],[12230504.878899998962879,144257.841899998486042],[12230524.988400001078844,144276.185600001364946],[12230547.4338,144280.033100001513958],[12230594.6415,144315.657000001519918],[12230619.586199998855591,144325.844000000506639],[12230623.759799998253584,144327.54839999973774],[12230635.92790000140667,144332.517700001597404],[12230620.882199998944998,144355.748599998652935],[12230646.9133,144392.215999998152256],[12230671.2661,144392.013599999248981],[12230674.0066,144419.942899998277426],[12230595.006700001657009,144447.195799998939037],[12230562.377,144487.687399998307228],[12230548.6125,144486.615299999713898],[12230534.848499998450279,144485.543099999427795],[12230518.954100001603365,144512.824400000274181],[12230527.4214,144525.322500001639128],[12230548.1738,144555.953200001269579],[12230569.9556,144588.10359999909997],[12230596.645,144572.126299999654293],[12230632.8699,144542.509100001305342],[12230637.3264,144521.192099999636412],[12230655.120299998670816,144508.408700000494719],[12230687.053,144607.130399998277426],[12230726.85020000115037,144639.766399998217821],[12230733.608800001442432,144679.636199999600649],[12230717.936999998986721,144682.613899998366833],[12230749.8215,144757.672699999064207],[12230751.3609,144761.296500001102686],[12230695.441599998623133,144791.757399998605251],[12230746.0368,144828.449099998921156],[12230717.2238,144857.856499999761581],[12230678.8906,144867.006400000303984],[12230624.9478,144908.963100001215935],[12230578.980500001460314,144851.980399999767542],[12230508.830699998885393,144858.277699999511242],[12230448.620700001716614,144834.599700000137091],[12230353.996399998664856,144816.568799998611212],[12230346.343400001525879,144813.36939999833703],[12230282.2086,144786.556600000709295],[12230314.359499998390675,144662.320799998939037],[12230262.089699998497963,144641.311200000345707],[12230197.5632,144651.275499999523163],[12230193.252999998629093,144671.260200001299381],[12230229.6233000010252,144730.903299998492002],[12230210.41270000115037,144774.865299999713898],[12230184.2625,144798.171100001782179],[12230170.6967,144797.165600001811981],[12230152.8207,144816.477899998426437],[12230152.1477,144841.12779999896884],[12230152.0808,144864.85869999974966],[12230152.0306,144882.712999999523163],[12230152.022100001573563,144885.817999999970198],[12230314.2834,144892.55350000038743],[12230350.801,144918.686000000685453],[12230354.977200001478195,145051.132800001651049],[12230342.264400001615286,145066.583299998193979],[12230350.225000001490116,145076.090500000864267],[12230350.3284,145088.039299998432398],[12230309.828499998897314,145088.154100000858307],[12230298.705200001597404,145100.540899999439716],[12230298.434300001710653,145114.39809999987483],[12230270.239100001752377,145123.445999998599291],[12230262.6809,145155.021499998867512],[12230220.465999998152256,145142.077599998563528],[12230180.6195,145188.4087999984622],[12230162.149,145209.885200001299381],[12230150.0176,145223.99100000038743],[12230170.970199998468161,145249.034200001507998],[12230123.5187,145287.136799998581409],[12230127.1417,145293.948100000619888],[12230127.498399998992682,145294.618900001049042],[12230139.2555,145316.724199999123812],[12230172.5038,145305.196400001645088],[12230205.184999998658895,145293.865100000053644],[12230209.519000001251698,145292.362500000745058],[12230209.4417,145292.652699999511242],[12230185.162500001490116,145383.807599999010563],[12230184.0499,145387.9847999997437],[12230152.504,145506.421300001442432],[12230152.3132,145509.378299999982119],[12230149.669100001454353,145550.348999999463558],[12230145.4052,145616.419199999421835],[12230141.176600001752377,145681.941599998623133],[12230140.35020000115037,145694.745600000023842],[12230139.8572,145702.385800000280142],[12230139.7089,145704.683299999684095],[12230169.8849,145909.537099998444319],[12230170.293499998748302,145912.311200000345707],[12230205.307500001043081,146150.008600000292063],[12230215.712000001221895,146220.641399998217821],[12230224.1206,146245.422699999064207],[12230315.8966,146515.898299999535084],[12230325.6842,146544.743400000035763],[12230341.337900001555681,146665.994100000709295],[12230356.9556,146786.965999998152256],[12230369.9996,146888.003100000321865],[12230492.7526,147045.821899998933077],[12230573.251400001347065,147076.188900001347065],[12230657.675299998372793,147108.036699999123812],[12230733.3975,147136.60190000012517],[12230820.934500001370907,147169.6239],[12231170.942899998277426,147175.453000001609325],[12231170.682100001722574,147136.368700001388788],[12231170.6957,147136.368900001049042],[12231170.0456,146995.78319999948144],[12231168.0464,146563.621300000697374],[12231166.577,146246.063499998301268],[12231515.479600001126528,146246.221500001847744],[12231730.009799998253584,146247.431800000369549],[12231938.328000001609325,146248.606800001114607],[12231972.583500001579523,146248.800000000745058],[12231974.127999998629093,146248.808699999004602],[12232139.5478,146249.741599999368191],[12232157.395100001245737,146249.842300001531839],[12232201.9003,146249.142599999904633],[12232553.577,146243.613099999725819],[12232717.650600001215935,146241.033100001513958],[12232756.127300001680851,146240.428100001066923],[12232797.103999998420477,146239.7837999984622],[12232866.794300001114607,146238.687899999320507],[12232919.2887,146237.862399999052286],[12232981.306400001049042,146236.887099999934435],[12233076.734900001436472,146231.984999999403954],[12233134.26240000128746,146229.029899999499321],[12233291.589000001549721,146220.947999998927116],[12233431.32209999859333,146213.769900001585484],[12233576.5434,146213.834499999880791],[12233581.5942,146213.83669999986887],[12233617.283,146213.852600000798702],[12233647.778099998831749,146213.866099998354912],[12233736.038600001484156,146213.905299998819828],[12233970.667599998414516,146214.009399998933077],[12234476.9223,146220.895700000226498],[12234476.627,146174.195300001651049],[12234507.3136,146174.839800000190735],[12234503.9551,145679.960700001567602],[12234510.047899998724461,145233.855999998748302],[12234512.256700001657009,145072.113000001758337],[12234511.945,144567.110500000417233],[12234514.131700001657009,144280.769299998879433],[12234535.7119,143619.478100001811981],[12234546.375500001013279,143161.521200001239777],[12234553.1562,142778.444499999284744],[12234551.719,142720.429499998688698],[12234550.616700001060963,142675.930399999022484],[12234550.542100001126528,142672.915399998426437],[12234550.413800001144409,142667.737300001084805],[12234550.3387,142664.704599998891354],[12234549.2231,142619.667700000107288],[12234536.2397,142095.557100001722574],[12234530.25959999859333,141497.416900001466274],[12234531.516600001603365,141369.905299998819828],[12234126.124899998307228,141282.670899998396635],[12234104.5559,141345.368400000035763],[12234097.5431,141343.6864],[12234051.008499998599291,141501.021499998867512],[12234051.0066,141501.027199998497963],[12234039.423500001430511,141534.69709999859333],[12233486.1866,141541.920800000429153],[12233232.7573,141338.894999999552965],[12232549.7018,141517.726799998432398],[12232361.1809,141516.736200001090765],[12232363.2568,141482.238200001418591],[12232363.2573,141482.230599999427795],[12232395.2163,141060.660700000822544],[12232154.797600001096725,141294.180599998682737],[12232155.4729,141356.367400001734495],[12232148.880800001323223,141362.5287000015378],[12232156.6092,141858.197999998927116],[12232161.6351,142479.116300001740456],[12232161.535500001162291,142709.174400001764297],[12232161.424600001424551,142965.037999998778105],[12232161.4052,143009.702599998563528],[12232161.3334,143175.107799999415874],[12232161.3011,143249.267099998891354],[12232161.5108,143265.026000000536442],[12232161.7612,143283.859900001436472],[12232168.9905,143827.551100000739098],[12232172.3251,144200.80290000140667],[12232172.329,144201.244100000709295],[12232153.3341,144200.650600001215935],[12232152.217799998819828,144180.726100001484156],[12232149.8673,144138.770199999213219],[12232116.6404,144138.692499998956919],[12232116.767099998891354,144145.266800001263618],[12232117.106199998408556,144162.831000000238419],[12232059.567499998956919,144163.006799999624491],[12232047.7592,144146.802600000053644],[12232009.64,144094.493400000035763],[12231958.3981,144074.075899999588728],[12231956.607700001448393,144073.36259999871254],[12231954.689800001680851,144072.598400000482798],[12231947.8015,144069.853700000792742],[12231924.4844,144012.755800001323223],[12231901.989799998700619,143957.672100000083447],[12231864.3072,143870.91330000013113],[12231808.321899998933077,143871.28830000013113],[12231780.802000001072884,143934.908599998801947],[12231780.7487,143935.031899999827147],[12231780.654,143934.918200001120567],[12231730.8871,143875.166499998420477],[12231703.435899998992682,143842.207600001245737],[12231731.2298,143721.767200000584126],[12231767.240200001746416,143697.905699998140335],[12231848.0953,143787.055500000715256],[12231882.8248,143787.070900000631809],[12231902.226100001484156,143699.737799998372793],[12231911.916900001466274,143634.451099999248981],[12231897.8202,143576.239199999719858],[12231893.6846,143559.161200001835823]]],[[[12230081.97520000115037,144871.950199998915195],[12230033.7353,144892.727000001817942],[12229974.261,144918.342000000178814],[12229972.457400001585484,144924.402199998497963],[12229940.936299998313189,145030.312199998646975],[12229930.0797,145066.791000001132488],[12229974.540600001811981,145087.863699998706579],[12230085.9824,145086.315400000661612],[12230090.1661,145023.959100000560284],[12230091.071400001645088,144992.473999999463558],[12230092.532499998807907,144941.668400000780821],[12230086.820099998265505,144903.945999998599291],[12230082.6065,144876.118900001049042],[12230081.97520000115037,144871.950199998915195]]],[[[12229221.1802,149029.997499998658895],[12229258.2672,149030.742199998348951],[12229262.763,149030.832600001245737],[12229509.8303,149035.7939000017941],[12229571.9018,149037.040199998766184],[12229652.6895,149038.662500001490116],[12229728.286200001835823,149040.180399999022484],[12229730.7397,149040.229699999094009],[12230021.3737,149034.552299998700619],[12230134.855,149032.335400000214577],[12230198.4533,149031.092999998480082],[12230230.3827,149030.469200000166893],[12230673.2843,149048.392700001597404],[12230730.012899998575449,149050.688299998641014],[12230836.9489,149050.737900000065565],[12230974.3468,149050.801500000059605],[12230978.3904,149050.803399998694658],[12231122.1382,149050.869899999350309],[12231156.8574,149050.885999999940395],[12231156.9633,148818.491700001060963],[12231157.002099998295307,148733.208099998533726],[12231157.066,148592.724599998444319],[12231157.0894,148541.218299999833107],[12231157.2689,148507.664900001138449],[12231157.3508,148492.553700000047684],[12231159.4481,148106.535000000149012],[12231160.082899998873472,147989.675299998372793],[12231160.8521,147848.060100000351667],[12231160.969999998807907,147834.481300000101328],[12231161.2538,147801.774099998176098],[12231162.210099998861551,147691.587099999189377],[12231163.854400001466274,147502.11259999871254],[12231165.270599998533726,147338.89919999986887],[12230928.4333,147342.594700001180172],[12230782.467300001531839,147344.872299998998642],[12230754.2555,147333.398200001567602],[12230512.30009999871254,147234.991799999028444],[12230509.006,147233.651999998837709],[12230435.264899998903275,147203.660599999129772],[12230384.949,147183.196400001645088],[12230300.4256,147086.637600000947714],[12230278.224,147061.274599999189377],[12230194.9874,146966.185899998992682],[12230193.968199998140335,146959.577599998563528],[12230166.680799998342991,146782.653900001198053],[12230166.68,146782.648400001227856],[12230164.0328,146761.993599999696016],[12230158.311099998652935,146717.352299999445677],[12230154.7837,146705.515900000929832],[12230144.84010000154376,146641.044900000095367],[12230125.0126,146580.646499998867512],[12230089.6694,146472.984499998390675],[12230057.0346,146373.572900000959635],[12230044.2918,146334.75620000064373],[12230035.673,146305.835700001567602],[12230006.5407,146119.278999999165535],[12229955.434300001710653,145792.007399998605251],[12229957.1551,145590.160599999129772],[12229957.6697,145529.783399999141693],[12229980.407499998807907,145443.605099998414516],[12229981.4888,145439.506799999624491],[12229992.902800001204014,145396.246300000697374],[12230018.9285,145297.605599999427795],[12229999.2887,145298.363099999725819],[12230004.329,145273.9070999994874],[12229687.8229,145277.138700000941753],[12229687.5357,145265.049100000411272],[12229684.530000001192093,145138.574999999254942],[12229682.2753,145043.696299999952316],[12229834.4879,144975.924600001424551],[12229842.37220000103116,144972.414200000464916],[12229855.248399998992682,144967.198399998247623],[12229948.961599998176098,144929.237900000065565],[12229932.2867,144807.711899999529123],[12229869.16160000115633,144850.961199998855591],[12229842.882599998265505,144896.571899998933077],[12229821.070999998599291,144896.135600000619888],[12229822.5387,144928.967599999159575],[12229820.9864999987185,144930.137800000607967],[12229803.922400001436472,144943.003199998289347],[12229799.991500001400709,144945.967099998146296],[12229778.418499998748302,144962.23200000077486],[12229763.8913,144951.192800000309944],[12229751.4199,144959.021699998527765],[12229752.5739,144965.916999999433756],[12229753.4003,144970.854899998754263],[12229743.1466,144978.182500001043081],[12229729.2513,144988.112300001084805],[12229723.7441,145003.425599999725819],[12229721.777199998497963,145008.894900001585484],[12229681.948399998247623,145029.940099999308586],[12229670.2286,144536.803899999707937],[12229640.2548,144496.432399999350309],[12229593.0876,144432.903400000184774],[12229642.02589999884367,144397.52930000051856],[12229616.3657,144361.008799999952316],[12229596.798700001090765,144313.565099999308586],[12229589.147799998521805,144313.037099998444319],[12229522.948399998247623,144308.468499999493361],[12229506.5495,144280.213300000876188],[12229555.5363,144243.460200000554323],[12229516.6497,144187.746800001710653],[12229485.6899,144164.015299998223782],[12229370.8006,144180.752000000327826],[12229327.8545,144226.582499999552965],[12228998.5423,144222.317099999636412],[12228936.470600001513958,144221.583599999547005],[12228947.107700001448393,144169.487300001084805],[12228940.542,144157.005100000649691],[12228930.843899998813868,144138.567099999636412],[12228850.809500001370907,144088.173799999058247],[12228816.778299998492002,144125.466299999505281],[12228774.5273,144194.33390000090003],[12228796.7555,144209.267400000244379],[12228792.2619,144219.879200000315905],[12228550.669599998742342,144217.023800000548363],[12228426.297400001436472,144215.553800001740456],[12228425.219300001859665,143771.321800000965595],[12228425.219300001859665,143771.316500000655651],[12228426.136799998581409,143676.638399999588728],[12228424.992199998348951,143677.72410000115633],[12228424.9351,143654.254099998623133],[12228081.461599998176098,143983.90430000051856],[12228089.7368,143995.697999998927116],[12228080.7762,144004.196600001305342],[12228147.506,144110.239999998360872],[12228149.9665,144114.149900000542402],[12228166.743,144140.810199998319149],[12228123.6294,144360.641399998217821],[12227979.571199998259544,144361.930799998342991],[12227903.739100001752377,144362.609499998390675],[12227903.7287,144362.609499998390675],[12227627.1921,144362.482400000095367],[12227429.4729,144362.39130000025034],[12227425.05290000140667,144366.89299999922514],[12227415.5464,144366.978000000119209],[12227387.9835,144394.858800001442432],[12227211.2474,144573.632199998944998],[12226832.9315,144956.307799998670816],[12226789.735,145352.685499999672174],[12226661.690699998289347,145558.9864999987185],[12226461.2133,145811.269000001251698],[12226488.1162,145838.643100000917912],[12226465.2322,145875.512699998915195],[12226604.150600001215935,145985.503499999642372],[12226587.934099998325109,146199.675000000745058],[12226440.911200001835823,146238.942499998956919],[12226177.2533,146121.877000000327826],[12226048.235100001096725,146307.24549999833107],[12226038.191100001335144,146321.676300000399351],[12226008.2535,146661.432199999690056],[12226676.913800001144409,146926.487900000065565],[12226676.9189000017941,146926.489900000393391],[12226689.8514,146931.940099999308586],[12226735.992199998348951,147084.824499998241663],[12226709.0458,147142.6266999989748],[12226657.1386,147203.804999999701977],[12226576.4084,147238.145100001245737],[12226516.094500001519918,147254.723400000482798],[12226514.7665,147264.365600001066923],[12226514.218199998140335,147264.598799999803305],[12226499.947700001299381,147371.962000001221895],[12226499.944400001317263,147371.9864999987185],[12226469.08219999819994,147596.071699999272823],[12226438.287999998778105,147695.662799999117851],[12226429.8701,147722.887099999934435],[12226299.280699998140335,148145.222800001502037],[12226299.314399998635054,148174.209199998527765],[12226295.4037000015378,148187.209199998527765],[12226299.5882,148409.773499999195337],[12226299.7619,148419.017799999564886],[12226818.5563,148408.152899999171495],[12226965.0,148407.695300001651049],[12227177.9868,148407.029599998146296],[12227223.280299998819828,148406.888000000268221],[12227288.886100001633167,148407.261700000613928],[12227490.626400001347065,148408.410799998790026],[12227807.706300001591444,148410.216400001198053],[12227861.2212,148410.521099999547005],[12228071.24549999833107,148407.375599998980761],[12228227.023400001227856,148405.042500000447035],[12228341.31700000166893,148403.330600000917912],[12228340.906100001186132,148562.980799999088049],[12228340.4408,148743.819600000977516],[12228340.0288,148903.837400000542402],[12228343.69029999896884,149450.762600000947714],[12228344.0731,149507.939399998635054],[12228344.111000001430511,149507.906599998474121],[12228344.102699998766184,149525.924100000411272],[12228423.0202,149456.960099998861551],[12228546.025199998170137,149349.469200000166893],[12228550.338599998503923,149345.701699998229742],[12228609.326299998909235,149294.179400000721216],[12228923.388,149019.864399999380112],[12229120.289900001138449,149026.564500000327826],[12229121.744199998676777,149026.614000000059605],[12229123.304200001060963,149026.667199999094009],[12229186.9875,149028.834100000560284],[12229188.8339,149028.896899998188019],[12229190.557,149028.95549999922514],[12229221.1802,149029.997499998658895]]]]}},
{"type":"Feature","properties":{"CompanyCode":"KALBAR - B"},"geometry":{"type":"MultiPolygon","coordinates":[[[[12169824.3724,-28045.291400000452995],[12169827.463100001215935,-28041.642700001597404],[12169990.250999998301268,-27849.466600000858307],[12170145.0284,-27666.746899999678135],[12170145.247299998998642,-27666.488600000739098],[12170383.4514,-27847.872499998658895],[12170452.639600001275539,-27900.55689999833703],[12170435.9721,-27925.03940000012517],[12170384.4318,-28000.745400000363588],[12170327.454300001263618,-28084.437899999320507],[12170268.252300001680851,-28209.258099999278784],[12170387.5284,-28329.334699999541044],[12170387.4842,-28329.413400001823902],[12170327.998799998313189,-28433.188400000333786],[12170215.638099998235703,-28598.412000000476837],[12169470.976799998432398,-28080.458500001579523],[12169487.4662000015378,-28060.277499999850988],[12169605.164700001478195,-27916.229400001466274],[12169621.7643,-27895.913400001823902],[12169824.3724,-28045.291400000452995]]],[[[12167788.3726,-29019.093899998813868],[12167779.090799998492002,-29033.387499999254942],[12167700.9806,-28983.61430000141263],[12167529.838599998503923,-28883.728500001132488],[12167333.715799998492002,-28774.367199998348951],[12167366.3262,-28720.988699998706579],[12167306.3616,-28679.522100001573563],[12167269.4446,-28738.528599999845028],[12167179.420899998396635,-28689.443999998271465],[12166630.2659,-28390.022900000214577],[12166715.0312,-28251.404399998486042],[12166710.2353,-28247.852000001817942],[12166671.75560000166297,-28219.350400000810623],[12166655.5971,-28207.381900001317263],[12166655.517299998551607,-28207.518500000238419],[12166613.21229999884963,-28279.921100001782179],[12166573.223000001162291,-28257.081399999558926],[12166573.2977,-28256.93189999833703],[12166580.3748,-28242.777699999511242],[12166555.740899998694658,-28229.268699999898672],[12166547.5944,-28242.127700001001358],[12166547.2703,-28242.639199998229742],[12166485.769299998879433,-28206.5185999982059],[12166441.1041,-28278.362399999052286],[12166280.7951,-28168.875399999320507],[12166379.4725,-28009.098700001835823],[12166379.465799998492002,-28009.094000000506639],[12165823.1994,-27614.179099999368191],[12165562.992400001734495,-27427.474500000476837],[12165222.072999998927116,-27182.857400000095367],[12165314.763300001621246,-27011.223400000482798],[12165414.1235,-26827.238400001078844],[12165545.6114,-26583.761900000274181],[12165641.332400001585484,-26406.514800000935793],[12165741.0568,-26221.854100000113249],[12165742.215,-26219.709399998188019],[12165799.342300001531839,-26113.925999999046326],[12165835.2014,-26047.525100000202656],[12165934.846500001847744,-25863.010600000619888],[12166027.7465,-25690.985500000417233],[12166118.26069999858737,-25523.377999998629093],[12165767.0876,-25290.311200000345707],[12165872.8785,-25098.732700001448393],[12165864.2672,-25091.559500001370907],[12165863.7368,-25092.569699998944998],[12165800.5935,-25050.000399999320507],[12165791.514199998229742,-25043.879399999976158],[12165797.860399998724461,-25036.24439999833703],[12165797.6406,-25036.061299998313189],[12165886.889199998229742,-24929.134500000625849],[12165916.355,-24893.832100000232458],[12165916.279,-24893.775800000876188],[12165985.358199998736382,-24810.666999999433756],[12165990.219300001859665,-24804.818399999290705],[12166027.873100001364946,-24826.722600001841784],[12166041.8299,-24834.841699998825788],[12166379.9714,-25031.547100000083447],[12166380.6347,-25032.864399999380112],[12166381.0977,-25034.063000001013279],[12166381.362,-25035.461500000208616],[12166381.2423,-25041.622999999672174],[12166381.465799998492002,-25041.745200000703335],[12166817.687600001692772,-25280.393399998545647],[12166817.9644,-25280.544900000095367],[12167340.9921,-25583.455800000578165],[12167517.8257,-25687.273600000888109],[12167518.2185,-25687.504299998283386],[12167532.702599998563528,-25695.268399998545647],[12167670.616700001060963,-25769.195000000298023],[12167695.6151,-25782.594999998807907],[12167691.9694,-25788.614599999040365],[12167612.0612,-25920.556000001728535],[12167619.896200001239777,-25927.569099999964237],[12167636.489500001072884,-25942.421799998730421],[12167674.314599998295307,-25969.3597999997437],[12167626.3154,-26045.195799998939037],[12167626.2198,-26045.346700001507998],[12167562.252300001680851,-26146.411499999463558],[12168076.999499998986721,-26471.878100000321865],[12168357.566399998962879,-26648.028200000524521],[12168362.914900001138449,-26651.386199999600649],[12168750.1012,-26896.680599998682737],[12168934.184500001370907,-27013.719999998807907],[12168864.669599998742342,-27145.32209999859333],[12168864.208,-27146.195999998599291],[12168781.2769,-27303.19709999859333],[12168777.406599998474121,-27310.524099998176098],[12168663.923500001430511,-27525.364100001752377],[12168663.173099998384714,-27526.785100001841784],[12168554.9787,-27731.612100001424551],[12168499.822299998253584,-27692.23200000077486],[12168481.794100001454353,-27679.360399998724461],[12168435.8891,-27646.585400000214577],[12168433.397999998182058,-27644.80689999833703],[12168414.456,-27631.282900001853704],[12168402.043000001460314,-27622.420299999415874],[12168389.629999998956919,-27613.557799998670816],[12168367.312800001353025,-27597.624000001698732],[12168338.9672,-27577.385999999940395],[12168313.5029,-27559.205099999904633],[12168298.5368,-27548.519799999892712],[12168281.5905,-27536.4206000007689],[12168266.518399998545647,-27525.659600000828505],[12168260.6125,-27521.442899998277426],[12168229.6926,-27499.36710000038147],[12168202.8043,-27480.16950000077486],[12168187.3114,-27469.1081000007689],[12168169.7806,-27456.591699998825788],[12168161.782499998807907,-27450.88120000064373],[12168109.0352,-27413.221099998801947],[12168108.633499998599291,-27412.934399999678135],[12168078.6219,-27391.506900001317263],[12168078.146899998188019,-27391.167700000107288],[12168065.524500001221895,-27382.155699998140335],[12168057.098900001496077,-27376.140000000596046],[12168018.765299998223782,-27348.770899999886751],[12168005.1408,-27339.043600000441074],[12168002.9668,-27337.491399999707937],[12167970.5649,-27314.357599999755621],[12167968.488200001418591,-27317.866799999028444],[12167864.258000001311302,-27493.994899999350309],[12167756.891600001603365,-27675.422200001776218],[12168033.129,-27871.278200000524521],[12168179.4093,-27976.58049999922514],[12168360.2933,-28106.793000001460314],[12168357.5387,-28111.807000000029802],[12168253.8068,-28300.622900001704693],[12168158.362,-28474.353700000792742],[12168050.920200001448393,-28669.92119999974966],[12168049.637200001627207,-28672.133799999952316],[12167932.486200001090765,-28874.154599998146296],[12167831.2995,-29048.645300000905991],[12167791.0,-29020.902699999511242],[12167788.3726,-29019.093899998813868]]],[[[12162495.4205,-25537.989000000059605],[12162545.7967,-25575.043299999088049],[12162549.2412,-25569.368299998342991],[12162649.969300001859665,-25403.411200001835823],[12162681.6981,-25424.454799998551607],[12162683.425,-25421.526599999517202],[12162683.4276,-25421.528299998492002],[12162789.6039,-25241.862900000065565],[12162896.019900001585484,-25061.791700001806021],[12162899.279599998146296,-25056.275600001215935],[12162822.5335,-25000.5962999984622],[12162936.099800001829863,-24831.905099999159575],[12162980.879299998283386,-24765.389600001275539],[12162998.25560000166297,-24778.315799999982119],[12163079.2031,-24668.760600000619888],[12163089.458299998193979,-24676.160900000482798],[12163126.6961,-24630.467300001531839],[12163205.6334,-24607.297499999403954],[12163237.071600001305342,-24624.472199998795986],[12163297.872499998658895,-24592.909800000488758],[12163298.147999998182058,-24593.10359999909997],[12163366.271499998867512,-24641.0472999997437],[12163368.388300001621246,-24637.656199999153614],[12163419.644299998879433,-24555.547499999403954],[12163497.6228,-24468.039200000464916],[12163635.910300001502037,-24312.851500000804663],[12163637.262699998915195,-24311.333799999207258],[12163658.2857,-24327.177600000053644],[12163756.679499998688698,-24151.129599999636412],[12163758.173300001770258,-24149.640999998897314],[12163757.6644,-24148.199099998921156],[12163757.6274,-24147.571100000292063],[12163908.0621,-23994.356899999082088],[12164030.726599998772144,-23869.425799999386072],[12164049.645,-23850.157800000160933],[12164210.1697,-23686.666600000113249],[12164252.315699998289347,-23740.807900000363588],[12164260.0026,-23750.682399999350309],[12164262.1824,-23753.482599999755621],[12164301.0275,-23803.383200000971556],[12164301.5647,-23804.073399998247623],[12164361.730500001460314,-23881.362799998372793],[12164363.2018,-23883.252999998629093],[12164492.1639,-24077.050999999046326],[12164444.7555,-24130.499099999666214],[12164415.284000001847744,-24163.725099999457598],[12164379.199499998241663,-24202.345300000160933],[12164326.118700001388788,-24259.156300000846386],[12164316.873799998313189,-24253.551600001752377],[12164302.7916,-24268.955299999564886],[12164297.805,-24274.409800000488758],[12164307.245700001716614,-24281.742199998348951],[12164286.594099998474121,-24304.371599998325109],[12164538.0605,-24492.79280000180006],[12164587.405900001525879,-24423.024500001221895],[12164638.992800001055002,-24461.385499998927116],[12164612.3633,-24507.508099999278784],[12164678.605999998748302,-24558.868900001049042],[12164693.6972,-24539.44029999896884],[12164693.9037000015378,-24539.586399998515844],[12164783.948399998247623,-24423.616900000721216],[12164801.056400001049042,-24435.321100000292063],[12164843.9914,-24464.694600000977516],[12165003.4983000010252,-24573.819400001317263],[12165320.5533,-24790.728999998420477],[12165321.591899998486042,-24791.439500000327826],[12165355.0760000012815,-24750.716499999165535],[12165480.526299998164177,-24598.145199999213219],[12165516.923300001770258,-24553.87950000166893],[12165509.309300001710653,-24548.841499999165535],[12165222.2205,-24358.883200000971556],[12165100.3198,-24278.22520000115037],[12165059.93299999833107,-24251.502399999648333],[12165053.7619,-24247.419100001454353],[12165073.038199998438358,-24217.065900001674891],[12165004.1904,-24136.752399999648333],[12165002.606600001454353,-24134.904899999499321],[12164984.480099998414516,-24108.111900001764297],[12164953.822500001639128,-24062.796399999409914],[12164922.0108,-24015.775199998170137],[12164918.595199998468161,-24010.726399999111891],[12164890.6585,-23969.432799998670816],[12164899.531100001186132,-23938.123199999332428],[12164944.438900001347065,-23779.654599998146296],[12164953.474599998444319,-23747.769999999552965],[12164954.6041,-23743.784499999135733],[12164976.895799998193979,-23740.562600001692772],[12165013.450599998235703,-23735.27930000051856],[12165101.9199,-23722.492600001394749],[12165100.016199998557568,-23712.477400001138449],[12165102.4985,-23710.1266999989748],[12165160.310400001704693,-23655.381099998950958],[12165254.138300001621246,-23566.529599998146296],[12165310.0834,-23519.151900000870228],[12165424.7617,-23422.037399999797344],[12165464.0656,-23451.7043999992311],[12165492.477899998426437,-23473.150199998170137],[12165518.257399998605251,-23492.609099999070168],[12165652.9773,-23594.296999998390675],[12165659.2696,-23599.046300001442432],[12165671.162099998444319,-23614.387800000607967],[12165687.362799998372793,-23635.286699999123812],[12165711.2799,-23666.140000000596046],[12165725.83219999819994,-23684.912599999457598],[12165745.037500001490116,-23709.6875],[12165760.50279999896884,-23729.638000000268221],[12165792.7159,-23771.193300001323223],[12165839.001400001347065,-23830.901999998837709],[12165911.001899998635054,-23923.783500000834465],[12165932.995700001716614,-23952.155699998140335],[12165946.874000001698732,-23970.058800000697374],[12165952.401700001209974,-23977.189599998295307],[12165955.935600001364946,-23981.748199999332428],[12165849.80799999833107,-24158.543000001460314],[12165756.7575,-24313.552400000393391],[12165719.975699998438358,-24374.825899999588728],[12165642.5636,-24503.783900000154972],[12165645.875,-24506.084499999880791],[12165625.674400001764297,-24541.866799999028444],[12165612.003400001674891,-24566.082899998873472],[12165599.8862,-24587.546900000423193],[12165665.8264,-24625.776599999517202],[12165660.6648,-24633.801899999380112],[12165621.105500001460314,-24693.525800000876188],[12165510.197999998927116,-24860.965599998831749],[12165505.883299998939037,-24867.479699999094009],[12165474.251200001686811,-24899.317600000649691],[12165380.874699998646975,-24993.301300000399351],[12165387.66160000115633,-24998.208000000566244],[12165612.9868,-25161.110700000077486],[12165605.959800001233816,-25166.862300001084805],[12165599.5968,-25172.07039999961853],[12165523.583700001239777,-25234.28660000115633],[12165514.68299999833107,-25241.571899998933077],[12165401.0139,-25178.746800001710653],[12165359.4151,-25170.229899998754263],[12165306.4965,-25261.675799999386072],[12165647.5735,-25497.968800000846386],[12165647.8394,-25498.152800001204014],[12165541.2306,-25678.136399999260902],[12165270.1437,-25486.49040000140667],[12165267.9375,-25490.152100000530481],[12165160.801,-25667.966699998825788],[12165121.08729999884963,-25733.879599999636412],[12165108.288600001484156,-25725.496199999004602],[12165041.9168,-25837.527100000530481],[12164995.2265,-25916.336800001561642],[12165010.1796,-25927.199099998921156],[12165010.31700000166893,-25927.298900000751019],[12164946.1272,-26038.815900001674891],[12164840.668000001460314,-26222.029899999499321],[12164747.930599998682737,-26383.141800001263618],[12164632.7341,-26563.696100000292063],[12164548.1149,-26696.324700001627207],[12164198.1804,-26454.929099999368191],[12163978.286400001496077,-26303.239799998700619],[12163772.7714,-26161.469399999827147],[12163425.459600001573563,-25926.464099999517202],[12163164.4037000015378,-25752.718199998140335],[12163052.7568,-25949.278499998152256],[12162951.7784,-26127.056099999696016],[12162879.1387,-26254.94200000166893],[12162712.455899998545647,-26162.790199998766184],[12162733.392,-26121.757800001651049],[12162523.7436,-26003.193599998950958],[12162520.8501,-26001.557199999690056],[12162495.897300001233816,-26041.447999998927116],[12162495.043699998408556,-26040.943399999290705],[12162276.676,-25911.88910000026226],[12162390.972800001502037,-25722.964600000530481],[12162390.9815,-25722.949499998241663],[12162495.269499998539686,-25537.877999998629093],[12162495.4205,-25537.989000000059605]]],[[[12165730.108199998736382,-22829.588100001215935],[12165846.413400001823902,-22787.595199998468161],[12165892.0134,-22832.113099999725819],[12166224.4199,-23156.631799999624491],[12166234.7971,-23165.220600001513958],[12166302.868900001049042,-23221.560899998992682],[12166373.769000001251698,-23280.24210000038147],[12166366.781,-23292.055399999022484],[12166366.589200001209974,-23292.379700001329184],[12166365.7179,-23293.85249999910593],[12166361.2718,-23301.368599999696016],[12166357.871800001710653,-23307.116200000047684],[12166347.715,-23324.286299999803305],[12166340.2892,-23336.839699998497963],[12166338.9071,-23339.176199998706579],[12166250.733199998736382,-23488.23369999974966],[12166250.070300001651049,-23489.354299999773502],[12166540.5064,-23683.4662000015378],[12166926.9716,-23941.759300000965595],[12166924.683899998664856,-23945.557000000029802],[12166867.7047,-24047.850400000810623],[12166866.698800001293421,-24049.655000001192093],[12166458.2912,-23813.796900000423193],[12166173.554200001060963,-23649.3597999997437],[12166167.963799998164177,-23643.239799998700619],[12166158.9263,-23633.346000000834465],[12165712.7069,-23144.852299999445677],[12165676.1353,-23104.815999999642372],[12165616.7588,-23039.814399998635054],[12165502.942200001329184,-22915.215300001204014],[12165500.464499998837709,-22912.502599999308586],[12165708.1151,-22837.528799999505281],[12165730.108199998736382,-22829.588100001215935]]],[[[12166434.1087,-23237.977699998766184],[12166344.843199998140335,-23177.337000001221895],[12166339.1633,-23173.47859999909997],[12166351.1858000010252,-23160.5929000005126],[12166359.1486,-23152.058600001037121],[12166354.032000001519918,-23147.196699999272823],[12166435.943300001323223,-23067.695599999278784],[12166442.717799998819828,-23061.12049999833107],[12166509.686700001358986,-22979.658399999141693],[12166559.789700001478195,-22947.493099998682737],[12166572.599800001829863,-22935.059999998658895],[12166575.7115,-22937.271699998527765],[12166595.835900001227856,-22924.352200001478195],[12166600.862300001084805,-22928.165699999779463],[12166755.331500001251698,-23045.357599999755621],[12166863.993900001049042,-23127.7972999997437],[12166730.363400001078844,-23287.217300001531839],[12166709.348499998450279,-23312.287900000810623],[12166694.5066,-23329.994100000709295],[12166664.5587,-23365.721599999815226],[12166655.969700001180172,-23375.968199998140335],[12166649.709800001233816,-23384.646499998867512],[12166631.0876,-23410.462799999862909],[12166628.8431,-23408.329900000244379],[12166625.901099998503923,-23411.839699998497963],[12166436.634399998933077,-23239.693500000983477],[12166434.1087,-23237.977699998766184]]],[[[12169015.247499998658895,-24687.09180000051856],[12169015.2425,-24687.100999999791384],[12168919.2489,-24861.020100001245737],[12168825.941,-25030.072999998927116],[12168787.9124,-25006.632500000298023],[12168786.1915,-25010.013000000268221],[12168720.9498,-25138.17850000038743],[12168577.1778,-25053.767900001257658],[12168221.6574,-24845.037000000476837],[12167503.5242,-24423.412200000137091],[12167505.676,-24419.795800000429153],[12167540.784400001168251,-24360.788699999451637],[12167626.800900001078844,-24216.219399999827147],[12167945.749899998307228,-24507.9206000007689],[12167945.9769,-24507.546100001782179],[12168149.370000001043081,-24172.049800001084805],[12168160.168499998748302,-24180.255499999970198],[12168271.215599998831749,-24264.639199998229742],[12168389.161899998784065,-24354.265700001269579],[12168389.924600001424551,-24354.845300000160933],[12168395.204100001603365,-24358.153400000184774],[12168464.794599998742342,-24401.757800001651049],[12168654.444699998944998,-24520.589600000530481],[12168807.453899998217821,-24259.063999999314547],[12168357.375999998301268,-23835.758499998599291],[12167899.313700001686811,-23384.120000001043081],[12167885.894299998879433,-23406.199400000274181],[12167881.7502,-23413.017799999564886],[12167878.346,-23418.61879999935627],[12167860.5585,-23447.885299999266863],[12167805.418200001120567,-23538.608800001442432],[12167804.492199998348951,-23540.132399998605251],[12167804.462900001555681,-23540.180700000375509],[12167708.5312,-23698.019299998879433],[12167696.652399998158216,-23717.563799999654293],[12167591.324700001627207,-23890.8614999987185],[12167590.3968,-23892.388000000268221],[12167482.490600001066923,-24069.92790000140667],[12167374.972,-24246.829599998891354],[12167330.734499998390675,-24319.614000000059605],[12167328.39,-24323.471400000154972],[12166907.328499998897314,-24073.446699999272823],[12166909.020100001245737,-24070.613400001078844],[12166967.0948,-23973.341400001198053],[12167077.8246,-23787.874899998307228],[12167078.94310000166297,-23786.001499999314547],[12167188.5011,-23602.497400000691414],[12167293.61,-23426.44480000063777],[12167282.923099998384714,-23418.624200001358986],[12167400.320999998599291,-23244.483500000089407],[12167414.743099998682737,-23223.090500000864267],[12167361.836399998515844,-23146.373799998313189],[12166959.86540000140667,-22863.291499998420477],[12167042.4819,-22731.272900000214577],[12167096.274999998509884,-22645.313299998641014],[12167148.358,-22559.409299999475479],[12167196.585,-22594.64299999922514],[12167196.752700001001358,-22594.765599999576807],[12167202.5634,-22585.487100001424551],[12167202.5847,-22585.453200001269579],[12167264.252,-22632.197999998927116],[12167316.617199998348951,-22671.891699999570847],[12167316.7839,-22672.01799999922514],[12167320.195999998599291,-22666.146099999547005],[12167325.1827,-22657.564500000327826],[12167348.188900001347065,-22617.972600001841784],[12167356.4282,-22603.793400000780821],[12167363.8829,-22590.964299999177456],[12167381.593899998813868,-22560.485199999064207],[12167383.9144,-22556.491700001060963],[12167387.44819999858737,-22550.410399999469519],[12167416.567699998617172,-22500.298000000417233],[12167470.2705,-22407.879799999296665],[12167470.737300001084805,-22407.07660000026226],[12167363.047600001096725,-22330.263000000268221],[12167360.6562,-22328.557300001382828],[12167360.18470000103116,-22329.354899998754263],[12167354.2896,-22339.327399998903275],[12167302.0794,-22427.649099998176098],[12167241.3688,-22530.350400000810623],[12167237.613000001758337,-22529.14979999884963],[12167194.02479999884963,-22515.216299999505281],[12167185.4687,-22504.467500001192093],[12167168.062199998646975,-22482.60020000115037],[12167149.708700001239777,-22459.543099999427795],[12167145.5601,-22454.331399999558926],[12167125.2077,-22428.763199999928474],[12167056.227699998766184,-22342.105500001460314],[12167055.739799998700619,-22342.977400001138449],[12167047.950399998575449,-22356.89809999987483],[12167004.056699998676777,-22435.341699998825788],[12167001.466400001198053,-22439.970800001174212],[12167001.2832,-22439.857700001448393],[12166986.416700001806021,-22430.680300001055002],[12166928.211199998855591,-22394.748399998992682],[12166900.7284,-22377.782600000500679],[12166891.478500001132488,-22372.072399999946356],[12166891.0354,-22372.849399998784065],[12166889.715799998492002,-22375.163600001484156],[12166884.2663,-22384.720600001513958],[12166845.709600001573563,-22452.339200001209974],[12166629.855999998748302,-22286.099399998784065],[12166845.709600001573563,-22452.339299999177456],[12166787.0592,-22554.172100000083447],[12166779.137200001627207,-22567.926699999719858],[12166713.19709999859333,-22682.416000001132488],[12166633.236200001090765,-22629.521499998867512],[12166562.895599998533726,-22556.768100000917912],[12166533.2397,-22511.674699999392033],[12166503.507800001651049,-22453.605999998748302],[12166468.903,-22451.975900001823902],[12166263.7132,-22237.970800001174212],[12166262.8812,-22236.930799998342991],[12166222.081999998539686,-22303.587200000882149],[12166170.325,-22107.951499998569489],[12166245.025199998170137,-21989.721900001168251],[12166246.875,-21987.045000001788139],[12166279.932300001382828,-21939.207100000232458],[12166347.5902,-21841.297800000756979],[12166387.5843,-21783.421500001102686],[12166390.5411,-21779.142599999904633],[12166383.153,-21750.969900000840425],[12166362.0075,-21670.337999999523163],[12166438.0411,-21538.858199998736382],[12166445.9837,-21525.123700000345707],[12166481.3448,-21452.27930000051856],[12166537.629,-21336.332800000905991],[12166538.17509999871254,-21335.207899998873472],[12166517.255399998277426,-21267.572999998927116],[12166511.48030000180006,-21238.172699999064207],[12166487.9025,-21118.144200000911951],[12166483.3964,-21017.113099999725819],[12166483.1505,-21011.601500000804663],[12166734.5449,-20977.646200001239777],[12166836.7498,-20963.841299999505281],[12166866.2483000010252,-20959.857299998402596],[12166993.283300001174212,-20944.275299999862909],[12167029.232299998402596,-20939.865899998694658],[12167124.863200001418591,-20928.135800000280142],[12167178.8708,-20921.511300001293421],[12167237.531100001186132,-20925.196600001305342],[12167391.1901,-20934.850000001490116],[12167492.5123,-20934.574200000613928],[12167572.3569,-20934.356800001114607],[12167627.3228,-20934.207100000232458],[12167744.3966,-20935.217399999499321],[12167753.154,-21010.498799998313189],[12167765.0715,-21112.94649999961257],[12167765.440900001674891,-21122.086399998515844],[12167768.3691,-21194.528499998152256],[12167770.8957,-21257.037799999117851],[12167761.419100001454353,-21313.213100001215935],[12167761.3655,-21313.531399998813868],[12167748.41270000115037,-21314.100999999791384],[12167636.219,-21319.035100001841784],[12167632.092099998146296,-21319.216600000858307],[12167622.4144,-21319.642200000584126],[12167623.2401,-21320.268399998545647],[12167706.6503,-21383.535399999469519],[12167706.6541,-21383.538199998438358],[12167678.5334,-21429.322200000286102],[12167666.424400001764297,-21449.036899998784065],[12167775.491500001400709,-21606.587200000882149],[12167971.7773,-21890.127500001341105],[12167960.1835,-21889.118900001049042],[12167959.248799998313189,-21889.037599999457598],[12167949.1747,-21888.161100000143051],[12167828.300900001078844,-21877.645399998873472],[12167800.1226,-21875.193999998271465],[12167704.682,-21863.49100000038743],[12167638.9342,-21855.429000001400709],[12167638.453899998217821,-21856.158700000494719],[12167628.7352,-21870.922200001776218],[12167630.431400001049042,-21872.151700001209974],[12167797.4474,-21993.225499998778105],[12168009.1004,-22146.657499998807907],[12168013.074700001627207,-22149.538499999791384],[12168036.228,-22166.322900000959635],[12168076.603500001132488,-22195.592099998146296],[12168146.2564,-22246.085200000554323],[12168163.343600001186132,-22258.472199998795986],[12168233.1314,-22309.063000001013279],[12168250.6193,-22321.74040000140667],[12168270.775400001555681,-22336.352099999785423],[12168351.7846,-22395.077799998223782],[12168364.5178,-22404.308400001376867],[12168398.924600001424551,-22429.250599998980761],[12168447.4338,-22464.416299998760223],[12168449.6045,-22466.012699998915195],[12168472.3772,-22482.761399999260902],[12168498.377300001680851,-22501.883699998259544],[12168502.5205,-22504.931000001728535],[12168546.1199,-22536.997099999338388],[12168583.727000001817942,-22564.655999999493361],[12168630.245900001376867,-22598.86939999833703],[12168645.850900001823902,-22610.346400000154972],[12168673.635200001299381,-22630.780999999493361],[12168728.3576,-22671.027699999511242],[12168765.2504,-22698.161299999803305],[12168815.450199998915195,-22735.081999998539686],[12168859.25560000166297,-22767.299499999731779],[12168882.346700001507998,-22784.282400000840425],[12169166.55009999871254,-22993.306499999016523],[12169238.843600001186132,-23046.476500000804663],[12169242.4071,-23049.0760000012815],[12169467.6765,-23213.401099998503923],[12169776.1503,-23438.421100001782179],[12169792.587499998509884,-23450.411400001496077],[12170061.1932,-23646.349500000476837],[12170061.1972,-23646.352299999445677],[12170061.199700001627207,-23646.354200001806021],[12170064.4052,-23648.692499998956919],[12170066.493099998682737,-23650.258000001311302],[12170246.4707,-23785.214200001209974],[12170392.045000001788139,-23895.412799999117851],[12170409.1437,-23908.356199998408556],[12170409.236200001090765,-23908.425999999046326],[12170409.236251562833786,-23908.426038296227489],[12170409.2363,-23908.425999999046326],[12170410.785799998790026,-23909.576799999922514],[12170435.1782,-23927.689899999648333],[12170446.4613,-23936.068399999290705],[12170473.8158,-23956.381299998611212],[12170505.4936,-23979.904599998146296],[12170536.4413,-24002.885600000619888],[12170579.54,-24034.889699999243021],[12170599.6375,-24049.81359999999404],[12170649.855500001460314,-24087.104400001466274],[12170670.8019,-24102.658700000494719],[12170709.838799998164177,-24131.646800000220537],[12170740.7462,-24154.597899999469519],[12170776.1362,-24180.87779999896884],[12170823.328499998897314,-24215.921599999070168],[12170876.874000001698732,-24255.683400001376867],[12170877.7667,-24256.3462999984622],[12170875.767,-24260.294199999421835],[12170875.5275,-24260.767099998891354],[12170865.956300001591444,-24279.173000000417233],[12170836.0662,-24336.652899999171495],[12170833.5323,-24341.525699999183416],[12170800.6096,-24404.837600000202656],[12170795.923099998384714,-24413.849899999797344],[12170780.857299998402596,-24442.82209999859333],[12170779.842300001531839,-24445.103399999439716],[12170776.901500001549721,-24451.714600000530481],[12170767.0557,-24473.847600001841784],[12170747.5174,-24517.769000001251698],[12170742.2674,-24529.570900000631809],[12170739.460499998182058,-24535.880699999630451],[12170734.152399998158216,-24547.813200000673532],[12170715.290600001811981,-24590.213799998164177],[12170694.1862,-24637.655900001525879],[12170687.05799999833107,-24632.28830000013113],[12170684.064599998295307,-24630.034200001507998],[12170659.475699998438358,-24611.518300000578165],[12170649.4705,-24603.984299998730421],[12170648.555799998342991,-24603.295499999076128],[12170647.435600001364946,-24602.451999999582767],[12170606.2672,-24571.451499998569489],[12170561.6058,-24537.820799998939037],[12170479.1283,-24475.714000001549721],[12170478.3481,-24475.126499999314547],[12170454.2835,-24457.005499999970198],[12170415.669300001114607,-24427.928399998694658],[12170344.7533,-24374.527699999511242],[12170315.052499998360872,-24352.162500001490116],[12170264.308600001037121,-24313.95160000026226],[12170261.2036,-24311.657000001519918],[12170236.651500001549721,-24293.513199999928474],[12170165.7451,-24241.113899998366833],[12170160.304699998348951,-24237.093499999493361],[12170074.1105,-24173.39640000090003],[12170074.069899998605251,-24173.36600000038743],[12170074.050900001078844,-24173.352200001478195],[12169856.9087,-24011.015000000596046],[12169852.5713,-24007.772300001233816],[12169644.8277,-23853.546700000762939],[12169635.125799998641014,-23846.344200000166893],[12169422.5262,-23688.51410000026226],[12169155.0264,-23493.352000001817942],[12169032.711599998176098,-23404.36879999935627],[12169031.2106,-23403.276900000870228],[12168815.0508,-23246.022399999201298],[12168480.0387,-23003.816399998962879],[12168236.327,-22825.308800000697374],[12168235.0148,-22827.47690000012517],[12168129.214899998158216,-23002.283700000494719],[12168021.649500001221895,-23180.007199998944998],[12167967.362300001084805,-23269.702500000596046],[12167948.173099998384714,-23301.407400000840425],[12167940.832060851156712,-23313.734489860609756],[12167919.585,-23349.412799999117851],[12167919.584969405084848,-23349.412851375665923],[12168062.1327,-23454.932199999690056],[12168062.988229537382722,-23453.221850956200797],[12168085.8733000010252,-23407.469700001180172],[12168085.8779,-23407.461899999529123],[12168160.725000001490116,-23281.187699999660254],[12168162.0425,-23278.964899998158216],[12168229.41270000115037,-23165.30460000038147],[12168231.8594,-23161.17680000141263],[12168276.2449,-23184.366900000721216],[12168295.5268,-23193.925799999386072],[12168302.551600001752377,-23197.408300001174212],[12168321.4745,-23206.789299998432398],[12168329.454300001263618,-23207.797899998724461],[12168374.5759,-23213.500900000333786],[12168401.1109,-23216.854600001126528],[12168410.0337,-23217.916400000452995],[12168420.059799998998642,-23219.109499998390675],[12168423.733,-23219.546599999070168],[12168428.697299998253584,-23220.13740000128746],[12168488.92509999871254,-23227.304400000721216],[12168594.977000001817942,-23262.386399999260902],[12168629.107,-23263.668600000441074],[12168654.345800001174212,-23281.410799998790026],[12168681.3323,-23283.810899998992682],[12168740.858600001782179,-23313.223499998450279],[12168762.606199998408556,-23317.06140000000596],[12168803.8783,-23335.9239999987185],[12168826.4201,-23338.004099998623133],[12169019.5946,-23451.678700000047684],[12169024.507199998944998,-23454.675200000405312],[12169095.330899998545647,-23497.874699998646975],[12169151.5896,-23544.974399998784065],[12169231.343600001186132,-23681.971799999475479],[12169325.309099998325109,-23795.611200001090765],[12169440.3878,-23907.894799999892712],[12169485.624000001698732,-23966.632100000977516],[12169518.55970000103116,-24003.393500000238419],[12169530.9529,-24021.587999999523163],[12169538.3735,-24032.482299998402596],[12169539.318999998271465,-24041.658700000494719],[12169539.834800001233816,-24046.664700001478195],[12169541.0784,-24058.734700001776218],[12169541.3501,-24059.009799998253584],[12169581.310600001364946,-24099.496800001710653],[12169592.062600001692772,-24110.390399999916553],[12169612.189599998295307,-24130.782699998468161],[12169616.8996,-24135.55460000038147],[12169626.2859,-24145.064699999988079],[12169628.519299998879433,-24147.327399998903275],[12169629.0645,-24147.879799999296665],[12169632.601599998772144,-24151.463599998503923],[12169476.413800001144409,-24271.777100000530481],[12169342.283100001513958,-24375.099599998444319],[12169324.0671,-24389.646499998867512],[12169208.1912,-24482.182500001043081],[12169153.9291,-24517.302400000393391],[12169069.1182,-24572.194499999284744],[12169031.1578,-24672.5439000017941],[12169029.0471,-24678.123500000685453],[12169021.345199998468161,-24676.044100001454353],[12169015.247499998658895,-24687.09180000051856]],[[12166329.344099998474121,-22054.660100001841784],[12166361.0302,-22079.063099998980761],[12166245.025199998170137,-21989.721900001168251],[12166329.344099998474121,-22054.660100001841784]],[[12166875.015500001609325,-21614.703999999910593],[12166968.9113,-21446.372400000691414],[12166973.4406,-21438.252300001680851],[12166981.0966,-21450.716400001198053],[12167075.021000001579523,-21603.627999998629093],[12167115.205400001257658,-21669.049400001764297],[12167181.8314,-21777.518300000578165],[12167188.055300001055002,-21787.650800000876188],[12167188.1813,-21787.855999998748302],[12167289.9786,-21622.246800001710653],[12167290.0872,-21622.063299998641014],[12167290.563900001347065,-21621.257699999958277],[12167363.750100001692772,-21497.591699998825788],[12167368.861699998378754,-21488.954300001263618],[12167306.705699998885393,-21394.831300001591444],[12167240.425900001078844,-21294.463799998164177],[12167239.886300001293421,-21293.646600000560284],[12167087.943999998271465,-21287.925900001078844],[12166882.6778,-21281.424499999731779],[12166875.110100001096725,-21281.184900000691414],[12166874.269299998879433,-21281.532600000500679],[12166763.3594,-21327.410000000149012],[12166673.324499998241663,-21364.652499999850988],[12166654.5797,-21372.406199999153614],[12166561.3484,-21410.97069999948144],[12166561.438700001686811,-21411.325599998235703],[12166574.2282,-21461.585299998521805],[12166579.5788,-21482.611900001764297],[12166610.7667,-21517.547499999403954],[12166650.4654,-21562.016600001603365],[12166651.099599998444319,-21562.72690000012517],[12166651.276099998503923,-21562.924699999392033],[12166651.498599998652935,-21563.193500000983477],[12166802.208099998533726,-21745.230099998414516],[12166873.734700001776218,-21617.000199999660254],[12166875.015500001609325,-21614.703999999910593]],[[12166483.459800001233816,-21957.363000001758337],[12166526.5867,-21886.927400000393391],[12166527.0693,-21886.139199998229742],[12166607.529,-21760.82880000025034],[12166621.8774,-21738.482099998742342],[12166590.374200001358986,-21719.622900001704693],[12166588.605,-21722.594200000166893],[12166501.417100001126528,-21869.025199998170137],[12166500.414,-21870.71000000089407],[12166438.5517,-21968.024500001221895],[12166405.4558,-22020.087000001221895],[12166406.3297,-22020.72749999910593],[12166407.235599998384714,-22021.391499999910593],[12166431.71339999884367,-22039.332699999213219],[12166432.788199998438358,-22040.12049999833107],[12166483.459800001233816,-21957.363000001758337]],[[12167156.0779,-22303.615899998694658],[12167156.954799998551607,-22304.24100000038743],[12167201.857900001108646,-22336.247400000691414],[12167202.1842,-22336.480000000447035],[12167310.6012,-22158.692999999970198],[12167314.045400001108646,-22153.044900000095367],[12167306.1391,-22146.345400001853704],[12167306.037099998444319,-22146.258900001645088],[12167322.066799998283386,-22121.154100000858307],[12167366.406800001859665,-22051.710900001227856],[12167368.6935,-22048.129700001329184],[12167356.9923,-22033.744199998676777],[12167355.4866,-22031.893100000917912],[12167350.3985,-22025.637800000607967],[12167343.773699998855591,-22017.493200000375509],[12167333.3816,-22004.717300001531839],[12167319.416499998420477,-22028.010800000280142],[12167286.7832,-22082.44310000166297],[12167275.1701,-22101.81359999999404],[12167270.585299998521805,-22109.461100000888109],[12167262.3156,-22123.254900000989437],[12167260.281399998813868,-22126.647799998521805],[12167260.250599998980761,-22126.699200000613928],[12167259.236000001430511,-22128.392900001257658],[12167247.361900001764297,-22148.215500000864267],[12167223.831,-22187.497800000011921],[12167212.118099998682737,-22207.051300000399351],[12167154.8138,-22302.714899998158216],[12167156.0779,-22303.615899998694658]]],[[[12166341.7885,-21252.169599998742342],[12166445.664299998432398,-21085.410900000482798],[12166506.3668,-21258.415199998766184],[12166459.8358,-21336.772399999201298],[12166365.3999,-21495.800599999725819],[12166322.0689,-21568.769000001251698],[12166269.401,-21426.063999999314547],[12166256.0319,-21389.839999999850988],[12166341.7885,-21252.169599998742342]]],[[[12168821.87779999896884,-19474.254999998956919],[12168825.1316,-19518.49549999833107],[12168832.0962999984622,-19613.195999998599291],[12168859.137200001627207,-19980.872699998319149],[12168839.779800001531839,-19974.330600000917912],[12168839.289099998772144,-19974.164700001478195],[12168409.5002,-19828.909299999475479],[12168397.3691,-19780.680500000715256],[12168310.7293,-19436.233600001782179],[12168286.028,-19338.030999999493361],[12168282.748,-19324.990899998694658],[12168213.8847,-19051.218800000846386],[12168450.8788,-19057.664599999785423],[12168732.0191,-19065.311099998652935],[12168749.5092,-19065.786800000816584],[12168821.87779999896884,-19474.254999998956919]]],[[[12172544.3260000012815,-18589.598000001162291],[12172486.807799998670816,-18642.456599999219179],[12172466.248100001364946,-18661.350699998438358],[12172413.154399998486042,-18712.826099999248981],[12172332.4384,-18791.081999998539686],[12172318.5718,-18804.52589999884367],[12172316.091899998486042,-18806.93019999936223],[12172292.766800001263618,-18829.544300001114607],[12172270.773200001567602,-18850.867600001394749],[12172254.4866,-18866.657800000160933],[12172240.1978,-18880.510999999940395],[12172227.3618,-18892.955800000578165],[12172222.0436,-18898.111900001764297],[12172217.277199998497963,-18902.7331000007689],[12172214.6985,-18905.2331000007689],[12172214.695300001651049,-18905.236200001090765],[12172167.8116,-18867.888399999588728],[12172131.235100001096725,-18918.071699999272823],[12172127.03489999845624,-18923.834300000220537],[12172083.721099998801947,-18983.261300001293421],[12172003.0244,-19093.977699998766184],[12171992.456300001591444,-19085.431800000369549],[12171980.5781,-19075.826400000602007],[12171964.310600001364946,-19062.671599999070168],[12171958.671300001442432,-19058.111400000751019],[12171938.478100001811981,-19041.7820999994874],[12171927.458299998193979,-19032.870799999684095],[12171904.0135000012815,-19013.912099998444319],[12171896.8217,-19008.096400000154972],[12171892.419300001114607,-19004.536299999803305],[12171910.6692,-18981.428399998694658],[12171911.8,-18979.996599998325109],[12171930.8213,-18955.911699999123812],[12171933.308200001716614,-18952.762899998575449],[12171950.3728,-18931.155699998140335],[12171955.1846,-18925.063000001013279],[12171976.115600001066923,-18898.560100000351667],[12171977.7445,-18896.497499998658895],[12171995.9754,-18873.413699999451637],[12171999.5158,-18868.930900000035763],[12172003.487799998372793,-18863.901500001549721],[12172011.052499998360872,-18854.322999998927116],[12172018.142299998551607,-18845.346000000834465],[12172018.771000001579523,-18844.550000000745058],[12172015.6523,-18842.229400001466274],[12172010.812399998307228,-18838.628199998289347],[12171995.3228,-18827.102699998766184],[12171988.7885,-18822.240699999034405],[12171977.2885,-18813.683800000697374],[12171972.048300001770258,-18809.784699998795986],[12171967.014600001275539,-18806.039099998772144],[12171951.2113,-18794.280299998819828],[12171943.453499998897314,-18788.50789999961853],[12171937.2513,-18783.892900001257658],[12171927.726100001484156,-18776.805500000715256],[12171916.793200001120567,-18768.670499999076128],[12171913.638999998569489,-18766.323600001633167],[12171886.142900001257658,-18745.864199999719858],[12171881.5608000010252,-18742.454799998551607],[12171858.514899998903275,-18725.306699998676777],[12171854.4551,-18722.285999998450279],[12171828.3911,-18702.892299998551607],[12171818.742800001055002,-18695.713199999183416],[12171797.450599998235703,-18679.870000001043081],[12171788.9379,-18673.535999998450279],[12171771.81810000166297,-18660.797499999403954],[12171759.133000001311302,-18651.358800001442432],[12171751.644299998879433,-18645.786699999123812],[12171735.205200001597404,-18633.55460000038147],[12171732.0132,-18631.17960000038147],[12171723.112,-18624.556400001049042],[12171717.960700001567602,-18620.723299998790026],[12171717.435400001704693,-18620.332499999552965],[12171800.365200001746416,-18533.541799999773502],[12171802.807,-18430.217500001192093],[12171808.7504,-18178.703999999910593],[12171812.872000001370907,-18004.280799999833107],[12171846.7264,-17969.266699999570847],[12172006.234299998730421,-17804.295200001448393],[12172266.8787,-18064.998700000345707],[12172294.846500001847744,-18038.482099998742342],[12172444.611699998378754,-17896.488499999046326],[12172452.765500001609325,-17902.255100000649691],[12172627.641800001263618,-18025.928100001066923],[12172893.319200001657009,-18213.816199999302626],[12172888.187199998646975,-18219.614399999380112],[12172753.324,-18371.985599998384714],[12172700.618900001049042,-18431.215500000864267],[12172644.0867,-18494.745900001376867],[12172628.5922,-18512.158300001174212],[12172621.5973,-18518.586599998176098],[12172562.0707,-18573.290899999439716],[12172544.3260000012815,-18589.598000001162291]]],[[[12171036.4560999982059,-17956.090399999171495],[12171036.792599998414516,-17956.210200000554323],[12171037.4677,-17971.160000000149012],[12171038.007199998944998,-17983.103700000792742],[12171038.934099998325109,-18003.627099998295307],[12171039.2381,-18010.359900001436472],[12171040.285,-18033.539000000804663],[12171040.888999998569489,-18046.913600001484156],[12171041.87779999896884,-18068.807199999690056],[12171042.5757,-18084.261900000274181],[12171043.2513,-18099.219500001519918],[12171043.964499998837709,-18115.014600001275539],[12171044.4331,-18125.390000000596046],[12171046.046100001782179,-18161.107900001108646],[12171046.187600001692772,-18164.242800001055002],[12171046.3294,-18167.381700001657009],[12171046.9225,-18180.515000000596046],[12171047.156599998474121,-18185.69819999858737],[12171047.8882,-18201.899399999529123],[12171048.2044,-18208.901900000870228],[12171048.8735,-18223.716099999845028],[12171049.1266999989748,-18229.324200000613928],[12171049.7162000015378,-18242.376800000667572],[12171049.975499998778105,-18248.117499999701977],[12171050.4877,-18259.460700001567602],[12171050.869,-18267.904199998825788],[12171051.028,-18271.42509999871254],[12171051.5858,-18283.776500001549721],[12171051.683600001037121,-18285.942699998617172],[12171051.7762,-18287.992800001055002],[12171052.443,-18302.758299998939037],[12171052.707400001585484,-18308.613800000399351],[12171053.314599998295307,-18322.059200000017881],[12171053.714000001549721,-18330.903599999845028],[12171054.24720000103116,-18342.710200000554323],[12171054.647100001573563,-18351.564300000667572],[12171054.815200001001358,-18355.285500001162291],[12171054.9639,-18358.577899999916553],[12171055.34010000154376,-18366.908300001174212],[12171055.57490000128746,-18372.105900000780821],[12171056.192499998956919,-18385.782000001519918],[12171056.640700001269579,-18395.706900000572205],[12171056.983199998736382,-18403.291299998760223],[12171057.4769,-18414.222100000828505],[12171057.802499998360872,-18421.431400001049042],[12171058.354400001466274,-18433.651099998503923],[12171058.5037,-18436.958599999547005],[12171059.188700001686811,-18452.126600001007318],[12171059.3609,-18455.939500000327826],[12171059.3635,-18455.997800000011921],[12171059.349800001829863,-18455.995099999010563],[12171059.079599998891354,-18455.941300000995398],[12171058.325199998915195,-18455.791299998760223],[12171049.603500001132488,-18454.055799998342991],[12171034.254099998623133,-18451.001400001347065],[12170992.9901,-18442.790300000458956],[12170970.6294,-18438.340799998492002],[12170941.179499998688698,-18432.480700001120567],[12170878.290800001472235,-18419.966499999165535],[12170873.1582,-18418.945099998265505],[12170832.3559,-18410.825899999588728],[12170803.4699,-18405.077899999916553],[12170799.3404,-18453.222699999809265],[12170798.0088,-18468.746800001710653],[12170797.043200001120567,-18480.004599999636412],[12170740.5062,-18463.513300001621246],[12170739.631900001317263,-18463.258299998939037],[12170605.2942,-18424.073300000280142],[12170576.406800001859665,-18415.647300001233816],[12170555.086399998515844,-18409.428199999034405],[12170541.402199998497963,-18405.436599999666214],[12170506.9901,-18395.399000000208616],[12170498.650400001555681,-18392.966299999505281],[12170465.0579,-18383.167700000107288],[12170455.183600001037121,-18380.287500001490116],[12170423.7571,-18371.120700001716614],[12170409.571199998259544,-18366.982900001108646],[12170379.063099998980761,-18358.083999998867512],[12170366.0249,-18354.280799999833107],[12170325.4073,-18342.433200001716614],[12170321.2071,-18341.208099998533726],[12170301.581999998539686,-18335.483600001782179],[12170274.958999998867512,-18327.717999998480082],[12170265.5409,-18324.970800001174212],[12170257.182,-18321.163199998438358],[12170255.5293,-18320.410300001502037],[12170242.99549999833107,-18314.700899999588728],[12170141.3405,-18268.395100001245737],[12170137.600499998778105,-18266.691399998962879],[12170126.1699,-18261.484499998390675],[12170030.530499998480082,-18203.781300000846386],[12169962.8017,-18162.917599998414516],[12169877.937600001692772,-18125.092700000852346],[12169856.724399998784065,-18181.088700000196695],[12169784.677000001072884,-18141.886300001293421],[12169654.290399998426437,-18066.552999999374151],[12169643.423700001090765,-18085.656100001186132],[12169627.9054,-18089.324999999254942],[12169635.9115,-18135.856899999082088],[12169651.006299998611212,-18144.542500000447035],[12169666.1012,-18153.227800000458956],[12169670.272100001573563,-18552.66950000077486],[12169664.5696,-18551.028799999505281],[12169662.4377,-18550.415300000458956],[12169609.999899998307228,-18535.327199999243021],[12169604.2788,-18535.327100001275539],[12169585.461199998855591,-18535.326900001615286],[12169479.7408,-18535.325500000268221],[12169407.0544,-18535.324599999934435],[12169406.242199998348951,-18535.324599999934435],[12169402.079999998211861,-18535.324499998241663],[12169327.827,-17991.009500000625849],[12169327.8262,-17991.004000000655651],[12169306.614100001752377,-17835.508799999952316],[12169288.6508,-17810.825699999928474],[12169286.7483000010252,-17797.228500001132488],[12169267.533300001174212,-17659.898899998515844],[12169259.593899998813868,-17603.155999999493361],[12169239.8525,-17462.064800001680851],[12169229.9525,-17391.309099998325109],[12169226.826499998569489,-17368.968600001186132],[12169216.8715,-17297.820099998265505],[12169216.347199998795986,-17294.073399998247623],[12169620.4575,-17337.122900001704693],[12169877.617800001055002,-17518.102000001817942],[12169933.6301,-17557.521200001239777],[12170047.8253,-17637.887200001627207],[12170062.222,-17648.019000001251698],[12170141.6501,-17703.917399998754263],[12170149.104899998754263,-17709.163800001144409],[12170152.273899998515844,-17603.392499998211861],[12170154.381,-17604.165399998426437],[12170589.284699998795986,-17763.68299999833107],[12170579.067499998956919,-17780.829199999570847],[12170601.934300001710653,-17797.551399998366833],[12170681.16270000115037,-17855.489500001072884],[12170692.992800001055002,-17834.349500000476837],[12170693.338799998164177,-17833.731300000101328],[12171035.33219999819994,-17955.690900001674891],[12171035.6411,-17955.800400000065565],[12171036.121399998664856,-17955.9712999984622],[12171036.4560999982059,-17956.090399999171495]]],[[[12185669.439399998635054,-16849.055300001055002],[12185737.7203,-16847.896600000560284],[12185742.4487,-16847.816399998962879],[12185859.840999998152256,-16845.824000000953674],[12185878.6426,-16740.328299999237061],[12185896.8015,-16638.438900001347065],[12185897.670899998396635,-16632.799600001424551],[12185800.935400001704693,-16616.462400000542402],[12185417.1644,-16551.649599999189377],[12185550.4007,-16406.566100001335144],[12185788.238000001758337,-16147.58049999922514],[12185995.0726,-15922.354499999433756],[12185968.779,-15896.98030000180006],[12185901.522,-15840.867300000041723],[12185891.348700001835823,-15833.450800001621246],[12185891.7716,-15832.732500001788139],[12185883.718899998813868,-15826.01410000026226],[12185922.8306,-15775.934900000691414],[12185815.279800001531839,-15777.0625],[12185721.997699998319149,-15778.040699999779463],[12185732.463100001215935,-15571.372699998319149],[12185733.586800001561642,-15549.18189999833703],[12185733.6162,-15548.601399999111891],[12185732.640500001609325,-15545.067800000309944],[12185697.9905,-15580.26410000026226],[12185572.7493,-15707.479699999094009],[12185546.618,-15673.328699998557568],[12185643.065699998289347,-15483.829799998551607],[12185681.8442,-15407.702799998223782],[12185694.1858000010252,-15386.259500000625849],[12185708.5938,-15375.631799999624491],[12185708.785100001841784,-15375.015500001609325],[12185707.18,-15373.120999999344349],[12185716.209600001573563,-15355.725699998438358],[12185827.4177,-15141.486999999731779],[12185835.418499998748302,-15125.266199998557568],[12185837.9423,-15120.070900000631809],[12185847.2097,-15100.994199998676777],[12185853.5363,-15087.970899999141693],[12185860.2755,-15073.058499999344349],[12185868.4756,-15054.913699999451637],[12185876.5279,-15025.45890000090003],[12185877.481600001454353,-15023.869699999690056],[12185878.964899998158216,-15022.704100001603365],[12185880.0244,-15022.174300000071526],[12185881.2958,-15022.174400001764297],[12185882.6732,-15022.174499999731779],[12185885.110100001096725,-15022.492300000041723],[12185889.666000001132488,-15023.551699999719858],[12185893.48030000180006,-15024.717300001531839],[12185921.875500001013279,-15031.921999998390675],[12185972.4216,-15042.8902000002563],[12185976.452399998903275,-15037.909200001507998],[12185980.6602,-15038.776399999856949],[12186007.8369,-15043.862300001084805],[12186041.370700001716614,-15051.013999998569489],[12186068.3885000012815,-15057.053300000727177],[12186085.5528,-15063.569200001657009],[12186096.677700001746416,-15067.065799999982119],[12186104.3063,-15068.972899999469519],[12186110.9813,-15070.244300000369549],[12186117.6563,-15071.515799999237061],[12186123.2188,-15072.787200000137091],[12186129.258000001311302,-15074.058699999004602],[12186134.3438,-15074.694400001317263],[12186138.3169,-15075.171100001782179],[12186143.084800001233816,-15075.647900000214577],[12186148.488400001078844,-15076.283700000494719],[12186150.316100001335144,-15076.760400000959635],[12186155.3063,-15078.913800001144409],[12186165.219999998807907,-15086.586800001561642],[12186171.365200001746416,-15092.732200000435114],[12186172.4753,-15093.842199999839067],[12186176.0271,-15097.394000001251698],[12186180.0533,-15101.420099999755621],[12186181.409200001507998,-15102.517799999564886],[12186184.5033,-15105.02250000089407],[12186188.953200001269579,-15108.836899999529123],[12186194.0389,-15112.651200000196695],[12186206.155699998140335,-15119.074700001627207],[12186207.9276,-15120.147900000214577],[12186237.0114,-15136.199700001627207],[12186251.6327,-15144.940699998289347],[12186282.4648,-15163.535500001162291],[12186330.6201,-15197.54619999974966],[12186359.545000001788139,-15218.52479999884963],[12186390.8539,-15236.642700001597404],[12186422.957400001585484,-15257.621399998664856],[12186450.452,-15274.944499999284744],[12186472.701900001615286,-15289.089200001209974],[12186487.641199998557568,-15298.7837999984622],[12186493.203699998557568,-15303.551699999719858],[12186497.6537000015378,-15308.001600001007318],[12186501.9448,-15312.292599998414516],[12186503.693,-15314.358899999409914],[12186505.4412,-15316.424800001084805],[12186508.7786,-15319.762299999594688],[12186512.116099998354912,-15323.735500000417233],[12186514.976799998432398,-15327.23200000077486],[12186517.678599998354912,-15330.728399999439716],[12186520.3805,-15334.065999999642372],[12186523.399999998509884,-15338.197999998927116],[12186554.3911,-15379.519600000232458],[12186571.8732,-15401.29280000180006],[12186606.04280000180006,-15444.998199999332428],[12186626.7034,-15475.194600000977516],[12186651.019499998539686,-15508.728700000792742],[12186658.647999998182058,-15523.668000001460314],[12186671.2033,-15557.837600000202656],[12186672.9434,-15565.919300001114607],[12186673.241099998354912,-15567.301899999380112],[12186678.355099998414516,-15591.053700000047684],[12186687.5729,-15636.825199998915195],[12186696.4729,-15692.450199998915195],[12186698.3801,-15723.282400000840425],[12186695.8372,-15760.471700001507998],[12186692.499699998646975,-15780.973499998450279],[12186692.262699998915195,-15783.446199998259544],[12186691.808200001716614,-15788.185400001704693],[12186691.387200001627207,-15792.575399998575449],[12186691.0693,-15801.475299999117851],[12186688.208700001239777,-15855.352099999785423],[12186687.414,-15884.912900000810623],[12186679.3087,-15956.271800000220537],[12186678.5244,-15963.686999998986721],[12186675.812199998646975,-15989.328999999910593],[12186673.2694,-16019.684500001370907],[12186671.680100001394749,-16073.720199998468161],[12186670.090799998492002,-16123.62390000000596],[12186670.8854,-16133.000599998980761],[12186671.839000001549721,-16141.105900000780821],[12186673.110399998724461,-16148.257800001651049],[12186674.699700001627207,-16154.932799998670816],[12186675.67680000141263,-16158.701699998229742],[12186673.169799998402596,-16162.146999999880791],[12186683.43189999833703,-16184.643899999558926],[12186691.344700001180172,-16201.99040000140667],[12186688.1054,-16204.448899999260902],[12186651.4267,-16232.286100000143051],[12186618.8977,-16256.973999999463558],[12186587.786400001496077,-16280.585900001227856],[12186587.2707,-16280.19200000166893],[12186509.2575,-16220.603900000452995],[12186471.3563,-16315.722500000149012],[12186466.664700001478195,-16315.537300001829863],[12186464.122000001370907,-16362.156300000846386],[12186472.413600001484156,-16367.88459999859333],[12186471.619,-16391.988699998706579],[12186501.81529999896884,-16392.677299998700619],[12186507.0489999987185,-16390.434599999338388],[12186564.793000001460314,-16388.687899999320507],[12186568.526099998503923,-16479.712999999523163],[12186626.9076,-16489.643100000917912],[12186661.7396,-16495.567499998956919],[12186672.2784,-16542.772700000554323],[12186831.0742,-16541.977899998426437],[12186807.5482,-16736.18019999936223],[12186796.242400001734495,-16829.506799999624491],[12186411.238899998366833,-16807.654100000858307],[12186207.292599998414516,-16802.364900000393391],[12186183.8251,-16834.614399999380112],[12186158.0291,-16870.063400000333786],[12186203.616099998354912,-16910.062800001353025],[12186573.8715,-16934.406500000506639],[12186569.1034,-16989.634300000965595],[12186308.121,-16970.241999998688698],[12186292.1138,-16987.71229999884963],[12186334.903499998152256,-17025.257599998265505],[12186547.515700001269579,-17033.207299999892712],[12186540.337699998170137,-17054.876299999654293],[12186501.6761,-17171.58839999884367],[12186478.572999998927116,-17231.458000000566244],[12186460.456999998539686,-17311.629299998283386],[12186459.185600001364946,-17314.807900000363588],[12186457.066599998623133,-17316.927000001072884],[12186453.4641,-17319.25789999961853],[12186451.557100001722574,-17320.52930000051856],[12186450.0737,-17323.07209999859333],[12186449.6499,-17325.614900000393391],[12186445.8037,-17398.051199998706579],[12186444.564100001007318,-17423.197399999946356],[12186464.377300001680851,-17425.846200000494719],[12186474.9375,-17426.941399998962879],[12186489.521699998527765,-17428.479699999094009],[12186507.242600001394749,-17430.348700001835823],[12186513.7436,-17434.502700001001358],[12186472.422200001776218,-17576.743999999016523],[12186400.109700001776218,-17554.493999999016523],[12186342.290600001811981,-17783.957800000905991],[12186244.3026,-17736.223799999803305],[12186247.8396,-17728.472300000488758],[12186185.038800001144409,-17690.109999999403954],[12186187.539900001138449,-17643.890000000596046],[12186139.16160000115633,-17615.095600001513958],[12186141.916299998760223,-17572.396699998527765],[12186097.946199998259544,-17548.875199999660254],[12186068.962699998170137,-17531.920699998736382],[12186077.3519,-17486.297899998724461],[12185975.2375,-17445.453400000929832],[12185943.914,-17427.247299998998642],[12185941.0048,-17399.314899999648333],[12185940.170400001108646,-17389.576400000602007],[12185736.2971,-17306.57490000128746],[12185729.9401,-17302.879900000989437],[12185659.216899998486042,-17399.667700000107288],[12185941.7718,-17590.379799999296665],[12186164.942699998617172,-17738.888599999248981],[12186147.493500001728535,-17782.993000000715256],[12186024.7364999987185,-17703.754900000989437],[12185910.1565,-17629.742899999022484],[12185629.974,-17443.373100001364946],[12185565.3416,-17568.208399999886751],[12185282.449099998921156,-17341.734600000083447],[12185352.377500001341105,-17247.966699998825788],[12185392.0521,-17270.529699999839067],[12185477.721,-17319.249800000339746],[12185581.631700001657009,-17086.256700001657009],[12185673.3614999987185,-17081.968800000846386],[12185669.439399998635054,-16849.055300001055002]],[[12186033.7573,-16562.439699999988079],[12185982.8163,-16633.067699998617172],[12185981.2852,-16635.190499998629093],[12186103.180799998342991,-16637.15260000154376],[12186113.7091,-16601.380199998617172],[12186117.166499998420477,-16589.633000001311302],[12186112.080699998885393,-16583.752599999308586],[12186033.7573,-16562.439699999988079]],[[12186328.822700001299381,-16594.983300000429153],[12186328.7989,-16601.380399998277426],[12186328.671799998730421,-16635.563700001686811],[12186328.6637,-16637.735100001096725],[12186533.045400001108646,-16643.297699999064207],[12186542.8679,-16601.380300000309944],[12186544.144299998879433,-16595.933200001716614],[12186557.971099998801947,-16564.94200000166893],[12186556.699700001627207,-16545.711500000208616],[12186468.4945,-16543.009899999946356],[12186470.083700001239777,-16458.777499999850988],[12186461.3618,-16453.218499999493361],[12186455.6213,-16449.55970000103116],[12186255.2128,-16445.268699999898672],[12186255.2128,-16414.456300001591444],[12186255.179699998348951,-16396.000700000673532],[12186218.341400001198053,-16396.000799998641014],[12186217.3435,-16323.605900000780821],[12186062.7033,-16522.306800000369549],[12186064.297200001776218,-16522.751400001347065],[12186094.774300001561642,-16531.252900000661612],[12186122.3218,-16538.139899998903275],[12186229.5871,-16543.440000001341105],[12186233.9795,-16543.309900000691414],[12186335.179699998348951,-16540.311799999326468],[12186336.4512,-16555.886900000274181],[12186336.4512,-16560.495900001376867],[12186335.974399998784065,-16564.151200000196695],[12186334.3851,-16570.667300000786781],[12186332.9547,-16575.11710000038147],[12186328.822700001299381,-16594.983300000429153]],[[12186037.07319999858737,-16959.270599998533726],[12185834.096700001507998,-16946.142499998211861],[12185832.664900001138449,-17016.249699998646975],[12185831.4203,-17077.195799998939037],[12186036.914299998432398,-17085.460099998861551],[12186036.9732,-17038.641199998557568],[12186037.07319999858737,-16959.270599998533726]],[[12185803.680599998682737,-17182.246399998664856],[12185787.999699998646975,-17207.462900001555681],[12185947.9952,-17264.397100001573563],[12185969.98030000180006,-17231.551699999719858],[12185803.680599998682737,-17182.246399998664856]]],[[[12191782.553800001740456,-16262.011199999600649],[12191747.1191,-16291.361000001430511],[12191648.5493,-16371.791000001132488],[12191645.238200001418591,-16367.817899998277426],[12191630.405000001192093,-16354.971200000494719],[12191618.684,-16343.713700000196695],[12191617.2738,-16342.359200000762939],[12191754.429499998688698,-16232.095499999821186],[12191782.553800001740456,-16262.011199999600649]]],[[[12191626.3418,-15843.922499999403954],[12191651.9822,-15878.039299998432398],[12191586.5038,-15929.956000000238419],[12191566.7967,-15889.905900001525879],[12191626.3418,-15843.922499999403954]]],[[[12191366.23759999871254,-16844.846000000834465],[12191249.842799998819828,-16879.115299999713898],[12191243.647100001573563,-16944.301100000739098],[12191243.102699998766184,-16950.029500000178814],[12191196.5258,-16968.845499999821186],[12191175.3919,-16976.950800001621246],[12191140.582899998873472,-16990.300799999386072],[12191133.1452,-16993.39299999922514],[12191053.808200001716614,-17026.377599999308586],[12191046.462499998509884,-17029.431600000709295],[12191045.0834,-17030.005100000649691],[12191044.733,-17030.539799999445677],[12191027.727699998766184,-17059.464899998158216],[12191026.217799998819828,-17062.087200000882149],[12191024.708099998533726,-17064.709600001573563],[12191021.6884,-17069.795200001448393],[12191172.215999998152256,-17386.69200000166893],[12191167.44819999858737,-17529.728000000119209],[12191067.323399998247623,-17523.370900001376867],[12191068.91270000115037,-17373.977699998766184],[12190979.122499998658895,-17154.3293999992311],[12190977.954300001263618,-17156.434799998998642],[12190974.6725,-17108.13399999961257],[12190847.669100001454353,-16983.431600000709295],[12190860.6486,-16919.065699998289347],[12190886.732299998402596,-16932.252700001001358],[12190977.460499998182058,-16831.654800001531839],[12191050.317699998617172,-16781.794599998742342],[12191072.793200001120567,-16781.796100001782179],[12191075.4481,-16781.796300001442432],[12191077.302299998700619,-16779.677400000393391],[12191079.9511,-16777.690600000321865],[12191082.732299998402596,-16775.571600001305342],[12191107.631099998950958,-16759.546399999409914],[12191104.8935999982059,-16756.415100000798702],[12191005.415600001811981,-16642.628800000995398],[12190962.833500001579523,-16606.899700000882149],[12191007.096700001507998,-16552.217799998819828],[12191010.8492,-16547.582299999892712],[12190996.3701,-16536.6570999994874],[12190992.673,-16533.867499999701977],[12190986.7132,-16528.834699999541044],[12190983.667,-16526.583299998193979],[12190979.429000001400709,-16524.331799998879433],[12190975.1908,-16522.47749999910593],[12190969.496,-16520.755899999290705],[12190968.6824,-16520.507800001651049],[12190950.821899998933077,-16515.061000000685453],[12190937.1805,-16510.028299998492002],[12190932.5451,-16506.982099998742342],[12190929.881900001317263,-16505.280499998480082],[12190927.7773,-16503.936000000685453],[12190924.996,-16501.022199999541044],[12190923.009399998933077,-16498.108399998396635],[12190921.022799998521805,-16494.267700001597404],[12190919.566,-16490.426899999380112],[12190918.1091,-16485.791499998420477],[12190911.3547,-16467.912099998444319],[12190909.368099998682737,-16462.349500000476837],[12190905.7922,-16455.992499999701977],[12190902.878600001335144,-16452.019200000911951],[12190898.640500001609325,-16446.853900000452995],[12190895.064599998295307,-16442.7483000010252],[12190891.886,-16439.040100000798702],[12190889.369600001722574,-16435.861299999058247],[12190888.045200001448393,-16433.080099999904633],[12190886.457600001245737,-16426.612199999392033],[12190876.390500001609325,-16426.590500000864267],[12190856.25959999859333,-16426.723000001162291],[12190850.1673,-16426.458200000226498],[12190843.9426,-16425.92850000038743],[12190835.598900001496077,-16424.074299998581409],[12190815.732900001108646,-16417.584600001573563],[12190792.4423,-16409.592700000852346],[12190779.1857,-16403.9037000015378],[12190778.7883,-16403.585799999535084],[12190778.5499,-16403.188499998301268],[12190778.1358,-16390.270100001245737],[12190772.4408,-16388.151099998503923],[12190769.2623,-16386.826499998569489],[12190765.951299998909235,-16384.84010000154376],[12190760.1239,-16380.469399999827147],[12190724.3651,-16347.226799998432398],[12190720.30180000141263,-16343.712699998170137],[12190699.8636,-16326.036299999803305],[12190695.493099998682737,-16322.857799999415874],[12190690.9901,-16320.341299999505281],[12190686.4872,-16318.22239999845624],[12190681.1895,-16316.633000001311302],[12190676.4217,-16314.64640000090003],[12190671.1241,-16311.600299999117851],[12190667.5482,-16309.08390000090003],[12190663.839899998158216,-16305.640399999916553],[12190659.866700001060963,-16301.932100001722574],[12190656.423300001770258,-16298.753600001335144],[12190646.622699998319149,-16291.999099999666214],[12190634.3057,-16283.390399999916553],[12190610.784400001168251,-16262.491300001740456],[12190608.59,-16260.649300001561642],[12190583.4115,-16239.513199999928474],[12190564.589200001209974,-16223.712799999862909],[12190555.7313,-16215.1587999984622],[12190554.8043,-16214.263599999248981],[12190552.579300001263618,-16212.833200000226498],[12190549.0828,-16210.290199998766184],[12190545.7454,-16207.747400000691414],[12190527.1508,-16192.967000000178814],[12190507.4437,-16178.663499999791384],[12190502.326499998569489,-16174.804999999701977],[12190477.72410000115633,-16156.25450000166893],[12190460.241999998688698,-16141.791999999433756],[12190448.163400001823902,-16132.7331000007689],[12190439.422400001436472,-16125.581300001591444],[12190411.61,-16098.404399998486042],[12190388.8832,-16079.333099998533726],[12190369.6529,-16065.506099998950958],[12190340.251200001686811,-16045.7989999987185],[12190318.795899998396635,-16029.906100001186132],[12190314.3459,-16026.72749999910593],[12190309.578000001609325,-16024.18470000103116],[12190305.287,-16022.595499999821186],[12190300.5191,-16020.847300000488758],[12190295.592300001531839,-16019.893699999898672],[12190290.3477,-16018.940200001001358],[12190279.2227,-16016.874099999666214],[12190266.667399998754263,-16014.490100000053644],[12190251.5693,-16010.199099998921156],[12190239.967500001192093,-16005.431200001388788],[12190219.3068,-15995.577599998563528],[12190208.289700001478195,-15989.99040000140667],[12190204.5814,-15987.977200001478195],[12190200.5552,-15985.64640000090003],[12190190.1719,-15977.911800000816584],[12190172.160100001841784,-15964.243999999016523],[12190151.8173,-15950.364199999719858],[12190142.281599998474121,-15943.901099998503923],[12190138.3613,-15941.252199999988079],[12190134.5471,-15938.285500001162291],[12190123.528099998831749,-15928.326099999248981],[12190112.0852,-15916.777199998497963],[12190100.7483000010252,-15907.241599999368191],[12190088.8816,-15899.188999999314547],[12190061.651999998837709,-15881.813000001013279],[12190040.461599998176098,-15869.098600000143051],[12190033.362799998372793,-15865.496100001037121],[12190026.8996,-15862.953299999237061],[12190011.7485,-15858.0793999992311],[12189998.9283,-15854.90089999884367],[12189994.160500001162291,-15853.523499999195337],[12189989.710499998182058,-15851.828400000929832],[12189986.32,-15850.450800001621246],[12189983.565200001001358,-15849.073600001633167],[12189980.916499998420477,-15847.484299998730421],[12189978.2676,-15845.789000000804663],[12189975.8308,-15843.987900000065565],[12189972.7582,-15841.338899999856949],[12189960.255800001323223,-15829.790199998766184],[12189941.608199998736382,-15813.261700000613928],[12189927.304699998348951,-15803.408100001513958],[12189910.3523,-15794.402100000530481],[12189888.208299998193979,-15780.628299999982119],[12189858.4357,-15757.530699998140335],[12189816.6906,-15725.003199998289347],[12189781.4085,-15699.468699999153614],[12189775.226300001144409,-15695.638399999588728],[12189752.165800001472235,-15681.350699998438358],[12189725.359900001436472,-15664.398400001227856],[12189718.473000001162291,-15659.100699998438358],[12189715.294300001114607,-15656.981800001114607],[12189711.5861,-15654.650800000876188],[12189707.136100001633167,-15652.107900001108646],[12189704.063499998301268,-15650.306699998676777],[12189698.1301,-15647.869800001382828],[12189694.315900001674891,-15646.386500000953674],[12189673.8671,-15639.923300001770258],[12189657.524,-15634.758099999278784],[12189644.544799998402596,-15629.990200001746416],[12189619.116300001740456,-15612.243200000375509],[12189600.0449,-15596.350299999117851],[12189586.700199998915195,-15565.237500000745058],[12189582.4622,-15562.191300000995398],[12189574.1184,-15557.42339999973774],[12189548.557500001043081,-15543.7820999994874],[12189543.825,-15541.211599998176098],[12189251.5128,-15941.758099999278784],[12189068.637200001627207,-16204.025100000202656],[12188936.7623,-16393.150299999862909],[12188810.8453,-16569.717000000178814],[12188633.357900001108646,-16818.597500000149012],[12188365.819200001657009,-17190.469300001859665],[12188157.3209,-17033.041299998760223],[12187988.873399998992682,-16885.356600001454353],[12187939.2452,-16947.764600001275539],[12187876.011599998921156,-17026.258799999952316],[12187870.602899998426437,-17025.487399999052286],[12187868.7991,-17022.961899999529123],[12187866.0814,-17019.338500000536442],[12187863.2128,-17016.318799998611212],[12187860.796999998390675,-17014.054000001400709],[12187857.0225,-17011.789200000464916],[12187852.795000001788139,-17009.524599999189377],[12187849.3224,-17008.014800000935793],[12187844.0381,-17006.052000001072884],[12187837.394900001585484,-17004.240100000053644],[12187830.7516999989748,-17002.428300000727177],[12187801.612100001424551,-16995.785199999809265],[12187797.916700001806021,-16995.309000000357628],[12187793.9036,-16994.791700001806021],[12187767.6413,-16991.406700000166893],[12187717.36430000141263,-16984.612399999052286],[12187659.9912,-16979.328200001269579],[12187610.7711,-16977.365200001746416],[12187547.0568,-16974.043600000441074],[12187522.1448,-16973.288699999451637],[12187516.5585,-16972.835799999535084],[12187512.482,-16972.533900000154972],[12187507.6505,-16972.835900001227856],[12187504.631099998950958,-16973.288699999451637],[12187504.80689999833703,-16967.138300001621246],[12187508.14469999819994,-16850.370400000363588],[12187492.2738,-16849.027499999850988],[12187653.100900001823902,-16655.054200001060963],[12187616.121100001037121,-16617.225900001823902],[12187612.132399998605251,-16613.145599998533726],[12187611.6114,-16613.750900000333786],[12187409.1595,-16854.350299999117851],[12187361.8121,-16834.815200001001358],[12187228.378400001674891,-16832.828400000929832],[12187209.1431,-16882.120000001043081],[12187179.3185,-16865.561299998313189],[12187079.7236,-16768.61540000140667],[12187219.050900001078844,-16570.219099998474121],[12187248.7172,-16552.736800000071526],[12187373.678599998354912,-16369.22069999948144],[12187375.6921,-16366.019299998879433],[12187380.054200001060963,-16359.08390000090003],[12187387.295400001108646,-16348.026299998164177],[12187384.8946,-16345.861000001430511],[12187384.886300001293421,-16345.85359999909997],[12187369.631900001317263,-16332.095300000160933],[12187019.0038,-15996.827899999916553],[12186713.058899998664856,-15699.191199999302626],[12186689.2441,-15555.33839999884367],[12186784.504099998623133,-15556.936999998986721],[12186860.7121,-15603.28940000012517],[12186973.4364,-15531.363000001758337],[12187038.530699998140335,-15524.969799999147654],[12187102.037500001490116,-15467.428700000047684],[12187170.307100001722574,-15285.214800000190735],[12187203.6483,-15238.862399999052286],[12187352.852699998766184,-15164.388700000941753],[12187392.5806,-15144.559000000357628],[12187499.483600001782179,-14968.205899998545647],[12187564.578000001609325,-14907.468199998140335],[12187723.344700001180172,-14921.853399999439716],[12187785.2637,-14901.074700001627207],[12187870.9976,-14809.967700000852346],[12187926.566100001335144,-14701.278900001198053],[12187970.937800001353025,-14613.724399998784065],[12187982.901500001549721,-14590.117499999701977],[12188005.9494,-14544.639199998229742],[12188072.443300001323223,-14601.420400001108646],[12188083.1074,-14610.526900000870228],[12188183.767900001257658,-14696.484000001102686],[12188225.047200001776218,-14643.737900000065565],[12188181.554699998348951,-14607.720499999821186],[12188126.612100001424551,-14562.220899999141693],[12188164.715999998152256,-14562.221000000834465],[12188218.9659,-14606.654100000858307],[12188258.388300001621246,-14638.942899998277426],[12188275.2293,-14647.369300000369549],[12188363.40989999845624,-14691.490899998694658],[12188523.5286,-14771.607200000435114],[12188642.6034,-14638.942999999970198],[12188643.16160000115633,-14639.16780000180006],[12188988.2791,-14778.145300000905991],[12188995.5594,-14767.694499999284744],[12189004.1415,-14754.026599999517202],[12189007.0022,-14749.258799999952316],[12189009.3862,-14745.603500001132488],[12189011.4523,-14743.219399999827147],[12189013.041499998420477,-14741.947999998927116],[12189015.2665,-14741.471200000494719],[12189017.9683,-14741.471200000494719],[12189020.988000001758337,-14741.948100000619888],[12189023.5308,-14743.219500001519918],[12189026.2326,-14745.285500001162291],[12189029.570099998265505,-14748.30519999936223],[12189033.066399998962879,-14751.96059999987483],[12189058.654,-14780.090799998492002],[12189087.454100001603365,-14818.082699999213219],[12189150.656599998474121,-14843.534099999815226],[12189272.149500001221895,-14954.271999999880791],[12189292.517900001257658,-14953.926300000399351],[12189301.997299998998642,-14962.989799998700619],[12189281.711800001561642,-14962.987900000065565],[12189522.5748,-15182.529199998825788],[12189726.929000001400709,-15368.793699998408556],[12189776.8525,-15414.297800000756979],[12189881.024300001561642,-15509.2483000010252],[12189885.2359,-15513.087000001221895],[12189886.1157,-15512.383200000971556],[12189888.2348,-15509.999099999666214],[12189907.1738,-15485.894999999552965],[12189927.5696,-15460.731300000101328],[12189939.5522,-15446.4662000015378],[12189935.1208,-15442.458500001579523],[12189834.915800001472235,-15351.836899999529123],[12189798.9538,-15319.314300000667572],[12189809.2738,-15305.974500000476837],[12189793.537999998778105,-15292.635899998247623],[12189790.677299998700619,-15290.093100000172853],[12189788.929200001060963,-15287.550200000405312],[12189788.2934,-15285.00730000063777],[12189788.452399998903275,-15281.987799998372793],[12189789.405900001525879,-15279.603700000792742],[12189791.472,-15277.060899998992682],[12189795.2863,-15274.041200000792742],[12189829.2969,-15245.434099998325109],[12189864.7379,-15215.396499998867512],[12189898.4307,-15189.17339999973774],[12189902.378400001674891,-15185.627099998295307],[12189917.2159,-15166.44819999858737],[12189921.1419,-15161.373399998992682],[12190013.2887,-15042.263999998569489],[12189962.872299998998642,-14997.456700000911951],[12189895.4001,-15035.683400001376867],[12189862.4848,-15074.978900000452995],[12189774.520599998533726,-15179.993099998682737],[12189763.143,-15193.575899999588728],[12189747.220800001174212,-15179.772900000214577],[12189741.1593,-15174.518100000917912],[12189683.7522,-15222.531100001186132],[12189613.370900001376867,-15161.901099998503923],[12189572.894299998879433,-15194.951299998909235],[12189307.3574,-14958.489700000733137],[12189302.9558,-14954.570099998265505],[12189257.9415,-14914.4847999997437],[12189243.728,-14901.8277000002563],[12189301.131900001317263,-14851.525600001215935],[12189438.9886,-14736.796500001102686],[12189539.282000001519918,-14653.328499998897314],[12189544.0451,-14600.582299999892712],[12189583.7366,-14567.016699999570847],[12189586.667599998414516,-14564.538100000470877],[12189553.1391,-14537.023899998515844],[12189550.6435999982059,-14535.025699999183416],[12189547.3061,-14533.118400000035763],[12189528.363000001758337,-14519.080299999564886],[12189508.925500001758337,-14502.452899999916553],[12189482.8666,-14480.161499999463558],[12189450.995700001716614,-14450.793400000780821],[12189338.6334,-14347.489799998700619],[12189317.186,-14325.661200001835823],[12189302.874499998986721,-14311.095100000500679],[12189299.854899998754263,-14306.962900001555681],[12189298.742400001734495,-14303.307599999010563],[12189298.1067,-14299.970199998468161],[12189298.106600001454353,-14297.109499998390675],[12189298.7423,-14294.248599998652935],[12189300.3317,-14291.388099998235703],[12189301.920899998396635,-14289.004000000655651],[12189319.244199998676777,-14264.370200000703335],[12189345.467300001531839,-14229.246800001710653],[12189359.344999998807907,-14210.813499998301268],[12189397.754700001329184,-14159.795099999755621],[12189413.5187,-14134.030299998819828],[12189427.3154,-14111.480799999088049],[12189461.961599998176098,-14061.259300000965595],[12189470.8616,-14047.909299999475479],[12189476.583099998533726,-14039.486099999397993],[12189479.443799998611212,-14035.671900000423193],[12189483.7348,-14029.155799999833107],[12189485.6419,-14025.500399999320507],[12189487.3902,-14023.434399999678135],[12189488.8206,-14022.480799999088049],[12189490.2509,-14022.162999998778105],[12189492.9527,-14022.798599999397993],[12189495.177700001746416,-14024.228900000452995],[12189497.5616,-14026.612900000065565],[12189542.2205,-14066.027100000530481],[12189582.7471,-14101.468299999833107],[12189634.875599998980761,-14145.650499999523163],[12189671.747000001370907,-14174.416499998420477],[12189726.2593,-14216.214800000190735],[12189733.006700001657009,-14220.853999998420477],[12189769.493500001728535,-14153.039799999445677],[12189867.9289,-14232.958000000566244],[12190006.055799998342991,-14280.909200001507998],[12189994.942200001329184,-14359.229100000113249],[12190077.5007,-14416.770199999213219],[12190150.5335,-14352.835299998521805],[12190177.5236,-14274.515399999916553],[12190268.020799998193979,-14308.081199999898672],[12190248.900199998170137,-14357.006999999284744],[12190229.916700001806021,-14405.581599999219179],[12190253.3484,-14418.359299998730421],[12190278.2773,-14367.768699999898672],[12190286.3754,-14370.772900000214577],[12190289.1452,-14371.916900001466274],[12190291.015,-14367.098000001162291],[12190307.71229999884963,-14324.064899999648333],[12190353.754700001329184,-14341.646800000220537],[12190315.650600001215935,-14445.540600001811981],[12190399.796999998390675,-14491.893399998545647],[12190329.9397,-14669.311799999326468],[12190385.5081,-14717.262899998575449],[12190371.219,-14875.501200001686811],[12190490.294300001114607,-15118.452599998563528],[12190623.658100001513958,-15073.698499999940395],[12190734.7947,-15112.059300001710653],[12190742.725699998438358,-15118.071699999272823],[12190757.506,-15088.352000001817942],[12190762.989100001752377,-15077.06810000166297],[12190757.5348,-15025.83390000090003],[12190796.1946,-14879.244100000709295],[12190844.709199998527765,-14686.461399998515844],[12191035.442499998956919,-14576.638700000941753],[12191046.530699998140335,-14582.957800000905991],[12191084.7104,-14604.715999998152256],[12191141.789900001138449,-14705.575899999588728],[12191222.977899998426437,-14658.222199998795986],[12191239.976799998432398,-14685.52760000154376],[12191290.2573,-14766.293200001120567],[12191149.870900001376867,-14854.763399999588728],[12191164.1743,-14893.965900000184774],[12191259.5312,-14834.632800001651049],[12191282.840799998492002,-14867.478000000119209],[12191188.7923,-14923.137800000607967],[12191211.852699998766184,-14964.424699999392033],[12191286.019299998879433,-14922.57319999858737],[12191316.7454,-14943.763999998569489],[12191383.495299998670816,-14907.739999998360872],[12191439.3339,-14982.209199998527765],[12191439.3383,-14982.207699999213219],[12191435.7337,-15003.532400000840425],[12191435.528299998492002,-15004.747600000351667],[12191426.2309,-15013.806600000709295],[12191409.2256,-15026.679900001734495],[12191390.8695,-15037.566300000995398],[12191353.7597,-15061.962000001221895],[12191307.590999998152256,-15091.443300001323223],[12191261.660799998790026,-15120.765500001609325],[12191246.4037000015378,-15131.493299998342991],[12191237.66270000115037,-15136.181699998676777],[12191234.643,-15137.612100001424551],[12191227.014400001615286,-15141.823600001633167],[12191223.8358,-15143.094999998807907],[12191221.451900001615286,-15143.730700001120567],[12191219.227000001817942,-15144.127999998629093],[12191217.7172,-15144.287000000476837],[12191216.0484,-15144.127999998629093],[12191214.3796,-15143.571800000965595],[12191212.075199998915195,-15142.379900000989437],[12191210.5654,-15141.187899999320507],[12191208.8171,-15139.201299998909235],[12191207.307300001382828,-15137.373700000345707],[12191205.6386,-15134.989700000733137],[12191203.7315,-15132.367400001734495],[12191201.983199998736382,-15129.586100000888109],[12191200.3145,-15126.804800000041723],[12191199.202,-15125.136199999600649],[12191198.169,-15123.467199999839067],[12191197.135899998247623,-15121.957600001245737],[12191196.1824,-15120.924499999731779],[12191194.910999998450279,-15120.050400000065565],[12191193.559999998658895,-15119.414599999785423],[12191191.9707,-15118.938000001013279],[12191190.2225,-15118.937899999320507],[12191188.3154,-15119.335200000554323],[12191186.964499998837709,-15119.653099998831749],[12191180.845800001174212,-15122.752199999988079],[12191154.3048,-15139.201299998909235],[12191135.312800001353025,-15150.802999999374151],[12191119.0088,-15161.903099998831749],[12191108.245299998670816,-15169.230900000780821],[12191122.6125,-15169.230500001460314],[12191180.224,-15287.170800000429153],[12191241.5194,-15257.705099999904633],[12191241.525199998170137,-15257.701499998569489],[12191253.1763,-15241.474899999797344],[12191340.0372,-15181.809999998658895],[12191309.999699998646975,-15145.574200000613928],[12191376.9085,-15103.458099998533726],[12191390.0843,-15112.646499998867512],[12191390.326499998569489,-15112.758200000971556],[12191391.9157,-15113.923599999397993],[12191393.1871,-15115.195099998265505],[12191394.6705,-15116.890299998223782],[12191412.894299998879433,-15143.590399999171495],[12191426.35020000115037,-15162.767700001597404],[12191441.6188,-15184.129200000315905],[12191453.7683,-15178.513000000268221],[12191469.9261,-15201.822599999606609],[12191566.342500001192093,-15147.257100000977516],[12191581.250599998980761,-15168.574200000613928],[12191594.68470000103116,-15187.783900000154972],[12191534.2036,-15232.790500000119209],[12191459.066,-15288.703499998897314],[12191474.7982,-15313.875300001353025],[12191474.9588,-15314.132199998944998],[12191732.4476,-15109.386100001633167],[12191751.374899998307228,-15134.024999998509884],[12191721.887699998915195,-15157.24890000000596],[12191729.826699998229742,-15176.361999999731779],[12191709.483800001442432,-15194.585799999535084],[12191731.3101,-15226.159699998795986],[12191668.162500001490116,-15280.407200001180172],[12191532.2282,-15382.907299999147654],[12191464.0722,-15437.05799999833107],[12191481.87220000103116,-15463.599199999123812],[12191542.5828,-15419.258000001311302],[12191577.388099998235703,-15451.361600000411272],[12191649.9993,-15396.4358000010252],[12191701.3521,-15354.574000000953674],[12191767.4662000015378,-15418.781199999153614],[12191685.932,-15481.006499998271465],[12191677.307500001043081,-15487.019999999552965],[12191612.922200001776218,-15531.91270000115037],[12191572.9998,-15559.748599998652935],[12191537.069200001657009,-15583.116999998688698],[12191526.8732,-15583.116900000721216],[12191519.8803,-15583.116999998688698],[12191519.880399998277426,-15600.077500000596046],[12191519.032699998468161,-15602.832299999892712],[12191518.397,-15604.739399999380112],[12191487.882800001651049,-15635.677600000053644],[12191417.7425,-15700.732400000095367],[12191412.021000001579523,-15702.003899998962879],[12191409.266199998557568,-15701.791900001466274],[12191405.2401,-15699.672800000756979],[12191399.942499998956919,-15696.282400000840425],[12191395.916299998760223,-15694.375300001353025],[12191391.4663,-15693.52760000154376],[12191339.549800001084805,-15690.348999999463558],[12191337.854600001126528,-15691.832299999892712],[12191323.0213,-15704.970400001853704],[12191238.8952,-15779.561000000685453],[12191238.047600001096725,-15780.62049999833107],[12191236.9881,-15782.527699999511242],[12191236.9793,-15800.335299998521805],[12191231.91160000115633,-15800.292300000786781],[12191230.6309,-15891.6587999984622],[12191254.1681,-15878.488200001418591],[12191254.1681,-15850.931000001728535],[12191254.0357,-15849.218800000846386],[12191293.50279999896884,-15832.531300000846386],[12191278.537099998444319,-15814.122000001370907],[12191328.318799998611212,-15775.746800001710653],[12191394.43299999833107,-15732.729899998754263],[12191418.8019,-15714.718100000172853],[12191419.2258,-15712.811000000685453],[12191420.7091,-15709.844300001859665],[12191421.7685999982059,-15707.72520000115037],[12191423.6758,-15706.665699999779463],[12191428.3534,-15706.076999999582767],[12191430.4195,-15706.394799999892712],[12191435.0284,-15708.778799999505281],[12191438.8427,-15710.368099998682737],[12191442.498,-15711.16270000115037],[12191445.1998,-15711.16270000115037],[12191446.947999998927116,-15709.732400000095367],[12191447.5838,-15708.143100000917912],[12191455.1111,-15678.328400000929832],[12191526.8732,-15613.639499999582767],[12191592.987300001084805,-15577.615499999374151],[12191594.8944,-15576.767900001257658],[12191625.408599998801947,-15585.032299999147654],[12191627.3158,-15584.608500000089407],[12191636.8515,-15569.774999998509884],[12191669.4848,-15559.603700000792742],[12191688.132399998605251,-15581.006099998950958],[12191757.848900001496077,-15526.970300000160933],[12191858.715300001204014,-15450.896499998867512],[12191879.0718,-15474.99720000103116],[12191883.391199998557568,-15480.111099999397993],[12191860.115600001066923,-15498.415500000119209],[12191802.792100001126528,-15543.495900001376867],[12191782.604200001806021,-15558.25109999999404],[12191793.5887,-15575.423500001430511],[12191785.731800001114607,-15580.646999999880791],[12191789.062600001692772,-15586.193399999290705],[12191792.4841,-15591.890999998897314],[12191775.2445,-15603.263900000602007],[12191743.029599998146296,-15624.515799999237061],[12191696.809300001710653,-15656.098099999129772],[12191701.895100001245737,-15668.653499998152256],[12191695.0612,-15671.514299999922514],[12191707.06700000166893,-15687.489399999380112],[12191729.835,-15717.78489999845624],[12191723.5625,-15722.696899998933077],[12191699.5643,-15741.450500000268221],[12191646.00560000166297,-15782.136300001293421],[12191621.9632,-15800.335299998521805],[12191605.8473,-15812.534600000828505],[12191560.343199998140335,-15846.979299999773502],[12191535.8942,-15866.067299999296665],[12191545.9463,-15878.991399999707937],[12191521.449099998921156,-15899.017799999564886],[12191528.726100001484156,-15907.808499999344349],[12191538.7518,-15919.91950000077486],[12191490.0048,-15955.644200000911951],[12191380.973499998450279,-16035.548599999397993],[12191382.2648,-16042.667399998754263],[12191383.2581,-16045.779599998146296],[12191384.5163,-16048.362300001084805],[12191386.3043,-16051.209699999541044],[12191388.953000001609325,-16054.454500000923872],[12191391.866700001060963,-16057.368299998342991],[12191394.9128,-16060.74549999833107],[12191397.7603,-16064.122699998319149],[12191400.0601,-16066.760099999606609],[12191404.978300001472235,-16072.400100000202656],[12191407.0973,-16074.784200001507998],[12191408.951499998569489,-16076.837000001221895],[12191410.474599998444319,-16078.028999999165535],[12191412.395,-16079.353199999779463],[12191414.778900001198053,-16079.949299998581409],[12191416.8979,-16079.949400000274181],[12191418.752099998295307,-16079.221000000834465],[12191420.54,-16077.830299999564886],[12191422.195500001311302,-16076.042300000786781],[12191422.649999998509884,-16075.575399998575449],[12191424.5794,-16073.592199999839067],[12191440.406,-16059.354800000786781],[12191465.7683,-16038.95890000090003],[12191487.753400001674891,-16022.602600000798702],[12191492.9848,-16018.23200000077486],[12191495.964699998497963,-16015.318300001323223],[12191498.745900001376867,-16012.272199999541044],[12191500.9974,-16009.6233000010252],[12191502.653,-16007.504399999976158],[12191504.0436,-16005.650199998170137],[12191505.632800001651049,-16003.928300000727177],[12191507.487,-16002.868900001049042],[12191509.4074,-16002.140399999916553],[12191511.5927,-16001.544399999082088],[12191530.3992,-16002.074200000613928],[12191552.649099998176098,-16001.875599998980761],[12191649.4304,-15931.867300000041723],[12191739.954,-15855.747900001704693],[12191724.1098,-15827.213300000876188],[12191761.38740000128746,-15796.122000001370907],[12191786.1802,-15779.752500001341105],[12191832.2694,-15743.039799999445677],[12191847.8444,-15730.802299998700619],[12191855.473000001162291,-15722.379000000655651],[12191871.3657,-15708.393399998545647],[12191893.456799998879433,-15689.639800000935793],[12191905.2174,-15681.216699998825788],[12191906.972,-15680.228300001472235],[12191883.193799998611212,-15640.824299998581409],[12191942.4808,-15601.225600000470877],[12191983.9542,-15564.432599999010563],[12191988.1243,-15569.86879999935627],[12192003.8812,-15589.646600000560284],[12191977.658,-15611.764199998229742],[12191998.5836,-15646.198800001293421],[12192018.5821,-15635.338599998503923],[12192042.421300001442432,-15666.594500001519918],[12191981.8297,-15716.579199999570847],[12191963.2443,-15732.41330000013113],[12191912.7051,-15776.43640000000596],[12191848.180300001055002,-15832.53830000013113],[12191802.0911,-15873.22410000115633],[12191781.5713,-15891.161400001496077],[12191782.8427,-15894.022199999541044],[12191785.067699998617172,-15896.405999999493361],[12191787.9285,-15898.63120000064373],[12191791.4249,-15901.332699999213219],[12191794.921300001442432,-15904.193599998950958],[12191797.782000001519918,-15906.895399998873472],[12191799.5302,-15908.961500000208616],[12191801.2784,-15911.345400001853704],[12191802.3909,-15913.729299999773502],[12191844.7014,-15944.719799999147654],[12191917.0137,-15880.83049999922514],[12191979.7152,-15951.258600000292063],[12191977.4901,-15952.212200000882149],[12191972.404399998486042,-15954.437199998646975],[12191965.729400001466274,-15958.410199999809265],[12191958.100900001823902,-15964.290600001811981],[12191913.4421,-16002.115800000727177],[12191911.757199998944998,-16003.579599998891354],[12191967.850900001823902,-16058.012800000607967],[12191945.969,-16078.414599999785423],[12191905.0607,-16113.266800001263618],[12191897.289700001478195,-16104.490299999713898],[12191889.8171,-16095.837900001555681],[12191798.894499998539686,-16152.44029999896884],[12191795.795400001108646,-16155.142099998891354],[12191792.6963,-16157.843800000846386],[12191765.6785,-16177.868900001049042],[12191733.734000001102686,-16204.727899998426437],[12191713.3911,-16218.55460000038147],[12191699.273899998515844,-16233.258099999278784],[12191668.945,-16258.024500001221895],[12191619.677299998700619,-16298.816300000995398],[12191612.922899998724461,-16304.776200000196695],[12191610.141600001603365,-16307.557300001382828],[12191607.890099998563528,-16310.206199999898672],[12191605.9036,-16313.252199999988079],[12191604.4467,-16316.033599998801947],[12191570.0612,-16282.793299999088049],[12191536.3154,-16296.18299999833107],[12191532.660100001841784,-16334.484900001436472],[12191511.3332,-16344.119800001382828],[12191505.6118,-16346.185899998992682],[12191501.956500001251698,-16347.934099998325109],[12191498.46,-16350.159000001847744],[12191494.4868,-16353.019900001585484],[12191491.149300001561642,-16356.198399998247623],[12191488.447500001639128,-16359.535799998790026],[12191485.11,-16363.191300000995398],[12191480.9778,-16366.369800001382828],[12191479.634399998933077,-16367.239100001752377],[12191476.675,-16426.907200001180172],[12191458.2238,-16478.584199998527765],[12191454.722199998795986,-16489.485599998384714],[12191449.5321,-16505.643300000578165],[12191448.0753,-16510.411100000143051],[12191446.8834,-16515.179000001400709],[12191446.088799998164177,-16519.682000000029802],[12191445.294100001454353,-16523.920099999755621],[12191445.1617,-16527.760800000280142],[12191445.294100001454353,-16531.601599998772144],[12191445.956300001591444,-16535.045099999755621],[12191446.618500001728535,-16537.693999998271465],[12191447.0953,-16538.647399999201298],[12191448.4727,-16541.402399998158216],[12191464.497900001704693,-16562.327799998223782],[12191466.7218,-16565.506400000303984],[12191488.8669,-16597.159800000488758],[12191492.233600001782179,-16602.536499999463558],[12191506.613899998366833,-16625.502099998295307],[12191507.6734,-16628.150800000876188],[12191508.589699998497963,-16630.506900001317263],[12191506.1435999982059,-16630.813999999314547],[12191495.516399998217821,-16632.148400001227856],[12191487.09739999845624,-16632.521299999207258],[12191490.7978,-16689.691899999976158],[12191499.671300001442432,-16689.427099999040365],[12191500.598299998790026,-16726.642900001257658],[12191545.363200001418591,-16725.980700001120567],[12191544.3063,-16771.144299998879433],[12191481.1125,-16794.245799999684095],[12191436.7449,-16811.463100001215935],[12191413.1706,-16821.396099999547005],[12191399.132,-16829.0777000002563],[12191395.2912,-16830.666999999433756],[12191391.4505,-16831.726500000804663],[12191388.007,-16832.521099999547005],[12191382.9742,-16832.6537000015378],[12191378.0739,-16832.653599999845028],[12191368.9606,-16832.329100001603365],[12191366.23759999871254,-16844.846000000834465]]],[[[12186849.0647,-15534.748399998992682],[12186810.6961,-15504.113000001758337],[12186771.00450000166893,-15497.453000001609325],[12186706.1749,-15493.45719999819994],[12186665.1602,-15474.809500001370907],[12186634.729899998754263,-15436.182199999690056],[12186587.0999,-15369.583599999547005],[12186516.6464,-15293.361900001764297],[12186498.455400001257658,-15273.681600000709295],[12186351.5964,-15177.779599998146296],[12186200.7683,-15073.885499998927116],[12186159.7711,-15055.809500001370907],[12186142.652199998497963,-15048.261700000613928],[12186019.5097,-14993.967000000178814],[12186179.599399998784065,-14938.024399999529123],[12186180.922400001436472,-15028.598499998450279],[12186385.9958,-15107.184999998658895],[12186579.162300001829863,-14683.618099998682737],[12186751.1593,-14812.819699998944998],[12186976.763099998235703,-15043.837999999523163],[12186982.6937,-15049.910900000482798],[12187109.70719999819994,-14979.316599998623133],[12187125.5839,-14999.295800000429153],[12187160.3688,-14978.284299999475479],[12187191.7364999987185,-14959.336800001561642],[12187310.8116,-15084.542399998754263],[12187378.2874,-15041.919300001114607],[12187346.534000001847744,-15099.193999998271465],[12187299.1481,-15130.659200001507998],[12187284.3504,-15140.485100001096725],[12187167.921500001102686,-15192.432000000029802],[12187093.830200001597404,-15294.99379999935627],[12187023.708099998533726,-15464.154199998825788],[12186954.9093,-15472.146000001579523],[12186849.0647,-15534.748399998992682]]],[[[12185327.000999998301268,-13316.872299998998642],[12185367.562399998307228,-13316.874600000679493],[12185363.1133,-13339.263399999588728],[12185362.7174,-13341.255300000309944],[12185319.545000001788139,-13331.594200000166893],[12185265.927700001746416,-13437.460900001227856],[12185247.9822,-13470.670499999076128],[12185246.105700001120567,-13474.143199998885393],[12185210.6208,-13539.810899998992682],[12185156.267299998551607,-13505.323399998247623],[12185149.306000001728535,-13499.978199999779463],[12185264.803100001066923,-13297.828200001269579],[12185272.9206,-13283.936000000685453],[12185328.227699998766184,-13314.450300000607967],[12185327.000999998301268,-13316.872299998998642]]],[[[12187244.0462,-14487.630399998277426],[12187167.8383,-14528.12220000103116],[12187100.0979,-14464.187300000339746],[12186949.798700001090765,-14724.188099998980761],[12186704.2397,-14581.400600001215935],[12186714.8242,-14515.334800001233816],[12186281.328699998557568,-14356.599800001829863],[12186266.679200001060963,-14351.235399998724461],[12186309.017299998551607,-14155.169199999421835],[12185776.419799998402596,-13914.618999999016523],[12185690.8864,-13875.987500000745058],[12185659.4516,-14086.963199999183416],[12185659.1329,-14089.102699998766184],[12185658.5368,-14088.206399999558926],[12185337.3666,-13605.330200001597404],[12185288.4074,-13532.016600001603365],[12185305.333999998867512,-13481.927000001072884],[12185327.625100001692772,-13422.150499999523163],[12185335.5715,-13422.68019999936223],[12185341.266399998217821,-13383.345300000160933],[12185410.632,-13266.818999998271465],[12185412.3761,-13262.764499999582767],[12185441.777800001204014,-13192.995000001043081],[12185461.8028,-13152.627099998295307],[12185477.2187,-13118.775199998170137],[12185497.720600001513958,-13071.255499999970198],[12185500.5731,-13065.383699998259544],[12185524.8972,-13015.312800001353025],[12185552.391800001263618,-12945.384199999272823],[12185585.7667,-12874.025299999862909],[12185595.9692,-12852.289700001478195],[12185604.0436,-12835.087699998170137],[12185605.7918,-12830.637699998915195],[12185606.586399998515844,-12826.982400000095367],[12185606.5863,-12824.598400000482798],[12185606.1096,-12821.102000001817942],[12185605.3149,-12817.764600001275539],[12185604.043499998748302,-12815.221700001507998],[12185602.2953,-12812.837799999862909],[12185600.070300001651049,-12810.612799998372793],[12185596.5739,-12808.387699998915195],[12185592.1239,-12806.480700001120567],[12185586.879299998283386,-12804.414599999785423],[12185582.4293,-12803.302099999040365],[12185576.5489,-12802.348499998450279],[12185561.7685999982059,-12799.964600000530481],[12185544.922200001776218,-12797.739599999040365],[12185538.72410000115633,-12796.627099998295307],[12185533.479400001466274,-12795.196600001305342],[12185528.2348,-12793.766399998217821],[12185522.195500001311302,-12792.335999999195337],[12185516.1562,-12789.951999999582767],[12185509.7991,-12787.250399999320507],[12185503.759799998253584,-12784.548500001430511],[12185498.9919,-12782.005699999630451],[12185497.660300001502037,-12781.186200000345707],[12185488.456,-12774.01240000128746],[12185486.866700001060963,-12772.74100000038743],[12185480.8275,-12765.536299999803305],[12185473.7287,-12756.636300001293421],[12185472.351300001144409,-12754.622999999672174],[12185471.5037,-12752.610100001096725],[12185470.974,-12750.808800000697374],[12185470.5502,-12748.795800000429153],[12185470.444200001657009,-12747.100600000470877],[12185470.444200001657009,-12745.193300001323223],[12185471.2918,-12735.551600001752377],[12185474.9938,-12718.911100000143051],[12185476.4241,-12716.050400000065565],[12185478.072700001299381,-12713.30180000141263],[12185479.5561,-12711.712400000542402],[12185482.4168,-12709.381400000303984],[12185489.9681,-12703.649099998176098],[12185505.825800001621246,-12693.164599999785423],[12185541.4866,-12669.990699999034405],[12185556.2060999982059,-12660.425200000405312],[12185575.1538,-12650.256099998950958],[12185590.8525,-12641.830699998885393],[12185632.3327,-12615.13060000166297],[12185636.147,-12612.111099999397993],[12185637.8191,-12610.438999999314547],[12185637.6036,-12610.27250000089407],[12185634.704,-12608.030600000172853],[12185641.1965,-12599.774399999529123],[12185648.8649,-12467.823699999600649],[12185664.687199998646975,-12444.190900001674891],[12185665.658,-12442.741099998354912],[12185669.204,-12437.444600000977516],[12185718.341899998486042,-12364.050299998372793],[12185784.5621,-12366.699299998581409],[12185855.754999998956919,-12274.335700001567602],[12186077.2042,-12406.874000001698732],[12186149.4074,-12450.087999999523163],[12186213.408,-12449.794199999421835],[12186222.413800001144409,-12390.990600001066923],[12186004.0073,-12262.319699998944998],[12185876.7133,-12187.326299998909235],[12185922.9666,-12141.73759999871254],[12185912.9012,-12128.096200000494719],[12185703.744800001382828,-12190.910900000482798],[12185693.5948,-12193.959199998527765],[12185549.590300001204014,-12122.581799998879433],[12185427.874899998307228,-12062.252199999988079],[12185746.329799998551607,-11974.340199999511242],[12185750.620700001716614,-11973.155699998140335],[12185753.147999998182058,-11972.458000000566244],[12186191.9778,-11861.726799998432398],[12186228.9287,-11872.056800000369549],[12186244.026500001549721,-11899.869300000369549],[12186361.2361,-11986.882599998265505],[12186541.22239999845624,-11794.18189999833703],[12186711.673099998384714,-11589.958799999207258],[12186766.1212,-11610.1722999997437],[12186771.055300001055002,-11612.004099998623133],[12187015.623399998992682,-11702.798099998384714],[12186894.279800001531839,-11853.1081000007689],[12186892.454,-11855.369699999690056],[12186890.732900001108646,-11888.469099998474121],[12186971.520799998193979,-11917.749000001698732],[12186943.708099998533726,-11963.043499998748302],[12186818.2617,-11919.724800001829863],[12186807.1369,-11953.947599999606609],[12186909.9358000010252,-11993.239799998700619],[12186895.235100001096725,-12029.793600000441074],[12186866.78770000115037,-12012.751299999654293],[12186792.828699998557568,-12060.091299999505281],[12186770.6617,-12108.569099999964237],[12186771.620299998670816,-12178.013199999928474],[12186817.730999998748302,-12193.860599998384714],[12186818.2394,-12229.474300000816584],[12186818.240200001746416,-12229.533100001513958],[12186798.423099998384714,-12224.67119999974966],[12186786.064800001680851,-12260.059599999338388],[12186769.0849,-12272.52479999884963],[12186768.4965,-12296.654399998486042],[12186663.815699998289347,-12261.901700001209974],[12186653.122000001370907,-12262.312600001692772],[12186654.491700001060963,-12292.416200000792742],[12186714.460900001227856,-12326.532800000160933],[12186711.2821,-12354.292500000447035],[12186654.678399998694658,-12396.014600001275539],[12186654.94310000166297,-12434.819400001317263],[12186725.6917,-12469.14469999819994],[12186721.2955,-12506.734600000083447],[12186733.3202,-12520.849700000137091],[12186716.579799998551607,-12558.992300000041723],[12186494.0907,-12465.113899998366833],[12186459.428800001740456,-12541.297499999403954],[12186456.573399998247623,-12599.254399999976158],[12186294.011,-12555.601199999451637],[12186266.875,-12654.362700000405312],[12186263.1525,-12667.910599999129772],[12186573.7247,-12777.438799999654293],[12186611.740200001746416,-12739.407200001180172],[12186669.1923,-12854.360100001096725],[12186769.3897,-13054.839999999850988],[12186769.3897,-13058.439800001680851],[12186769.5026,-13065.159400001168251],[12186770.028,-13067.464000001549721],[12186781.6646,-13088.566399998962879],[12186787.299800001084805,-13101.03319999948144],[12186793.6497,-13109.18470000103116],[12186796.348299998790026,-13113.81980000063777],[12186798.6963,-13119.816899999976158],[12186799.4238,-13121.981199998408556],[12186800.647599998861551,-13122.846999999135733],[12186802.1689000017941,-13123.013599999248981],[12186803.6573,-13122.747400000691414],[12186804.748799998313189,-13122.114799998700619],[12186805.708,-13121.049300000071526],[12186808.5528,-13113.75730000063777],[12186815.598499998450279,-13100.172400001436472],[12186824.0667,-13078.962400000542402],[12186836.244199998676777,-13057.775199998170137],[12186842.593400001525879,-13057.604800000786781],[12186843.3776,-13057.583700001239777],[12186843.428,-13056.316500000655651],[12186843.356199998408556,-13053.37049999833107],[12186789.6069,-12908.599500000476837],[12186754.3561,-12813.653200000524521],[12186782.9633,-12775.775400001555681],[12186872.4927,-12711.9391999989748],[12186920.840300001204014,-12823.754799999296665],[12186983.7757,-12803.199799999594688],[12187021.0709,-12816.973600000143051],[12187046.784000001847744,-12796.17119999974966],[12187005.462900001555681,-12692.337799999862909],[12187045.195099998265505,-12675.385400000959635],[12187133.6672,-12864.386799998581409],[12187237.4769,-13049.541499998420477],[12187267.7432,-13048.819899998605251],[12187176.934,-12863.571199998259544],[12187121.873599998652935,-12745.798700001090765],[12187068.7691,-12632.209800001233816],[12187114.0638,-12609.165300000458956],[12187158.482700001448393,-12709.089899998158216],[12187265.840300001204014,-12642.010499998927116],[12187270.161200001835823,-12650.171900000423193],[12187291.535999998450279,-12690.545899998396635],[12187381.4976,-12860.470499999821186],[12187383.239999998360872,-12863.761700000613928],[12187447.0235,-12999.168499998748302],[12187433.5095,-13049.397300001233816],[12187365.3074,-13054.708200000226498],[12187348.3037,-13056.032299999147654],[12187348.748,-13110.05519999936223],[12187654.8768,-13175.79839999973774],[12187650.627500001341105,-13269.731100000441074],[12187650.059099998325109,-13282.2956000007689],[12187649.0287000015378,-13305.071299999952316],[12187637.711199998855591,-13303.88120000064373],[12187542.513300001621246,-13293.868700001388788],[12187495.470400001853704,-13288.941899999976158],[12187409.808200001716614,-13281.790100000798702],[12187346.713599998503923,-13276.386500000953674],[12187305.551199998706579,-13273.207899998873472],[12187290.0773,-13271.598600000143051],[12187265.819200001657009,-13269.075800001621246],[12187252.6281,-13268.598999999463558],[12187219.412099998444319,-13269.075800001621246],[12187161.8801,-13268.281199999153614],[12187123.34010000154376,-13268.360599998384714],[12187123.464899998158216,-13273.139600001275539],[12187279.5713,-13289.691300000995398],[12187562.522999998182058,-13319.692400000989437],[12187568.5235,-13346.883799999952316],[12187570.589000001549721,-13356.243500001728535],[12187255.1058,-13332.001299999654293],[12187124.7405,-13321.983899999409914],[12187125.6221,-13355.742199998348951],[12187198.940900001674891,-13357.649399999529123],[12187237.344,-13362.717700000852346],[12187666.972800001502037,-13405.777100000530481],[12187645.570500001311302,-13477.401000000536442],[12187373.5046,-13437.371199999004602],[12187374.183600001037121,-13453.238299999386072],[12187375.8281,-13475.812899999320507],[12187447.663600001484156,-13484.289000000804663],[12187579.2852,-13507.241399999707937],[12187630.537,-13519.677099999040365],[12187622.4756,-13540.913499999791384],[12187620.6409,-13545.746500000357628],[12187617.782900001853704,-13553.275100000202656],[12187867.8158,-13583.159400001168251],[12188053.3328,-13605.332699999213219],[12188052.699,-13732.955600000917912],[12188051.771699998527765,-13919.650800000876188],[12188051.2159,-14031.563700001686811],[12187995.541499998420477,-14202.056099999696016],[12187855.310400001704693,-14159.782900001853704],[12187620.8525,-14089.104699999094009],[12187595.4498,-14289.433200001716614],[12187711.8785,-14372.548200000077486],[12187332.955400001257658,-14585.663600001484156],[12187244.0462,-14487.630399998277426]]],[[[12193060.1463,-12490.202599998563528],[12193070.469099998474121,-12497.797100000083447],[12192901.118500001728535,-12812.142599999904633],[12192877.6336,-12805.837799999862909],[12192871.625,-12804.224599998444319],[12192861.4271,-12801.486699998378754],[12192848.355099998414516,-12836.580600000917912],[12192829.6739,-12886.732900001108646],[12192803.006700001657009,-12871.3918999992311],[12192780.785799998790026,-12929.811200000345707],[12192757.7885,-12915.87779999896884],[12192754.9615,-12914.16499999910593],[12192643.4238,-12846.58669999986887],[12192613.9534,-12828.731300000101328],[12192594.6518,-12817.036899998784065],[12192572.510200001299381,-12803.621899999678135],[12192368.404399998486042,-12746.179099999368191],[12192368.413800001144409,-12745.118400000035763],[12192368.425299998372793,-12743.811799999326468],[12192370.938499998301268,-12458.206700000911951],[12192371.8926,-12349.758400000631809],[12192373.00959999859333,-12324.057799998670816],[12192383.814100001007318,-12075.445700000971556],[12192385.024099998176098,-12047.597100000828505],[12192443.166499998420477,-12063.277399998158216],[12192527.8537,-12061.668699998408556],[12192567.7084,-12060.911499999463558],[12192858.7802,-12148.821400001645088],[12192865.8796,-12157.06810000166297],[12192901.7462,-12198.731199998408556],[12192909.296300001442432,-12207.501600001007318],[12192935.887899998575449,-12238.390799999237061],[12192947.68299999833107,-12192.089699998497963],[12192956.9375,-12200.336100000888109],[12192981.1243,-12221.8885000012815],[12193056.614999998360872,-12330.820599999278784],[12193055.613899998366833,-12378.689399998635054],[12193065.3233,-12424.866900000721216],[12193089.0445,-12440.227000001817942],[12193081.9346,-12452.522799998521805],[12193060.1463,-12490.202599998563528]]],[[[12191467.456300001591444,-11161.032999999821186],[12191406.066399998962879,-10785.950399998575449],[12191408.1831,-10540.867899999022484],[12191575.417100001126528,-10525.949599999934435],[12192297.27479999884963,-10223.325699999928474],[12192983.1452,-9997.423000000417233],[12193137.6778,-10133.816599998623133],[12193222.353500001132488,-10430.046599999070168],[12193078.405699998140335,-10711.35869999974966],[12192904.821600001305342,-11146.114000000059605],[12192616.9247,-10805.129799999296665],[12191974.1237,-11003.335700001567602],[12191467.456300001591444,-11161.032999999821186]]],[[[12191944.5205,-9074.223700001835823],[12192542.6668,-8750.291600000113249],[12192733.1868,-9234.062600001692772],[12192845.381900001317263,-9607.013799998909235],[12192244.186900001019239,-9820.12950000166893],[12192008.251400001347065,-9908.664099998772144],[12191723.433400001376867,-10011.933299999684095],[12191416.485100001096725,-10141.933800000697374],[12191477.874699998646975,-9945.867899999022484],[12191276.770399998873472,-9445.047499999403954],[12191944.5205,-9074.223700001835823]]],[[[12194393.400199998170137,-29226.030999999493361],[12194350.3394,-29240.4695999994874],[12194350.951699998229742,-29242.041299998760223],[12194310.1853,-29258.082499999552965],[12194280.804200001060963,-29190.748700000345707],[12194238.211399998515844,-29096.185400001704693],[12194204.8365,-29014.495400000363588],[12194201.9492,-29007.268399998545647],[12194178.6133,-28948.857400000095367],[12194150.1651,-28873.524599999189377],[12194131.1862,-28817.921399999409914],[12194130.283300001174212,-28815.276399999856949],[12194101.753899998962879,-28745.344399999827147],[12194095.23030000180006,-28729.353399999439716],[12194071.0255,-28737.973499998450279],[12193934.410300001502037,-28786.625799998641014],[12193920.4331,-28793.047800000756979],[12193876.5422,-28748.013599999248981],[12193875.350699998438358,-28746.85700000077486],[12193868.1593,-28750.764800000935793],[12193693.502300001680851,-28845.671599999070168],[12193640.7705,-28874.325399998575449],[12193634.5801,-28877.6891999989748],[12193622.739799998700619,-28856.043200001120567],[12193581.368700001388788,-28780.410500001162291],[12193596.007399998605251,-28771.867899999022484],[12193751.4129,-28681.178899999707937],[12193757.195999998599291,-28679.251200001686811],[12193768.6926,-28672.636799998581409],[12193752.119800001382828,-28634.063299998641014],[12193834.881700001657009,-28597.91330000013113],[12194015.3787,-28519.072799999266863],[12194061.698600001633167,-28498.840500000864267],[12194079.8508,-28544.707400001585484],[12194191.1235,-28504.065200001001358],[12194191.9562,-28506.448300000280142],[12194213.6246,-28568.464099999517202],[12194220.7918,-28588.976700000464916],[12194224.070799998939037,-28597.598499998450279],[12194223.830899998545647,-28597.674400001764297],[12194227.951900001615286,-28609.469000000506639],[12194123.670400001108646,-28643.561599999666214],[12194160.601300001144409,-28752.669300001114607],[12194255.913199998438358,-28722.487900000065565],[12194440.1661,-29208.4662000015378],[12194440.799800001084805,-29210.137699998915195],[12194393.400199998170137,-29226.030999999493361]]],[[[12194761.592999998480082,-28605.018699999898672],[12194760.5335,-28605.0185999982059],[12194759.685899998992682,-28604.594799999147654],[12194758.626400001347065,-28603.74720000103116],[12194757.752999998629093,-28601.264199998229742],[12194567.9038,-28666.537300001829863],[12194322.6622,-28750.855000000447035],[12194232.0988,-28494.986099999397993],[12194189.5357,-28374.732799999415874],[12194185.038400001823902,-28362.026399999856949],[12194358.00279999896884,-28304.004900000989437],[12194402.3981,-28289.112399999052286],[12194399.6798,-28286.507599998265505],[12194198.2091,-28093.449999999254942],[12194206.012699998915195,-28084.02479999884963],[12194202.5894,-28080.795699998736382],[12194198.6431,-28077.310400001704693],[12194217.846500001847744,-28059.244899999350309],[12194227.673099998384714,-28049.944499999284744],[12194236.256,-28041.418699998408556],[12194295.456799998879433,-28093.070900000631809],[12194325.2559,-28065.125799998641014],[12194340.5202,-28078.689599998295307],[12194425.155299998819828,-28047.773800000548363],[12194388.429499998688698,-28015.698100000619888],[12194336.6932,-27971.454300001263618],[12194323.9315,-27960.364500001072884],[12194355.628899998962879,-27923.491599999368191],[12194450.0937,-28002.559900000691414],[12194466.5376,-28015.982700001448393],[12194480.5148,-28027.551899999380112],[12194619.074299998581409,-27976.938299998641014],[12194638.803599998354912,-27954.510600000619888],[12194585.085900001227856,-27909.2685999982059],[12194601.084600001573563,-27892.633900001645088],[12194666.225499998778105,-27959.714699998497963],[12194728.2355,-27937.063400000333786],[12194826.2571,-27901.257599998265505],[12194843.9927,-27894.778999999165535],[12194785.507800001651049,-27771.796799998730421],[12194882.6138,-27737.032400000840425],[12194954.9241,-27840.328099999576807],[12194965.390099998563528,-27851.206300001591444],[12195001.6332,-27829.837600000202656],[12195002.392299998551607,-27829.250799998641014],[12195002.657000001519918,-27828.957699999213219],[12195002.7496,-27828.784600000828505],[12195002.8422,-27828.558200001716614],[12195002.842300001531839,-27828.331799998879433],[12195002.829100001603365,-27828.038699999451637],[12195002.7894,-27827.825599998235703],[12195002.6968,-27827.506000000983477],[12195001.7267,-27825.61939999833703],[12194968.3253,-27768.036400001496077],[12194945.3156,-27722.2331000007689],[12194982.785799998790026,-27705.614500001072884],[12195023.2643,-27816.226500000804663],[12195046.6624,-27800.825100000947714],[12195050.506099998950958,-27798.295099999755621],[12195074.754999998956919,-27782.333599999547005],[12195087.2036,-27774.139600001275539],[12195101.073600001633167,-27765.009899999946356],[12195103.7229,-27740.231199998408556],[12195106.4102,-27715.098400000482798],[12195101.845400001853704,-27704.733800001442432],[12195093.937800001353025,-27686.778999999165535],[12195080.290199998766184,-27655.791299998760223],[12195066.5861,-27624.675299998372793],[12195114.105700001120567,-27597.657000001519918],[12195130.657699998468161,-27618.234400000423193],[12195149.813299998641014,-27642.048799999058247],[12195176.0187,-27674.627300001680851],[12195197.71,-27694.909400001168251],[12195205.5684,-27702.25730000063777],[12195222.491999998688698,-27718.081599999219179],[12195233.155699998140335,-27728.052499998360872],[12195250.3719,-27744.150199998170137],[12195274.03770000115037,-27766.278599999845028],[12195291.83729999884963,-27782.921900000423193],[12195322.8686,-27811.937300000339746],[12195351.849599998444319,-27839.035599999129772],[12195382.479600001126528,-27867.675799999386072],[12195412.5565,-27895.7989999987185],[12195442.156599998474121,-27923.478100001811981],[12195339.40260000154376,-27958.435899998992682],[12195334.6301,-27960.089400000870228],[12195311.7364999987185,-27968.021099999547005],[12195227.129099998623133,-27997.334199998527765],[12195204.843400001525879,-28005.055300001055002],[12195136.903499998152256,-28027.762499999254942],[12195624.4333,-28392.302600000053644],[12195657.006499998271465,-28416.658500000834465],[12195779.77,-28508.452500000596046],[12195852.355999998748302,-28562.727200001478195],[12195401.0658,-28735.746899999678135],[12195315.791700001806021,-28514.982099998742342],[12195279.7907,-28421.779699999839067],[12195085.179699998348951,-28488.690099999308586],[12194885.006900001317263,-28557.51240000128746],[12194887.0403,-28564.332499999552965],[12194887.040399998426437,-28566.45160000026226],[12194885.557100001722574,-28566.663600001484156],[12194839.0775,-28573.303599998354912],[12194837.1569,-28573.963899999856949],[12194782.1116,-28592.889299999922514],[12194761.592999998480082,-28605.018699999898672]]],[[[12195659.806400001049042,-28270.048599999397993],[12195658.6144,-28268.856699999421835],[12195644.794300001114607,-28233.102099999785423],[12195632.58839999884367,-28197.039099998772144],[12195617.9573,-28153.810899998992682],[12195597.242199998348951,-28092.607400000095367],[12195597.203899998217821,-28092.494100000709295],[12195612.268199998885393,-28087.244899999350309],[12195615.8132,-28086.00959999859333],[12195638.629,-28107.363699998706579],[12195677.4406,-28104.495099999010563],[12195667.7458,-28077.287099998444319],[12195685.714200001209974,-28052.250500001013279],[12195647.7584,-27946.396999999880791],[12195674.8358,-27941.93129999935627],[12195708.765,-27936.335499998182058],[12195727.441,-27980.963799998164177],[12195767.7548,-28077.298300001770258],[12195784.7432,-28196.106199998408556],[12195807.5759,-28277.198300000280142],[12195822.7317,-28331.025699999183416],[12195793.728300001472235,-28338.070199999958277],[12195755.6371,-28245.368400000035763],[12195741.540800001472235,-28250.586399998515844],[12195726.715999998152256,-28256.074099998921156],[12195721.070500001311302,-28258.163800001144409],[12195712.7441,-28261.245999999344349],[12195689.1875,-28269.965799998492002],[12195687.116999998688698,-28270.732299998402596],[12195676.5185999982059,-28274.655499998480082],[12195667.746399998664856,-28272.597899999469519],[12195661.395599998533726,-28271.108199998736382],[12195659.806400001049042,-28270.048599999397993]]],[[[12193057.361900001764297,-27922.168400000780821],[12193057.6798,-27924.923200000077486],[12193057.6798,-27927.465999998152256],[12193057.256,-27929.161299999803305],[12193056.0905,-27930.962499998509884],[12193054.077399998903275,-27932.657800000160933],[12193050.898899998515844,-27934.035199999809265],[12193046.5548,-27934.776799999177456],[12193039.773899998515844,-27935.730399999767542],[12193008.2075,-27938.573800001293421],[12192949.225900001823902,-27571.024099998176098],[12192994.705699998885393,-27579.480900000780821],[12192996.6514,-27586.614799998700619],[12192997.605,-27590.111099999397993],[12193002.5847,-27624.651900000870228],[12193010.107299998402596,-27663.324799999594688],[12193018.0537,-27713.546599999070168],[12193024.7287,-27759.742199998348951],[12193033.946600001305342,-27797.991300001740456],[12193052.488200001418591,-27897.58729999884963],[12193055.984499998390675,-27913.903999999165535],[12193056.938099998980761,-27918.883799999952316],[12193057.361900001764297,-27922.168400000780821]]],[[[12194658.6626,-27435.564800001680851],[12194802.5588,-27590.059900000691414],[12194802.9445,-27590.47410000115633],[12194769.5389,-27591.202199999243021],[12194722.0724,-27593.109499998390675],[12194714.1259,-27594.380800001323223],[12194683.3525,-27515.610399998724461],[12194661.991300001740456,-27468.36600000038743],[12194649.4795,-27439.059799998998642],[12194658.6626,-27435.564800001680851]]],[[[12194432.681400001049042,-27373.164599999785423],[12194116.085499998182058,-27485.236299999058247],[12193667.464899998158216,-27644.043000001460314],[12193657.284000001847744,-27647.646800000220537],[12193616.0760000012815,-27529.319400001317263],[12193622.536200001835823,-27527.342799998819828],[12194078.5731,-27387.809799998998642],[12194403.9767,-27288.246100001037121],[12194432.681400001049042,-27373.164599999785423]]],[[[12192849.906800001859665,-27020.255300000309944],[12192724.7507,-27070.848000001162291],[12192692.402199998497963,-26998.302999999374151],[12192790.015999998897314,-26940.867600001394749],[12192801.1846,-26934.296000000089407],[12192817.889400001615286,-26924.467099998146296],[12192844.377500001341105,-26965.192699998617172],[12192849.906800001859665,-27020.255300000309944]]],[[[12194198.8002,-26864.565499998629093],[12194204.969300001859665,-26873.147700000554323],[12194198.042399998754263,-26871.746500000357628],[12194196.211,-26889.09910000115633],[12194194.6266999989748,-26922.945599999278784],[12194194.2029,-26924.217000000178814],[12194191.872000001370907,-26925.064699999988079],[12194187.421999998390675,-26925.276500001549721],[12194147.160100001841784,-26911.502599999308586],[12194142.4983000010252,-26909.383600000292063],[12194140.3792,-26907.688400000333786],[12194139.1078,-26905.569299999624491],[12194138.8959,-26903.450199998915195],[12194142.710099998861551,-26841.573600001633167],[12194144.954300001263618,-26789.6570999994874],[12194198.8002,-26864.565499998629093]]],[[[12194097.786400001496077,-26799.828099999576807],[12194060.915,-26795.378100000321865],[12194059.008000001311302,-26796.649500001221895],[12194057.948399998247623,-26798.980500001460314],[12194055.0682,-26829.063400000333786],[12194054.1342,-26838.818799998611212],[12194052.227000001817942,-26840.937899999320507],[12194049.0484,-26842.633099999278784],[12194044.5984,-26843.05689999833703],[12194040.1485,-26843.057000000029802],[12194035.2747,-26842.209300000220537],[12194030.612799998372793,-26840.51410000026226],[12194028.281800001859665,-26839.242600001394749],[12194013.453200001269579,-26836.2162000015378],[12194016.309500001370907,-26816.155600000172853],[12194016.553399998694658,-26812.993299998342991],[12193980.5101,-26799.242499999701977],[12193972.38060000166297,-26796.084199998527765],[12193971.850900001823902,-26795.951799999922514],[12193971.0827,-26795.845899999141693],[12193961.817699998617172,-26811.978300001472235],[12193944.882599998265505,-26815.386100001633167],[12193919.404599998146296,-26797.805900000035763],[12193919.060199998319149,-26798.123799998313189],[12193918.6364,-26798.441599998623133],[12193918.2656,-26798.627000000327826],[12193917.6298,-26798.732999999076128],[12193916.7557,-26798.839000001549721],[12193915.5902,-26798.839000001549721],[12193906.610599998384714,-26798.214200001209974],[12193903.3389,-26798.147399999201298],[12193881.8559,-26797.708999998867512],[12193879.6281,-26797.669199999421835],[12193869.98930000141263,-26797.497099999338388],[12193866.175,-26797.920899998396635],[12193856.6345,-26801.083700001239777],[12193854.9346,-26869.928700000047684],[12193854.943999998271465,-26875.266699999570847],[12193853.6727,-26876.538100000470877],[12193807.238400001078844,-26891.960700001567602],[12193774.632399998605251,-26874.631000000983477],[12193772.9371,-26874.631000000983477],[12193760.646699998527765,-26882.25959999859333],[12193758.739500001072884,-26882.25959999859333],[12193757.680100001394749,-26881.412000000476837],[12193758.315699998289347,-26848.566500000655651],[12193759.3057,-26810.534499999135733],[12193760.858600001782179,-26750.87779999896884],[12193760.6466,-26743.884899999946356],[12193755.9848,-26692.179800000041723],[12193754.5015,-26687.941599998623133],[12193753.4419,-26686.034499999135733],[12193751.111000001430511,-26685.398699998855591],[12193746.0253,-26686.246300000697374],[12193739.879999998956919,-26686.882100000977516],[12193736.4896,-26687.093899998813868],[12193733.9468,-26686.670200001448393],[12193730.344300001859665,-26684.974899999797344],[12193722.715799998492002,-26679.253499999642372],[12193659.7707,-26623.637200001627207],[12193779.162999998778105,-26568.276000000536442],[12193802.0115,-26557.681400001049042],[12193818.301600001752377,-26552.11879999935627],[12193821.082899998873472,-26551.721500001847744],[12193834.732900001108646,-26557.254799999296665],[12193835.2097,-26556.142400000244379],[12193836.004299998283386,-26555.188799999654293],[12193867.7106,-26539.799100000411272],[12193888.538199998438358,-26528.906399998813868],[12193947.7111,-26497.959399998188019],[12193948.4063,-26497.620000001043081],[12193955.1345,-26525.586399998515844],[12193990.2185,-26574.394099999219179],[12193993.2766,-26578.648299999535084],[12194006.0306,-26596.391199998557568],[12194012.5596,-26605.47410000115633],[12194030.7067,-26630.719799999147654],[12194048.927700001746416,-26656.068199999630451],[12194065.2876,-26678.827500000596046],[12194126.117600001394749,-26763.452100001275539],[12194110.076900001615286,-26762.532600000500679],[12194108.8055,-26763.592099998146296],[12194108.169799998402596,-26765.075500000268221],[12194103.719700001180172,-26794.954199999570847],[12194103.083999998867512,-26797.708999998867512],[12194101.388799998909235,-26799.192400000989437],[12194097.786400001496077,-26799.828099999576807]]],[[[12209260.819200001657009,-24312.259300000965595],[12209209.0856,-24311.841400001198053],[12209170.675,-24311.531199999153614],[12209165.026299998164177,-24311.485599998384714],[12209137.74439999833703,-24311.2652000002563],[12209070.9379,-24310.725499998778105],[12209058.0378,-24310.621300000697374],[12209052.6288,-24310.577599998563528],[12209035.6268,-24310.44029999896884],[12208969.3798,-24309.905200000852346],[12208942.480500001460314,-24309.687899999320507],[12208899.5645,-24309.341299999505281],[12208891.608,-24309.276999998837709],[12208868.7177,-24309.092099998146296],[12208858.9886,-24309.0135000012815],[12208821.6815,-24308.712200000882149],[12208788.501600001007318,-24308.444099999964237],[12208782.3854,-24308.394799999892712],[12208778.70719999819994,-24308.364999998360872],[12208737.477699998766184,-24308.032000001519918],[12208733.404199998825788,-24307.999099999666214],[12208714.364,-24307.845300000160933],[12208705.8942,-24307.776900000870228],[12208694.475000001490116,-24307.684599999338388],[12208693.922899998724461,-24307.68019999936223],[12208680.7526,-24307.573800001293421],[12208673.4943,-24307.515099998563528],[12208671.908100001513958,-24307.502300001680851],[12208667.400199998170137,-24307.465900000184774],[12208667.395799998193979,-24307.465900000184774],[12208568.8308,-24306.669599998742342],[12208559.691399998962879,-24306.595800001174212],[12208559.7938,-24308.594700001180172],[12208531.1345,-24309.163499999791384],[12208521.3858,-24309.35700000077486],[12207780.0224,-24324.071600001305342],[12207755.791700001806021,-24324.552600000053644],[12207564.253400001674891,-24328.354200001806021],[12207439.004299998283386,-24330.84010000154376],[12207294.426600001752377,-24178.513300001621246],[12207157.9304,-24031.335999999195337],[12207130.3466,-24002.407600000500679],[12206973.5029,-23837.918299999088049],[12206965.3966,-23829.416799999773502],[12206950.154599998146296,-23813.43189999833703],[12206947.826499998569489,-23810.968600001186132],[12206741.5632,-23594.730500001460314],[12206615.016199998557568,-23462.064399998635054],[12206439.5383,-23277.353199999779463],[12206426.798099998384714,-23263.942600000649691],[12206402.6567,-23238.531100001186132],[12206120.070500001311302,-22940.803700000047684],[12205973.5832,-22787.330899998545647],[12205897.473000001162291,-22707.424600001424551],[12205887.4063,-22696.855799999088049],[12205754.940200001001358,-22557.782999999821186],[12205559.1468,-22350.584699999541044],[12205420.2787000015378,-22202.509100001305342],[12205406.147599998861551,-22187.440999999642372],[12205359.5760000012815,-22137.781700000166893],[12205229.4479,-21998.870900001376867],[12204955.0918,-21707.681099999696016],[12204870.845600001513958,-21618.330800000578165],[12204857.831,-21604.527699999511242],[12204761.7155,-21502.589200001209974],[12204742.066399998962879,-21481.749800000339746],[12204559.809799998998642,-21285.896299999207258],[12204464.640500001609325,-21183.627000000327826],[12204315.441100001335144,-21021.877599999308586],[12204298.871399998664856,-21003.914000000804663],[12204170.9786,-20865.263700000941753],[12203970.75450000166893,-20645.544399999082088],[12203957.813099998980761,-20631.342700000852346],[12203802.976300001144409,-20462.790100000798702],[12203785.6952,-20443.978199999779463],[12203779.9633,-20437.738600000739098],[12203732.7769,-20386.372299998998642],[12203581.482,-20222.609299998730421],[12203447.0165,-20077.0625],[12203438.0053,-20068.209800001233816],[12203393.809,-20024.79109999909997],[12203316.438900001347065,-19948.7820999994874],[12203284.765099998563528,-19917.94480000063777],[12203263.7856,-19897.519400000572205],[12203177.618700001388788,-19813.628400001674891],[12203112.4362,-19750.167500000447035],[12203177.616300001740456,-19643.93859999999404],[12203184.2555,-19633.118200000375509],[12203220.9227,-19583.307399999350309],[12203322.364999998360872,-19445.502900000661612],[12203330.1846,-19434.880499999970198],[12203367.8569,-19383.704300001263618],[12203463.3508,-19255.493400000035763],[12203517.2256,-19188.377000000327826],[12203519.0777,-19186.069699998944998],[12203519.0916,-19186.052400000393391],[12203556.472600001841784,-19139.483600001782179],[12203594.4302,-19092.196699999272823],[12203640.787999998778105,-19068.894600000232458],[12203714.829799998551607,-18975.773299999535084],[12203785.5135000012815,-18886.875300001353025],[12203792.8704,-18877.622600000351667],[12203820.6094,-18842.735599998384714],[12203876.23759999871254,-18771.718400001525879],[12203965.366700001060963,-18657.932300001382828],[12204199.901999998837709,-18358.583700001239777],[12204202.261599998921156,-18355.549400001764297],[12204208.9817,-18346.907499998807907],[12204215.648200001567602,-18338.334800001233816],[12204425.17509999871254,-18068.890900000929832],[12204628.2042,-17804.951299998909235],[12204665.635899998247623,-17756.455400001257658],[12204671.7102,-17748.585799999535084],[12204694.7012,-17718.798900000751019],[12204698.1776,-17714.294799998402596],[12204806.9155,-17573.415199998766184],[12204857.4157,-17507.652100000530481],[12204943.203899998217821,-17395.936000000685453],[12205022.398699998855591,-17292.281199999153614],[12205066.5912000015378,-17234.439599998295307],[12205083.153299998492002,-17212.783900000154972],[12205091.0629,-17202.441700000315905],[12205194.940499998629093,-17066.616399999707937],[12205266.1998,-16973.565200001001358],[12205338.5152,-16879.134899999946356],[12205350.7458,-16863.163899999111891],[12205364.0207,-16845.833000000566244],[12205374.8167,-16831.738499999046326],[12205407.13060000166297,-16789.551199998706579],[12205499.6474,-16668.766699999570847],[12205514.4903,-16649.388700000941753],[12205655.680300001055002,-16466.863200001418591],[12205684.908599998801947,-16429.084300000220537],[12205750.4232,-16344.403299998492002],[12205754.867800001055002,-16338.658399999141693],[12205824.791000001132488,-16248.278799999505281],[12205959.334600001573563,-16069.800200000405312],[12206056.7812,-15940.532299999147654],[12206059.0161,-15937.4037000015378],[12206131.605,-15835.789200000464916],[12206159.3013,-15797.018199998885393],[12206196.1791,-15745.394200000911951],[12206296.0152,-15607.365699999034405],[12206382.897300001233816,-15486.871300000697374],[12206431.553100001066923,-15419.391699999570847],[12206456.19310000166297,-15385.219000000506639],[12206587.624499998986721,-15205.686500001698732],[12206594.346,-15196.557799998670816],[12206624.975499998778105,-15154.958700001239777],[12206633.1477,-15143.859700001776218],[12206742.776999998837709,-14994.967300001531839],[12206861.287500001490116,-14832.899399999529123],[12206870.9787,-14819.646099999547005],[12206889.0673,-14794.909099999815226],[12206995.8319,-14649.200300000607967],[12207021.3913,-14614.317699998617172],[12207025.8798,-14608.19200000166893],[12207051.5865,-14573.108300000429153],[12207051.9494,-14572.614999998360872],[12207061.9386,-14577.29109999909997],[12207066.022999998182058,-14579.203000001609325],[12207066.058899998664856,-14579.219999998807907],[12207072.6151,-14570.495799999684095],[12207073.0242,-14569.951499998569489],[12207103.5084,-14530.111699998378754],[12207141.057799998670816,-14481.038800001144409],[12207227.398400001227856,-14368.200699999928474],[12207381.8059,-14166.406199999153614],[12207408.015500001609325,-14132.152899999171495],[12207561.8321,-13931.130199998617172],[12207680.926,-13775.486299999058247],[12207711.527199998497963,-13735.493500001728535],[12207778.3957,-13648.102699998766184],[12207869.928800001740456,-13528.477899998426437],[12207875.8603,-13520.726100001484156],[12208034.9556,-13312.803599998354912],[12208168.692200001329184,-13138.022399999201298],[12208194.059799998998642,-13104.869199998676777],[12208337.7443,-12917.086599998176098],[12208338.0376,-12916.703299999237061],[12208543.316399998962879,-12648.421900000423193],[12208560.3396,-12626.217599999159575],[12208681.24439999833703,-12468.515500001609325],[12208858.241099998354912,-12237.649500001221895],[12208980.814,-12077.771200001239777],[12209013.327799998223782,-12035.361699998378754],[12209021.283100001513958,-12024.984999999403954],[12209177.0863,-11821.76240000128746],[12209185.425,-11810.885600000619888],[12209373.2221,-11565.930300001055002],[12209408.2685999982059,-11520.217300001531839],[12209415.978,-11510.161499999463558],[12209469.377,-11440.510299999266863],[12209496.4665,-11405.175999999046326],[12209517.551399998366833,-11377.673799999058247],[12209517.4575,-11377.477699998766184],[12209464.926399998366833,-11267.779100000858307],[12209458.3206,-11253.984499998390675],[12209428.3248,-11191.34569999948144],[12209421.494199998676777,-11177.081300001591444],[12209378.062199998646975,-11086.383299998939037],[12209367.673300001770258,-11064.688099998980761],[12209329.22520000115037,-10984.398499999195337],[12209306.2397,-10936.398699998855591],[12209218.793699998408556,-10753.788600001484156],[12209128.9615,-10566.195900000631809],[12209108.770399998873472,-10524.031500000506639],[12209039.858800001442432,-10359.386399999260902],[12208954.937800001353025,-10156.491500001400709],[12208863.627700001001358,-9938.33219999819994],[12208787.0434,-9755.356100000441074],[12208774.7566,-9726.000599998980761],[12208688.8438,-9520.73759999871254],[12208687.938099998980761,-9518.573499999940395],[12208600.261,-9309.095400001853704],[12208569.5643,-9235.754599999636412],[12208339.806400001049042,-8825.115499999374151],[12208299.5247,-8703.442600000649691],[12208277.7091,-8589.494100000709295],[12208266.079,-8496.067299999296665],[12208280.7901,-8356.833799999207258],[12208301.685400001704693,-7277.355999998748302],[12208301.685400001704693,-7277.346099998801947],[12208301.924199998378754,-7225.505399998277426],[12208302.1076,-7185.689899999648333],[12208303.1045,-6969.212999999523163],[12208304.1012,-6752.736200001090765],[12208304.9419,-6570.122900001704693],[12208305.0977,-6536.259300000965595],[12208306.094099998474121,-6319.782400000840425],[12208307.090300001204014,-6103.305500000715256],[12208307.287300001829863,-6060.504700001329184],[12208308.200599998235703,-5861.988499999046326],[12208308.71510000154376,-5750.134199999272823],[12208309.003600001335144,-5687.418800000101328],[12208668.4662000015378,-5841.763099998235703],[12209151.2691,-6044.987399999052286],[12209159.3310999982059,-6048.257500000298023],[12210057.1157,-6412.418299999088049],[12210253.988400001078844,-6492.274300001561642],[12210255.80970000103116,-6493.013099998235703],[12210324.1179,-6520.720400001853704],[12210419.556699998676777,-6559.432500001043081],[12210726.299600001424551,-6683.854499999433756],[12211022.461,-6803.984499998390675],[12211133.1441,-6845.528799999505281],[12211268.2925,-6903.699700001627207],[12211268.3979,-6903.745000001043081],[12211560.5229,-7029.482500001788139],[12211570.7901,-7033.901799999177456],[12212153.4577,-7284.695900000631809],[12212238.2685,-7321.200599998235703],[12212708.09910000115633,-7534.81359999999404],[12212936.2071,-7638.525199998170137],[12213122.5942,-7723.26799999922514],[12213171.9776,-7745.72069999948144],[12213194.7155,-7756.548000000417233],[12213193.2058,-7758.798200000077486],[12213183.6217,-7773.083500001579523],[12213082.18189999833703,-7924.281500000506639],[12212876.825,-8271.668999999761581],[12212840.833500001579523,-8369.705299999564886],[12212812.0775,-8444.086100000888109],[12212804.296799998730421,-8470.779699999839067],[12212793.816799998283386,-8500.510299999266863],[12212783.336399998515844,-8545.585799999535084],[12212771.1091,-8606.006299998611212],[12212753.6422,-8663.869100000709295],[12212742.2091,-8710.383099999278784],[12212736.968899998813868,-8734.199599999934435],[12212733.4756,-8741.712200000882149],[12212731.8878,-8744.589299999177456],[12212729.823600001633167,-8747.945900000631809],[12212726.8068,-8751.302600000053644],[12212723.4725,-8754.179699998348951],[12212719.344300001859665,-8758.015799999237061],[12212711.723000001162291,-8764.409299999475479],[12212704.578000001609325,-8769.204300001263618],[12212689.9707,-8776.716499999165535],[12212676.1571,-8784.708299998193979],[12212664.4076,-8793.818999998271465],[12212646.148200001567602,-8809.4831000007689],[12212623.442899998277426,-8833.45890000090003],[12212617.250500001013279,-8840.012200001627207],[12212615.186299998313189,-8844.168099999427795],[12212612.645799998193979,-8849.282999999821186],[12212611.534200001507998,-8852.479899998754263],[12212610.581500001251698,-8857.275199998170137],[12212609.946199998259544,-8862.549899999052286],[12212609.7872,-8870.22239999845624],[12212608.1979,-8919.454100001603365],[12212599.462699998170137,-9004.330699998885393],[12212594.063000001013279,-9049.406300000846386],[12212593.745299998670816,-9054.041799999773502],[12212592.792599998414516,-9057.877999998629093],[12212590.410799998790026,-9063.152800001204014],[12212584.694699998944998,-9070.984900001436472],[12212571.515999998897314,-9085.370400000363588],[12212559.8259,-9099.352200001478195],[12212555.4793,-9104.551100000739098],[12212532.9327,-9128.526900000870228],[12212512.2918,-9142.432500001043081],[12212488.951699998229742,-9154.579900000244379],[12212451.8537,-9168.2364999987185],[12212431.167399998754263,-9174.958599999547005],[12212403.368500001728535,-9182.346000000834465],[12212392.1076,-9187.034200001507998],[12212390.2562,-9187.914200000464916],[12212373.5222,-9197.493999999016523],[12212368.4413,-9202.049400001764297],[12212364.154199998825788,-9207.643800001591444],[12212362.248799998313189,-9211.799600001424551],[12212360.819699998944998,-9216.594900000840425],[12212355.103,-9240.571100000292063],[12212354.263999998569489,-9244.256299998611212],[12212348.116,-9271.260800000280142],[12212342.9578,-9294.444200001657009],[12212340.732,-9304.447999998927116],[12212339.673,-9321.497999999672174],[12212340.7311,-9332.58049999922514],[12212341.5775,-9342.810499999672174],[12212346.445799998939037,-9367.106699999421835],[12212351.9487,-9403.764400001615286],[12212353.641800001263618,-9418.896200001239777],[12212353.6417,-9420.052200000733137],[12212353.641600001603365,-9424.4375],[12212352.7947,-9429.97859999909997],[12212351.312600001692772,-9435.946100000292063],[12212347.078200001269579,-9448.520300000905991],[12212334.5871,-9477.931000001728535],[12212311.0872,-9518.423900000751019],[12212305.1483,-9527.006000000983477],[12212297.961399998515844,-9537.391399998217821],[12212294.1507,-9541.866999998688698],[12212288.8581,-9546.555500000715256],[12212283.3539,-9550.604699999094009],[12212276.7911,-9554.866999998688698],[12212272.9804,-9558.276799999177456],[12212269.5931,-9562.539200000464916],[12212267.2643,-9567.014699999243021],[12212264.511999998241663,-9572.129599999636412],[12212257.1021,-9585.342999998480082],[12212241.224,-9608.359900001436472],[12212211.373799998313189,-9634.573100000619888],[12212170.8076,-9672.009100001305342],[12212154.342500001192093,-9688.077899999916553],[12212142.781599998474121,-9699.360500000417233],[12212119.0709,-9718.114599999040365],[12212094.3015,-9738.786800000816584],[12212088.3739,-9743.901700001209974],[12212079.482299998402596,-9749.229400001466274],[12212055.029199998825788,-9761.868400000035763],[12212051.638300001621246,-9763.389600001275539],[12212025.2089,-9775.809500001370907],[12212013.155000001192093,-9783.110800001770258],[12212003.156800001859665,-9790.52589999884367],[12211984.0049,-9807.089200001209974],[12211975.32490000128746,-9816.040100000798702],[12211970.6675,-9821.687800001353025],[12211959.733,-9838.108600001782179],[12211948.488899998366833,-9857.277499999850988],[12211939.631700001657009,-9872.456000000238419],[12211929.596900001168251,-9888.087200000882149],[12211915.199700001627207,-9909.7060999982059],[12211884.290399998426437,-9952.542899999767542],[12211833.0568,-10032.888799998909235],[12211785.422200001776218,-10111.316700000315905],[12211732.918200001120567,-10194.433200001716614],[12211716.8284,-10217.44990000128746],[12211706.0313,-10231.515799999237061],[12211703.4908,-10235.778099998831749],[12211701.797200001776218,-10238.974899999797344],[12211701.162,-10242.598099999129772],[12211700.9501,-10246.647300001233816],[12211702.0084,-10249.418000001460314],[12211703.702,-10251.76240000128746],[12211705.3955,-10253.254299998283386],[12211709.205899998545647,-10256.025100000202656],[12211711.5345,-10257.090799998492002],[12211715.133299998939037,-10259.648400001227856],[12211717.250300001353025,-10261.353500001132488],[12211720.4256,-10263.697999998927116],[12211723.1776,-10265.190000001341105],[12211726.352899998426437,-10267.747600000351667],[12211727.834800001233816,-10269.665699999779463],[12211729.316599998623133,-10271.796999998390675],[12211731.010000001639128,-10274.780799999833107],[12211732.2801,-10277.977699998766184],[12211732.7034,-10280.961399998515844],[12211732.915,-10283.305900000035763],[12211732.914900001138449,-10286.715799998492002],[12211732.279599998146296,-10290.978300001472235],[12211731.5915,-10293.269299998879433],[12211730.0037,-10295.986600000411272],[12211731.3125,-10296.665100000798702],[12211727.774,-10300.227099999785423],[12211669.026,-10356.969200000166893],[12211618.057799998670816,-10414.191100001335144],[12211563.7553,-10473.171100001782179],[12211495.004,-10546.376499999314547],[12211484.3636,-10557.721999999135733],[12211401.165600001811981,-10646.434500001370907],[12211337.1776,-10712.60700000077486],[12211284.492400001734495,-10771.301100000739098],[12211244.709600001573563,-10812.677499998360872],[12211222.549600001424551,-10835.725299999117851],[12211145.06529999896884,-10919.266699999570847],[12211062.288600001484156,-11006.004700001329184],[12210966.994199998676777,-11105.428800001740456],[12210937.6537000015378,-11136.413100000470877],[12210935.009,-11139.205899998545647],[12210891.0189,-11185.660799998790026],[12210856.929699998348951,-11221.584199998527765],[12210840.048300001770258,-11239.373700000345707],[12210823.1807,-11257.148899998515844],[12210817.553100001066923,-11263.079100001603365],[12210814.169799998402596,-11266.644499998539686],[12210771.930599998682737,-11311.030000001192093],[12210717.6321,-11368.08729999884963],[12210648.4043,-11441.825100000947714],[12210597.3834,-11494.038100000470877],[12210551.019900001585484,-11542.201999999582767],[12210498.94029999896884,-11598.038100000470877],[12210445.563900001347065,-11653.403000000864267],[12210429.2892,-11670.2837999984622],[12210356.6743,-11746.152499999850988],[12210294.2993,-11809.802700001746416],[12210279.4018,-11825.004700001329184],[12210278.6254,-11825.827599998563528],[12210211.2326,-11897.250500001013279],[12210144.3336,-11968.004299998283386],[12210119.1912,-11994.184399999678135],[12210075.5172,-12039.660999998450279],[12210075.5066,-12039.672100000083447],[12210064.308899998664856,-12051.331900000572205],[12209986.8248,-12131.675700001418591],[12209907.249899998307228,-12214.603500001132488],[12209876.7863,-12246.659800000488758],[12209876.5156,-12246.944499999284744],[12209767.127300001680851,-12362.051500000059605],[12209621.006,-12514.649500001221895],[12209500.2564,-12653.992899999022484],[12209490.1684,-12665.634300000965595],[12209424.539700001478195,-12734.363200001418591],[12209390.7199,-12775.597300000488758],[12209388.224,-12778.640500001609325],[12209636.5922,-12785.097699999809265],[12210069.9775,-12796.108800001442432],[12210463.9694,-12804.88289999961853],[12210694.5165,-12810.804499998688698],[12210879.134,-12815.546300001442432],[12211283.1672,-12824.231100000441074],[12211560.4049,-12831.254200000315905],[12211629.559099998325109,-12833.006000000983477],[12211657.7681,-12833.720600001513958],[12212044.9571,-12839.553599998354912],[12212494.456799998879433,-12845.553700000047684],[12212745.370700001716614,-12848.10869999974966],[12212864.4938,-12849.321800000965595],[12213258.1791,-12852.696199998259544],[12213467.693999998271465,-12853.949400000274181],[12213608.581799998879433,-12854.792199999094009],[12213677.208999998867512,-12855.2027000002563],[12213890.641800001263618,-12856.483199998736382],[12214064.566399998962879,-12857.526700001209974],[12214493.7526,-12861.558400001376867],[12214742.3187,-12862.394099999219179],[12214751.3849,-12862.424600001424551],[12214841.7995,-12862.72859999909997],[12215281.0764,-12867.410599999129772],[12215658.764600001275539,-12870.017700001597404],[12215731.9736,-12870.719799999147654],[12215756.339200001209974,-12870.953499998897314],[12216058.874200001358986,-12873.854899998754263],[12216142.6672,-12874.581700000911951],[12216370.6946,-12876.55970000103116],[12216440.021699998527765,-12877.160999998450279],[12216879.9993,-12880.459399998188019],[12216938.474399998784065,-12880.897799998521805],[12216998.6058,-12881.348700001835823],[12216998.6204,-12882.41499999910593],[12216998.6387,-12883.736400000751019],[12216998.683899998664856,-12887.01410000026226],[12216998.6862,-12887.183400001376867],[12216998.653099998831749,-12891.190099999308586],[12216996.7956,-13115.72749999910593],[12216996.6708,-13130.817600000649691],[12216995.755800001323223,-13241.413499999791384],[12216995.034000001847744,-13328.651099998503923],[12216994.5049,-13392.602800000458956],[12216993.373399998992682,-13529.35080000013113],[12216991.5224,-13753.048700001090765],[12216990.271899998188019,-13904.163499999791384],[12216989.6001,-13985.33500000089407],[12216987.9861,-14180.359299998730421],[12216986.769499998539686,-14327.356899999082088],[12216986.112100001424551,-14406.785900000482798],[12216983.9507,-14546.378699999302626],[12216980.157699998468161,-14791.359900001436472],[12216979.3853,-14841.249400001019239],[12216978.6345,-14889.738200001418591],[12216976.8431,-15005.433899998664856],[12216973.8363,-15199.614000000059605],[12216970.5493,-15411.879099998623133],[12216970.5471,-15412.023800000548363],[12216970.044,-15444.508099999278784],[12216966.8407,-15651.365299999713898],[12216964.281800001859665,-15816.598200000822544],[12216963.5009,-15867.020700000226498],[12216960.9058,-16034.593100000172853],[12216960.3503,-16082.144400000572205],[12216957.898400001227856,-16292.11710000038147],[12216955.375500001013279,-16508.161499999463558],[12216954.23759999871254,-16605.596400000154972],[12216952.908300001174212,-16719.415199998766184],[12216950.439100001007318,-16930.832800000905991],[12216948.513999998569489,-17095.651500001549721],[12216946.739,-17145.526399999856949],[12216939.5682,-17347.016800001263618],[12216934.9841,-17475.82209999859333],[12216882.4905,-17570.837000001221895],[12216784.914500001817942,-17747.452300000935793],[12216680.8695,-17935.776799999177456],[12216653.1815,-17986.238699998706579],[12216625.959399998188019,-18035.851599998772144],[12216570.8525,-18136.285399999469519],[12216554.3682,-18166.328400000929832],[12216487.431000001728535,-18288.322999998927116],[12216435.55290000140667,-18383.880899999290705],[12216321.656399998813868,-18593.674800001084805],[12216208.477200001478195,-18802.147100001573563],[12216199.634100001305342,-18818.435699999332428],[12216088.681400001049042,-19024.687699999660254],[12216056.767700001597404,-19084.012499999254942],[12215979.551,-19229.2331000007689],[12215973.4351,-19240.735300000756979],[12215957.021499998867512,-19271.604100000113249],[12215877.000500001013279,-19430.806400001049042],[12215815.331799998879433,-19553.496700000017881],[12215805.978999998420477,-19572.104299999773502],[12215803.4256,-19577.184099998325109],[12215800.872299998998642,-19582.263999998569489],[12215792.789500001817942,-19598.598200000822544],[12215791.582600001245737,-19601.037099998444319],[12215789.277800001204014,-19605.694600000977516],[12215784.8532,-19614.635999999940395],[12215783.722600001841784,-19616.920800000429153],[12215766.9789,-19650.756999999284744],[12215749.0693,-19686.950300000607967],[12215726.4025,-19732.755300000309944],[12215725.6611,-19734.253499999642372],[12215659.086599998176098,-19868.789599999785423],[12215627.208500001579523,-19933.209800001233816],[12215553.868500001728535,-20068.571899998933077],[12215513.2421,-20145.912099998444319],[12215457.5198,-20251.990100000053644],[12215446.1776,-20273.58219999819994],[12215432.4184,-20299.775499999523163],[12215386.2705,-20483.033399999141693],[12215373.941599998623133,-20531.993299998342991],[12215363.8974,-20573.773299999535084],[12215361.893800001591444,-20582.107500001788139],[12215358.5533,-20597.415800001472235],[12215358.138,-20599.31870000064373],[12215354.243500001728535,-20617.165300000458956],[12215351.7166,-20628.744800001382828],[12215345.19310000166297,-20658.638799998909235],[12215344.1644,-20663.353000000119209],[12215338.711599998176098,-20688.340500000864267],[12215336.3545,-20688.340399999171495],[12215335.608600001782179,-20691.443500000983477],[12215324.2989999987185,-20738.486400000751019],[12215322.3449,-20746.614799998700619],[12215320.7465,-20753.2635000012815],[12215293.5794,-20871.879399999976158],[12215280.626200001686811,-20928.435100000351667],[12215275.9833,-20948.706399999558926],[12215251.8948,-21053.879399999976158],[12215244.654399998486042,-21085.491900000721216],[12215162.9412,-21386.733500000089407],[12215120.7434,-21542.298099998384714],[12215081.7467,-21686.061900001019239],[12215067.05970000103116,-21740.206000000238419],[12215055.9989,-21832.268300000578165],[12215051.6497,-21868.465500000864267],[12215044.449299998581409,-21928.39640000090003],[12215035.9703,-21998.968400001525879],[12215029.3321,-22054.218600001186132],[12215012.8556,-22191.354299999773502],[12215008.9828,-22223.588700000196695],[12214997.154199998825788,-22322.038400001823902],[12214994.2568,-22405.476100001484156],[12214987.8596,-22589.697900000959635],[12214987.132199998944998,-22610.641800001263618],[12214984.384,-22689.781399998813868],[12214982.8314,-22734.49100000038743],[12214979.6651,-22825.667899999767542],[12214979.5528,-22828.903299998492002],[12214978.5887,-22856.666900001466274],[12215020.8992,-22930.778200000524521],[12215074.493,-23024.653499998152256],[12215160.0295,-23174.480399999767542],[12215194.6705,-23235.157800000160933],[12215200.8809,-23246.035900000482798],[12215220.6417,-23280.64919999986887],[12215239.064599998295307,-23312.918999999761581],[12215246.1153,-23325.269400000572205],[12215246.1215,-23325.280600000172853],[12215275.925299998372793,-23377.485300000756979],[12215281.177700001746416,-23386.685400001704693],[12215294.3977,-23409.841899998486042],[12215331.8272,-23475.403999999165535],[12215341.846900001168251,-23492.954700000584126],[12215374.4993,-23550.149099998176098],[12215380.6103,-23560.853399999439716],[12215391.314399998635054,-23579.602800000458956],[12215398.4852,-23593.590300001204014],[12215410.4633,-23616.954900000244379],[12215422.304000001400709,-23640.051600001752377],[12215434.2692,-23663.39130000025034],[12215436.4932,-23667.729400001466274],[12215436.5444,-23667.8293999992311],[12215446.2258,-23686.714200001209974],[12215455.747000001370907,-23705.286499999463558],[12215460.720199998468161,-23714.987199999392033],[12215494.2835,-23780.456599999219179],[12215495.6457,-23783.113699998706579],[12215528.5405,-23847.279199998825788],[12215529.851300001144409,-23849.835999999195337],[12215530.958,-23850.481800001114607],[12215646.970600001513958,-23918.18640000000596],[12215654.8801,-23922.802299998700619],[12215730.623799998313189,-23751.648299999535084],[12215793.9875,-23608.468299999833107],[12215899.852899998426437,-23427.850999999791384],[12215941.568999998271465,-23394.228799998760223],[12216313.192200001329184,-23094.710700001567602],[12216707.506,-23800.617499999701977],[12216785.2793,-23939.848799999803305],[12216863.945300001651049,-24080.67850000038743],[12216903.0616,-24150.705400001257658],[12216974.7445,-24395.351199999451637],[12217025.0051,-24669.287099998444319],[12217037.1939,-24735.719500001519918],[12217052.379700001329184,-24744.824299998581409],[12217052.5084,-24744.901399999856949],[12217052.541000001132488,-24744.920899998396635],[12217100.702599998563528,-24773.796700000762939],[12217136.891399998217821,-24795.494100000709295],[12217168.340999998152256,-24814.350099999457598],[12218277.134399998933077,-25479.140900000929832],[12218329.986699998378754,-25510.829199999570847],[12218324.1924,-25516.327199999243021],[12217976.3132,-25846.412099998444319],[12217956.695999998599291,-25865.025699999183416],[12217932.287500001490116,-25888.185699999332428],[12217932.065499998629093,-25888.39640000090003],[12217930.333500001579523,-25890.039700001478195],[12217920.661400001496077,-25899.217099998146296],[12217914.366300001740456,-25905.190099999308586],[12217884.26969999819994,-25933.74720000103116],[12217820.8688,-25993.904800001531839],[12217803.513099998235703,-26010.372800000011921],[12217767.121599998325109,-26044.902800001204014],[12217733.495000001043081,-26076.809399999678135],[12217628.8182,-26176.131400000303984],[12217472.115899998694658,-26324.817600000649691],[12217293.27,-26494.514400001615286],[12217060.8517,-26715.042700000107288],[12216977.0159,-26794.589499998837709],[12216891.1213,-26876.089800000190735],[12216759.8898,-27000.607500001788139],[12216719.278900001198053,-27039.140599999576807],[12216714.541000001132488,-27043.636199999600649],[12216701.3323,-27054.741200000047684],[12216662.9492,-27087.011300001293421],[12216622.394000001251698,-27121.107500001788139],[12216600.5909,-27139.438400000333786],[12216574.0792,-27161.727800000458956],[12216562.2078,-27171.708500001579523],[12216426.5526,-27285.758799999952316],[12216378.9267,-27325.799699999392033],[12216368.866099998354912,-27334.258000001311302],[12216361.237799998372793,-27340.671300001442432],[12216349.8268,-27350.265000000596046],[12216284.199099998921156,-27405.440699998289347],[12216130.4804,-27491.550500001758337],[12215910.796,-27614.612900000065565],[12215770.7119,-27693.084800001233816],[12215768.248100001364946,-27694.464899998158216],[12215724.55009999871254,-27718.943500000983477],[12215578.876600001007318,-27800.546500001102686],[12215559.746399998664856,-27811.262699998915195],[12215521.017099998891354,-27832.958000000566244],[12215519.456300001591444,-27833.832299999892712],[12215517.682500001043081,-27889.799199998378754],[12215438.223900001496077,-27879.336800001561642],[12215427.608199998736382,-27885.283399999141693],[12215417.290399998426437,-27891.063200000673532],[12215402.822500001639128,-27954.311299998313189],[12215380.377300001680851,-28052.433499999344349],[12215357.932100001722574,-28150.555599998682737],[12215335.4868,-28248.677799999713898],[12215313.041499998420477,-28346.799899999052286],[12215290.5962,-28444.921900000423193],[12215268.1508,-28543.044100001454353],[12215245.7055,-28641.16609999909997],[12215229.0403,-28714.019000001251698],[12215240.4492,-29422.401200000196695],[12215266.503899998962879,-29439.973499998450279],[12215490.989500001072884,-29591.375599998980761],[12215518.852899998426437,-29610.167700000107288],[12215519.5356,-29610.628199998289347],[12215521.007199998944998,-29611.620700001716614],[12215521.840799998492002,-29612.182799998670816],[12215524.056400001049042,-29613.677200000733137],[12215564.4962,-29640.951400000602007],[12215763.404199998825788,-29775.103000000119209],[12215782.8576,-29788.223099999129772],[12216163.991500001400709,-30045.275499999523163],[12216217.204799998551607,-30081.164500001817942],[12216718.0733,-30098.705200001597404],[12217041.6446,-30110.036499999463558],[12218938.236699998378754,-30176.453699998557568],[12219220.434300001710653,-30186.335900001227856],[12219360.864999998360872,-30191.253600001335144],[12219359.7837,-30381.555399999022484],[12219357.631299998611212,-30760.314899999648333],[12218823.510000001639128,-31675.4239999987185],[12218226.776,-32128.574099998921156],[12218128.745299998670816,-32203.016800001263618],[12218092.017499998211861,-32233.549400001764297],[12218071.2128,-32250.844999998807907],[12218030.2315,-32284.913699999451637],[12218022.187800001353025,-32291.600499998778105],[12217773.463100001215935,-32498.371100001037121],[12217767.471500001847744,-32503.352000001817942],[12217765.7714,-32504.765399999916553],[12217760.8763,-32508.834699999541044],[12217753.848499998450279,-32514.677099999040365],[12217752.142299998551607,-32515.495999999344349],[12217601.518399998545647,-32587.777499999850988],[12217597.7516999989748,-32589.585200000554323],[12217572.61259999871254,-32601.648899998515844],[12217543.872900001704693,-32615.440600000321865],[12217513.8382,-32629.853700000792742],[12217512.6474,-32630.42509999871254],[12217425.7912,-32672.105799999088049],[12217281.048700001090765,-32741.564899999648333],[12217228.1582,-32775.510999999940395],[12216863.2386,-33009.723600000143051],[12216743.185400001704693,-33088.50109999999404],[12216653.980999998748302,-33147.035999998450279],[12216467.2617,-33269.559000000357628],[12216370.1664,-33334.308400001376867],[12216229.0387,-33428.421500001102686],[12216071.892099998891354,-33533.216899998486042],[12216063.6114,-33551.373500000685453],[12215942.0334,-33817.949000000953674],[12215929.438900001347065,-33845.564100001007318],[12215863.0495,-33991.131400000303984],[12215796.2196,-34180.252300001680851],[12215791.98030000180006,-34192.249299999326468],[12215783.5445,-34216.121800001710653],[12215759.940499998629093,-34282.918400000780821],[12215749.8409,-34311.499099999666214],[12215738.342500001192093,-34344.03830000013113],[12215729.9903,-34367.674199998378754],[12215725.6948,-34379.830099999904633],[12215711.3481,-34420.42960000038147],[12215704.0132,-34441.186500001698732],[12215699.9432,-34452.7043999992311],[12215699.449299998581409,-34453.741700001060963],[12215683.4791,-34487.28770000115037],[12215681.3865,-34491.683200001716614],[12215681.0051,-34492.484299998730421],[12215621.018399998545647,-34618.488000001758337],[12215606.586199998855591,-34648.803300000727177],[12215590.580699998885393,-34682.423300001770258],[12215556.222800001502037,-34754.592700000852346],[12215510.3644,-34850.919199999421835],[12215494.6912,-34883.841099999845028],[12215470.6265,-34934.389600001275539],[12215467.5513,-34940.780099999159575],[12215437.697299998253584,-35002.819400001317263],[12215385.3356,-35111.631700001657009],[12215373.678399998694658,-35135.8564000017941],[12215304.4883,-35279.639600001275539],[12215214.1122,-35467.448800001293421],[12215155.807100001722574,-35588.611400000751019],[12215123.506700001657009,-35655.734099999070168],[12215081.43189999833703,-35743.168600000441074],[12215046.8233,-35815.087900001555681],[12215033.2835,-35843.224899999797344],[12215029.1849,-35852.169900000095367],[12215012.374000001698732,-35888.859700001776218],[12215008.30290000140667,-35897.744800001382828],[12214966.7108,-35988.519499998539686],[12214932.4304,-36063.336599998176098],[12214921.049400001764297,-36088.175599999725819],[12214861.220199998468161,-36218.752500001341105],[12214792.9344,-36367.785500001162291],[12214780.218199998140335,-36395.538600001484156],[12214698.87950000166893,-36573.059200000017881],[12214627.8272,-36728.129799999296665],[12214626.07,-36731.964899998158216],[12214617.733600001782179,-36748.225099999457598],[12214559.535999998450279,-36861.740899998694658],[12214518.3449,-36942.084899999201298],[12214513.4465,-36951.639499999582767],[12214490.7066,-36995.994100000709295],[12214481.3411,-37014.261700000613928],[12214479.780499998480082,-37017.305599998682737],[12214457.193799998611212,-37061.3614999987185],[12214441.493700001388788,-37091.984700001776218],[12214436.1562,-37102.395599998533726],[12214409.227200001478195,-37154.921000000089407],[12214403.0475,-37156.894200000911951],[12214394.126400001347065,-37159.742800001055002],[12214389.9613,-37161.072799999266863],[12214359.0799,-37170.933600001037121],[12214355.727200001478195,-37172.004200000315905],[12214323.6287,-37182.253699999302626],[12214263.610399998724461,-37201.418200001120567],[12214224.6538,-37213.857599999755621],[12214173.9529,-37230.046900000423193],[12214126.472800001502037,-37245.207899998873472],[12214099.5037,-37253.819499999284744],[12214094.508499998599291,-37255.414599999785423],[12214030.4089,-37275.88230000063777],[12214000.907699998468161,-37285.302400000393391],[12213991.2938,-37288.37220000103116],[12213940.18,-37304.693399999290705],[12213937.256,-37305.664299998432398],[12213884.2403,-37323.268100000917912],[12213868.962000001221895,-37328.3412000015378],[12213829.0187,-37341.604400001466274],[12213787.570500001311302,-37355.36710000038147],[12213734.5425,-37372.974899999797344],[12213725.7927,-37375.880199998617172],[12213706.788800001144409,-37382.190400000661612],[12213690.7447,-37387.517700001597404],[12213664.988400001078844,-37396.070000000298023],[12213652.671100001782179,-37400.15989999845624],[12213651.710499998182058,-37400.478900000452995],[12213646.616300001740456,-37402.170400001108646],[12213643.708099998533726,-37403.136100001633167],[12213640.638999998569489,-37404.155099999159575],[12213640.3310999982059,-37404.257399998605251],[12213640.066399998962879,-37404.345300000160933],[12213638.9962,-37404.700699999928474],[12213636.9128,-37405.392400000244379],[12213635.347,-37405.912399999797344],[12213631.0918,-37407.325300000607967],[12213627.562199998646975,-37408.497299998998642],[12213622.1151,-37410.306000001728535],[12213619.0801,-37411.313700001686811],[12213586.4615,-37422.144600000232458],[12213572.2077,-37426.877599999308586],[12213544.436900001019239,-37436.098799999803305],[12213516.0191,-37445.534800000488758],[12213483.4457,-37456.350699998438358],[12213477.7755,-37458.233500000089407],[12213474.572299998253584,-37459.296999998390675],[12213471.942499998956919,-37460.170299999415874],[12213470.6428,-37460.60190000012517],[12213468.958,-37461.161299999803305],[12213388.620900001376867,-37383.209499999880791],[12213379.806000001728535,-37374.656399998813868],[12213376.92790000140667,-37371.863699998706579],[12213342.046300001442432,-37338.017700001597404],[12213323.011100001633167,-37319.547699999064207],[12213314.339200001209974,-37311.133200000971556],[12213275.6426,-37273.58559999987483],[12213259.638799998909235,-37258.057000000029802],[12213240.444200001657009,-37239.432300001382828],[12213231.5563,-37230.808400001376867],[12213206.4212,-37206.419599998742342],[12213202.230999998748302,-37202.353799998760223],[12213183.2648,-37183.950699999928474],[12213181.569899998605251,-37182.306200001388788],[12213163.769299998879433,-37165.034200001507998],[12213153.972600001841784,-37155.528299998492002],[12213149.919799998402596,-37151.596000000834465],[12213143.686,-37145.5472999997437],[12213133.052000001072884,-37135.228999998420477],[12213132.2436,-37134.444600000977516],[12213119.7562,-37122.328000001609325],[12213110.859499998390675,-37113.69539999961853],[12213110.4685,-37113.316100001335144],[12213105.857099998742342,-37108.841600000858307],[12213105.3305,-37108.33049999922514],[12213077.3666,-37081.197000000625849],[12212830.6202,-36841.777499999850988],[12212723.150600001215935,-36737.499400001019239],[12212723.3189,-36736.976100001484156],[12212725.2667,-36730.920400001108646],[12212725.4322,-36730.405900001525879],[12212726.5572,-36726.90819999948144],[12212734.418200001120567,-36702.469099998474121],[12212736.8349,-36694.955899998545647],[12212739.8424,-36685.605999998748302],[12212743.5962999984622,-36673.935300000011921],[12212751.850900001823902,-36648.272399999201298],[12212782.398200001567602,-36553.302700001746416],[12212779.258499998599291,-36552.191799998283386],[12212805.899,-36464.352400001138449],[12212811.9633,-36442.390000000596046],[12212832.6851,-36367.34739999845624],[12212862.512899998575449,-36271.477299999445677],[12212870.171,-36245.152699999511242],[12212890.5667,-36175.044700000435114],[12212905.6607,-36120.771899998188019],[12212917.524500001221895,-36078.113800000399351],[12212944.331799998879433,-35981.192899998277426],[12212957.080699998885393,-35940.945599999278784],[12212974.7192,-35885.262600000947714],[12212978.6932,-35871.098400000482798],[12212989.7379,-35831.734200000762939],[12212990.152399998158216,-35831.734299998730421],[12212999.836,-35831.735500000417233],[12213001.638799998909235,-35825.477600000798702],[12213013.017099998891354,-35785.98200000077486],[12213032.9553,-35730.31700000166893],[12213045.8206,-35694.398899998515844],[12213059.978,-35654.873199999332428],[12213063.920699998736382,-35643.865600001066923],[12213100.2533,-35542.42960000038147],[12213115.60020000115037,-35499.583000000566244],[12213122.183400001376867,-35481.203899998217821],[12213127.5924,-35460.511999998241663],[12213130.437399998307228,-35449.628899998962879],[12213134.401500001549721,-35434.46510000154376],[12213158.7236,-35341.425400000065565],[12213162.236900001764297,-35327.985599998384714],[12213191.140099998563528,-35217.420899998396635],[12213193.3686,-35208.896099999547005],[12213206.2837999984622,-35159.491200000047684],[12213211.2108,-35140.6435999982059],[12213213.5187,-35131.814899999648333],[12213211.86939999833703,-34962.776599999517202],[12213209.6404,-34734.335999999195337],[12213206.465599998831749,-34728.782900001853704],[12213148.7243,-34627.785900000482798],[12213143.690699998289347,-34618.981300000101328],[12213026.2966,-34413.644000001251698],[12212932.364,-34304.253199998289347],[12212838.935600001364946,-34195.449700001627207],[12212748.776999998837709,-34090.453899998217821],[12212685.505800001323223,-34016.770500000566244],[12212475.013,-33795.772399999201298],[12212346.8581,-33661.221599999815226],[12212343.988699998706579,-33658.208999998867512],[12212343.0784,-33502.973200000822544],[12212342.8246,-33459.702799998223782],[12212342.470600001513958,-33399.339600000530481],[12212343.107099998742342,-33330.915100000798702],[12212345.200599998235703,-33105.877399999648333],[12212402.7654,-33007.460099998861551],[12212470.7802,-32891.176600001752377],[12212588.5422,-32662.523899998515844],[12212661.863400001078844,-32607.015500001609325],[12212818.7262,-32488.261300001293421],[12212829.785300001502037,-32479.888999998569489],[12213087.1415,-32285.054900001734495],[12213087.4058,-32284.854800000786781],[12213145.750599998980761,-32240.684200000017881],[12213475.321400001645088,-32066.261999998241663],[12213588.278099998831749,-32006.480799999088049],[12213648.4793,-31974.649399999529123],[12213786.89469999819994,-31901.462200000882149],[12213802.035500001162291,-31893.456399999558926],[12213834.0616,-31869.48030000180006],[12214136.512699998915195,-31643.051199998706579],[12214153.021499998867512,-31630.691899999976158],[12214212.463,-31583.845899999141693],[12214371.026500001549721,-31458.881599999964237],[12214374.112,-31455.69370000064373],[12214379.261,-31450.373799998313189],[12214396.7762,-31432.276999998837709],[12214472.8818,-31353.644000001251698],[12214580.1705,-31242.792399998754263],[12214633.731199998408556,-31187.453000001609325],[12214673.813099998980761,-31131.028900001198053],[12214683.1622,-31117.868000000715256],[12214747.9074,-31026.724800001829863],[12214820.5581,-30924.452899999916553],[12214851.861200001090765,-30820.77140000090003],[12214878.953899998217821,-30731.035700000822544],[12214890.4153,-30693.073399998247623],[12214912.3715,-30620.350499998778105],[12214925.7009,-30576.201499998569489],[12214937.89,-30535.828899998217821],[12214937.937600001692772,-30535.671799998730421],[12214960.8966,-30416.860500000417233],[12214974.7221,-30345.314699999988079],[12214975.729899998754263,-30338.855099998414516],[12214976.0152,-30337.026099998503923],[12214980.1673,-30310.410300001502037],[12214984.6283,-30281.81359999999404],[12214996.4232,-30206.204700000584126],[12214998.94310000166297,-30190.051300000399351],[12215005.5022,-30153.563700001686811],[12215008.5057,-30136.855599999427795],[12215029.5667,-30019.695000000298023],[12215033.2867,-29999.001400001347065],[12215036.9338,-29978.713100001215935],[12215052.2524,-29893.496599998325109],[12215055.798700001090765,-29865.17960000038147],[12215057.478500001132488,-29851.765700001269579],[12215065.7727,-29785.537799999117851],[12215073.439800001680851,-29724.316899999976158],[12215076.5247,-29699.684300001710653],[12215091.156100001186132,-29582.852899998426437],[12215092.173,-29574.733300000429153],[12215095.773400001227856,-29545.984700001776218],[12215102.292,-29493.933299999684095],[12215103.2139,-29486.571800000965595],[12215122.4157,-29333.24549999833107],[12215134.530499998480082,-29236.509199999272823],[12215132.792599998414516,-29219.580200001597404],[12215116.391399998217821,-29163.099599998444319],[12215103.166499998420477,-29098.626899998635054],[12215102.110100001096725,-29078.912500001490116],[12215129.636,-29031.494100000709295],[12215142.340799998492002,-29005.387200001627207],[12215139.6961,-28988.869500000029802],[12215112.178100001066923,-28957.430300001055002],[12215102.1259,-28920.664599999785423],[12215101.0702,-28892.42509999871254],[12215117.4819,-28843.940000001341105],[12215141.305799998342991,-28768.814599998295307],[12215150.768199998885393,-28728.243299998342991],[12215144.163800001144409,-28635.699400000274181],[12215099.9699,-28418.067600000649691],[12215048.985599998384714,-28232.384799998253584],[12214984.8897,-28084.749400001019239],[12214967.6717,-28048.4662000015378],[12214929.6662,-27968.377599999308586],[12214928.547600001096725,-27966.020300000905991],[12214810.762699998915195,-27717.814100001007318],[12214775.2626,-27643.005499999970198],[12214746.1811,-27546.461199998855591],[12214732.0222,-27499.456799998879433],[12214673.36430000141263,-27304.726199999451637],[12214667.374400001019239,-27284.841099999845028],[12214621.918200001120567,-27133.936799999326468],[12214617.5491,-27071.911499999463558],[12214602.3519,-26856.161200001835823],[12214610.689100001007318,-26782.985199999064207],[12214627.794,-26632.8564000017941],[12214639.226799998432398,-26532.510499998927116],[12214654.787300001829863,-26439.526999998837709],[12214675.2256,-26317.396600000560284],[12214711.9106,-26226.192800000309944],[12214727.419599998742342,-26187.635600000619888],[12214788.040199998766184,-26036.924600001424551],[12214791.378600001335144,-26028.625100001692772],[12214791.5918,-26028.094999998807907],[12214793.127500001341105,-26024.276700001209974],[12214809.3963,-25983.830600000917912],[12214809.4214,-25983.767900001257658],[12214810.256299998611212,-25981.692499998956919],[12214810.5484,-25980.966299999505281],[12214812.3035,-25976.603000000119209],[12214813.3209,-25974.073499999940395],[12214813.5471,-25973.511300001293421],[12214814.446400001645088,-25971.275199998170137],[12214825.7889,-25943.076200000941753],[12214831.0689,-25929.949400000274181],[12214831.882399998605251,-25927.926899999380112],[12214835.4963,-25918.942299999296665],[12214852.573800001293421,-25876.485399998724461],[12214877.7381,-25813.923599999397993],[12214845.863400001078844,-25822.006700001657009],[12214842.4903,-25822.862100001424551],[12214732.6147,-25850.725400000810623],[12214639.458700001239777,-25874.348799999803305],[12214633.131099998950958,-25875.953400000929832],[12214290.676399998366833,-25962.796500001102686],[12214191.897100001573563,-26008.875999998301268],[12213968.778499998152256,-26112.958399999886751],[12213819.4835,-26182.602899998426437],[12213833.83219999819994,-26198.842000000178814],[12213844.275600001215935,-26210.661200001835823],[12213423.4045,-26441.709199998527765],[12213415.4644,-26430.799300000071526],[12213402.522300001233816,-26413.016100000590086],[12213359.9315,-26365.401700001209974],[12213301.5645,-26300.150299999862909],[12213244.7482,-26236.632500000298023],[12213234.632199998944998,-26225.323300000280142],[12212834.717500001192093,-25778.239799998700619],[12212702.4289,-25632.506000000983477],[12212700.1457,-25629.990800000727177],[12212668.4307,-25595.052400000393391],[12212463.455899998545647,-25369.245600000023842],[12212425.9492,-25327.927000001072884],[12212387.527199998497963,-25285.60020000115037],[12212292.8985,-25182.231199998408556],[12212236.809999998658895,-25120.962000001221895],[12212099.1606,-24970.598400000482798],[12211930.587499998509884,-24786.455299999564886],[12211912.265999998897314,-24764.863899998366833],[12211871.3902,-24716.692999999970198],[12211826.7011,-24664.028000000864267],[12211775.2414,-24603.384199999272823],[12211763.516800001263618,-24589.56700000166893],[12211742.384399998933077,-24564.663199998438358],[12211733.4522,-24554.136799998581409],[12211712.8785,-24529.89130000025034],[12211662.727699998766184,-24470.789900001138449],[12211617.016199998557568,-24416.920299999415874],[12211472.973000001162291,-24410.979400001466274],[12211409.2311,-24408.350299999117851],[12211388.074700001627207,-24407.477699998766184],[12211266.169300001114607,-24402.44990000128746],[12211247.414900001138449,-24401.676399998366833],[12211240.402399998158216,-24401.387200001627207],[12211235.547200001776218,-24401.186900001019239],[12211231.736000001430511,-24401.029699999839067],[12211231.709199998527765,-24406.8766999989748],[12211231.3882,-24411.840599998831749],[12210864.147,-24391.987799998372793],[12210647.6725,-24380.205299999564886],[12210447.0634,-24369.286499999463558],[12210147.352200001478195,-24355.087999999523163],[12209911.526099998503923,-24343.916000001132488],[12209547.9494,-24326.295499999076128],[12209402.3893,-24319.179900001734495],[12209324.0513,-24315.350400000810623],[12209324.0515,-24312.769999999552965],[12209319.8257,-24312.73589999973774],[12209319.8217,-24312.73589999973774],[12209260.822500001639128,-24312.259300000965595],[12209260.819200001657009,-24312.259300000965595]],[[12215154.2447,-28966.058200001716614],[12215157.3288,-28909.656500000506639],[12215160.09910000115633,-28858.99439999833703],[12215156.397300001233816,-28807.120999999344349],[12215146.948600001633167,-28836.084100000560284],[12215133.051199998706579,-28881.638900000602007],[12215127.491999998688698,-28902.018800001591444],[12215127.4894,-28928.393399998545647],[12215154.2447,-28966.058200001716614]],[[12215143.2731,-29166.698800001293421],[12215149.224399998784065,-29057.866399999707937],[12215142.162099998444319,-29068.660000000149012],[12215133.8244,-29088.639899998903275],[12215133.028900001198053,-29104.624499998986721],[12215135.011100001633167,-29129.800500001758337],[12215143.2357,-29166.997400000691414],[12215143.2731,-29166.698800001293421]]],[[[12194227.1499,-21441.890000000596046],[12194247.997699998319149,-21456.745200000703335],[12194249.6873,-21457.949200000613928],[12194272.5092,-21474.58839999884367],[12194295.2474,-21491.166600000113249],[12194299.4041,-21494.197299998253584],[12194321.126200001686811,-21509.741300001740456],[12194327.8862,-21514.787000000476837],[12194336.8867,-21521.368900001049042],[12194369.178,-21544.983600001782179],[12194383.317499998956919,-21555.323699999600649],[12194422.410799998790026,-21583.91270000115037],[12194450.514199998229742,-21604.554999999701977],[12194456.5889,-21609.017000000923872],[12194488.1347,-21632.188000001013279],[12194499.404199998825788,-21640.468400001525879],[12194538.8268,-21669.435100000351667],[12194550.4567,-21677.980399999767542],[12194560.401700001209974,-21685.287599999457598],[12194575.569200001657009,-21696.432399999350309],[12194624.0926,-21731.477699998766184],[12194631.1893,-21736.603100001811981],[12194670.5422,-21765.025199998170137],[12194709.7808,-21793.60700000077486],[12194720.5579,-21801.45719999819994],[12194730.2335,-21808.505100000649691],[12194749.506,-21823.407200001180172],[12194950.757399998605251,-21969.756900001317263],[12194794.2071,-22184.069699998944998],[12194647.064,-22378.7635000012815],[12194635.618700001388788,-22390.147199999541044],[12194618.59739999845624,-22407.076999999582767],[12194609.2419,-22399.660300001502037],[12194121.644299998879433,-22013.108600001782179],[12194121.6422,-22013.111699998378754],[12194121.6387,-22013.116700001060963],[12194005.7988,-22185.883699998259544],[12193860.944200001657009,-22401.92339999973774],[12193847.942699998617172,-22421.313999999314547],[12193761.834600001573563,-22550.917199999094009],[12193567.0224,-22844.132399998605251],[12193285.9172,-23226.539299998432398],[12192896.875,-23765.922400001436472],[12192790.9228,-23723.54109999909997],[12192267.215799998492002,-23349.825300000607967],[12192245.2692,-23334.164299998432398],[12192239.6857,-23315.956700000911951],[12192144.0731,-23245.260999999940395],[12192148.0581,-23257.14979999884963],[12191773.2524,-22971.077100001275539],[12191842.1212,-22854.529100000858307],[12191844.5044,-22855.571800000965595],[12191874.436700001358986,-22807.048900000751019],[12191998.443599998950958,-22628.191799998283386],[12192246.6382,-22253.445300001651049],[12192276.2993,-22205.100499998778105],[12192422.8677,-21966.208500001579523],[12192423.506299998611212,-21965.16780000180006],[12192347.792100001126528,-21905.00279999896884],[12192345.452100001275539,-21903.143399998545647],[12192328.257399998605251,-21891.924199998378754],[12192328.204999998211861,-21891.890099998563528],[12192348.365899998694658,-21862.881400000303984],[12192349.843899998813868,-21860.782699998468161],[12192261.092300001531839,-21799.496399998664856],[12192246.7454,-21789.589400000870228],[12192172.578899998217821,-21738.096400000154972],[12192087.8171,-21679.398600000888109],[12192008.141199998557568,-21624.0912000015378],[12191905.367600001394749,-21552.679099999368191],[12191900.978,-21549.591899998486042],[12191882.1728,-21536.366300001740456],[12191949.8503,-21439.623100001364946],[12192035.9007,-21316.616300001740456],[12192074.152399998158216,-21261.986099999397993],[12192188.841400001198053,-21097.13910000026226],[12192190.213100001215935,-21095.167599998414516],[12192239.799199998378754,-21133.670200001448393],[12192384.59786387719214,-20923.929152321277797],[12192384.597800001502037,-20923.929099999368191],[12192224.1452,-20792.4375],[12191954.1626,-20571.185400001704693],[12191882.7436,-20512.657200001180172],[12191778.7779,-20445.774300001561642],[12191724.224800001829863,-20354.626299999654293],[12191506.0819,-19990.149500001221895],[12191458.9349,-19911.375399999320507],[12191364.958099998533726,-19737.1739999987185],[12191268.8831,-19559.083099998533726],[12191240.974800001829863,-19504.512200001627207],[12191153.932300001382828,-19334.311799999326468],[12191046.3838,-19124.014699999243021],[12191042.809799998998642,-19117.938900001347065],[12190900.7691,-18876.468699999153614],[12190768.2592,-18651.201200000941753],[12190767.478,-18650.072000000625849],[12190765.2144,-18646.799699999392033],[12190640.454300001263618,-18466.446299999952316],[12190687.2463,-18428.511900000274181],[12190801.3693,-18335.99210000038147],[12190846.3988,-18268.447599999606609],[12191034.868299998342991,-18049.663899999111891],[12191040.5751,-18056.151799999177456],[12191041.674400001764297,-18054.862700000405312],[12191047.5042,-18048.026299998164177],[12191004.401299998164177,-17889.575599998235703],[12190944.089200001209974,-17652.622400000691414],[12190926.6259,-17574.458399999886751],[12190868.465799998492002,-17339.971999999135733],[12190863.5312,-17324.577100001275539],[12190820.5986,-17296.972800001502037],[12190807.1177,-17287.564800001680851],[12190573.946600001305342,-17101.807199999690056],[12190582.327,-17086.820700000971556],[12190585.735399998724461,-17080.725600000470877],[12190612.4723,-17032.912599999457598],[12190614.7692,-17028.805100001394749],[12190617.7075,-17023.550500001758337],[12190829.416700001806021,-17192.056499999016523],[12190838.966699998825788,-17199.657699998468161],[12190912.4828,-17258.171500001102686],[12190889.4826,-17296.166200000792742],[12190892.8865,-17309.741900000721216],[12191066.4875,-18002.113899998366833],[12191253.330200001597404,-17782.693799998611212],[12191321.8466,-17702.230999998748302],[12191326.999000001698732,-17696.180300001055002],[12191333.9644,-17688.000500001013279],[12191396.2826,-17945.30799999833107],[12191401.469,-17945.093600001186132],[12191584.987300001084805,-18283.870600000023842],[12191769.028900001198053,-18449.146800000220537],[12191780.256900001317263,-18436.123500000685453],[12191788.278499998152256,-18426.819200001657009],[12191849.6573,-18355.625799998641014],[12191849.895100001245737,-18321.593699999153614],[12191851.146899998188019,-18267.314899999648333],[12191867.476100001484156,-18267.57209999859333],[12191901.003600001335144,-18267.57209999859333],[12191901.006499998271465,-18267.57209999859333],[12191902.705200001597404,-18267.57209999859333],[12191918.467099998146296,-18267.892799999564886],[12191929.8041,-18262.663400001823902],[12191930.149,-18262.263300001621246],[12192048.235599998384714,-18125.294300001114607],[12192050.7661,-18122.359200000762939],[12192080.918699998408556,-18087.385099999606609],[12192112.165399998426437,-18051.1418999992311],[12192143.290199998766184,-18015.040199998766184],[12192201.532000001519918,-17947.485199999064207],[12192231.666900001466274,-17912.531500000506639],[12192261.8453,-17877.527399998158216],[12192292.000799998641014,-17842.549800001084805],[12192568.411200001835823,-18200.08559999987483],[12192538.25560000166297,-18235.060899998992682],[12192508.1001,-18270.036100000143051],[12192511.362300001084805,-18273.018199998885393],[12192514.6689000017941,-18276.040800001472235],[12192742.228100001811981,-18484.060100000351667],[12192806.9588,-18543.232500001788139],[12192825.998399998992682,-18560.637200001627207],[12192832.633000001311302,-18565.812100000679493],[12192839.2676,-18570.986999999731779],[12192846.2553,-18576.437300000339746],[12192902.7683,-18487.0472999997437],[12192974.401999998837709,-18373.739900000393391],[12193114.1345,-18154.186299998313189],[12193130.375799998641014,-18128.667199999094009],[12193177.8138,-18054.130499999970198],[12193167.895,-18019.170899998396635],[12193301.841400001198053,-17914.303800001740456],[12193435.7643,-18139.049600001424551],[12193422.519299998879433,-18156.564500000327826],[12193329.755800001323223,-18279.232900001108646],[12193182.744,-18473.638000000268221],[12193212.5075,-18483.628499999642372],[12193206.7837,-18493.83729999884963],[12193036.161400001496077,-18798.152300000190735],[12192929.7099,-18988.014299999922514],[12192812.908,-18940.332600001245737],[12192805.392700001597404,-18937.264699999243021],[12192803.745000001043081,-18936.592000000178814],[12192804.066,-19024.352899998426437],[12192845.3785,-19097.690499998629093],[12192857.5735,-19119.070900000631809],[12192931.6712,-19119.347699999809265],[12192986.553399998694658,-19119.756000000983477],[12192995.063000001013279,-19119.635099999606609],[12192994.8886,-19114.402399998158216],[12193119.71,-19115.131099998950958],[12193368.415600001811981,-18935.119800001382828],[12193451.413600001484156,-19037.820900000631809],[12193410.655299998819828,-19116.829900000244379],[12193520.050900001078844,-19154.398699998855591],[12193550.2474,-19149.366200000047684],[12193555.506700001657009,-19153.382399998605251],[12193557.0693,-19154.575699999928474],[12193564.8156,-19160.491099998354912],[12193551.836599998176098,-19173.735100001096725],[12193658.053399998694658,-19266.973600000143051],[12193638.187399998307228,-19319.950100000947714],[12193663.3512,-19368.953000001609325],[12193611.434500001370907,-19447.887800000607967],[12193584.2383,-19534.893399998545647],[12193584.2379,-19534.897100001573563],[12193574.6965,-19536.882100000977516],[12193571.8999,-19536.934599999338388],[12193564.73759999871254,-19589.711100000888109],[12193564.6316,-19590.028999999165535],[12193560.2082,-19599.167399998754263],[12193554.513300001621246,-19610.160100001841784],[12193551.2022,-19614.265700001269579],[12193549.1494,-19616.384799998253584],[12193527.161400001496077,-19640.371199999004602],[12193524.620900001376867,-19644.366900000721216],[12193520.175,-19651.39919999986887],[12193497.468899998813868,-19691.195599999278784],[12193493.6582,-19695.510800000280142],[12193490.9591,-19696.789200000464916],[12193488.5777,-19697.428399998694658],[12193486.5137,-19697.587999999523163],[12193484.2911,-19697.587799999862909],[12193482.0684,-19697.42790000140667],[12193479.528299998492002,-19696.628499999642372],[12193467.6215,-19691.033399999141693],[12193459.366099998354912,-19688.475499998778105],[12193455.2383,-19687.995600000023842],[12193452.6981,-19687.995400000363588],[12193450.793000001460314,-19688.155099999159575],[12193449.2053,-19688.474700000137091],[12193447.617600001394749,-19689.113899998366833],[12193445.394900001585484,-19689.912799999117851],[12193443.4897,-19691.031500000506639],[12193442.0607,-19692.310100000351667],[12193440.631700001657009,-19694.067999999970198],[12193415.945099998265505,-19740.665399998426437],[12193411.0092,-19749.060499999672174],[12193407.528499998152256,-19754.98030000180006],[12193404.0612,-19760.877599999308586],[12193390.552299998700619,-19788.557900000363588],[12193364.7264,-19839.547600001096725],[12193348.965999998152256,-19869.611600000411272],[12193329.6298,-19901.529899999499321],[12193316.518199998885393,-19920.998599998652935],[12193302.74439999833703,-19943.116200000047684],[12193296.0401,-19958.605500001460314],[12193295.062800001353025,-19960.863400001078844],[12193286.984000001102686,-19979.669900000095367],[12193284.732500001788139,-19984.040500000119209],[12193281.951299998909235,-19988.411100000143051],[12193279.83219999819994,-19991.721999999135733],[12193278.243,-19994.238400001078844],[12193275.859000001102686,-19997.152199998497963],[12193274.1373,-19999.138799998909235],[12193272.0183,-20001.3902000002563],[12193270.2966,-20003.111999999731779],[12193268.4424,-20005.098600000143051],[12193266.9855,-20007.217599999159575],[12193265.7936,-20008.939300000667572],[12193264.866500001400709,-20010.793499998748302],[12193264.336800001561642,-20013.045000001788139],[12193264.3367,-20015.031700000166893],[12193264.336800001561642,-20016.753400001674891],[12193264.7341,-20018.342700000852346],[12193265.5287000015378,-20019.93189999833703],[12193266.853100001811981,-20021.918600000441074],[12193268.5748,-20024.170099999755621],[12193270.561500001698732,-20026.156700000166893],[12193295.4602,-20042.976599998772144],[12193335.5896,-20071.054099999368191],[12193389.3603,-20108.932199999690056],[12193434.6549,-20140.717999998480082],[12193458.6265,-20156.875700000673532],[12193478.817200001329184,-20169.569299999624491],[12193494.650199998170137,-20179.523200001567602],[12193465.9107,-20219.573300000280142],[12193424.986699998378754,-20283.409800000488758],[12193391.479400001466274,-20336.915899999439716],[12193365.8358,-20377.231300000101328],[12193364.858800001442432,-20378.767200000584126],[12193362.261,-20383.135299999266863],[12193349.893199998885393,-20403.930900000035763],[12193335.45719999819994,-20427.240600001066923],[12193309.1015,-20464.588899999856949],[12193291.907000001519918,-20495.539200000464916],[12193291.3567,-20496.529800001531839],[12193311.654800001531839,-20508.66499999910593],[12193311.603999998420477,-20510.999899998307228],[12193311.576900001615286,-20512.248799998313189],[12193310.3055,-20515.904199998825788],[12193307.6037,-20520.195199999958277],[12193305.2198,-20522.896999999880791],[12193301.246599998325109,-20525.916700001806021],[12193297.1144,-20528.141800001263618],[12193293.32319999858737,-20530.416600000113249],[12193293.141199998557568,-20530.525699999183416],[12193291.952599998563528,-20531.86939999833703],[12193289.4859,-20534.657800000160933],[12193273.5931,-20556.219200000166893],[12193205.253899998962879,-20658.198699999600649],[12193186.2482,-20687.223999999463558],[12193188.0357,-20688.526299998164177],[12193188.435899998992682,-20687.962099999189377],[12193196.4492,-20693.872900001704693],[12193262.3673,-20741.896200001239777],[12193279.2278,-20754.000799998641014],[12193290.815000001341105,-20762.735599998384714],[12193322.507800001651049,-20786.495200000703335],[12193345.3501,-20803.136900000274181],[12193354.964699998497963,-20809.926699999719858],[12193405.2894,-20846.4527000002563],[12193458.392299998551607,-20884.337400000542402],[12193514.987799998372793,-20924.69990000128746],[12193562.296100001782179,-20959.946899998933077],[12193617.304000001400709,-20999.510099999606609],[12193674.534400001168251,-21041.311200000345707],[12193722.4778,-21076.478500001132488],[12193736.0816,-21086.351700000464916],[12193769.5962,-21110.467099998146296],[12193901.5532,-21205.417100001126528],[12193954.600499998778105,-21243.587499998509884],[12193962.259799998253584,-21249.190200001001358],[12194002.242800001055002,-21278.437300000339746],[12194034.7997,-21302.252199999988079],[12194054.7839,-21316.090700000524521],[12194062.0411,-21321.116200000047684],[12194095.470199998468161,-21345.932399999350309],[12194143.0051,-21381.220300000160933],[12194145.0104,-21382.680399999022484],[12194157.383900001645088,-21391.690400000661612],[12194177.2075,-21406.125399999320507],[12194182.3499,-21409.869899999350309],[12194224.138300001621246,-21439.737500000745058],[12194227.1499,-21441.890000000596046]],[[12192791.07209999859333,-20439.459199998527765],[12192807.210099998861551,-20415.287999998778105],[12192839.5698,-20366.820000000298023],[12192836.8059,-20366.758799999952316],[12192834.5247,-20366.708299998193979],[12192803.6846,-20411.956399999558926],[12192791.5863,-20429.706999998539686],[12192791.378899998962879,-20433.641399998217821],[12192791.07209999859333,-20439.459199998527765]]],[[[12194975.057,-19058.999600000679493],[12194977.440900001674891,-19061.383499998599291],[12194981.2817,-19065.754099998623133],[12194983.665600001811981,-19069.329900000244379],[12194984.592799998819828,-19072.641100000590086],[12194985.2549,-19075.687199998646975],[12194985.784699998795986,-19079.792899999767542],[12194986.049600001424551,-19083.50109999999404],[12194986.0495,-19088.004200000315905],[12194986.049600001424551,-19092.242300000041723],[12194986.049600001424551,-19096.745299998670816],[12194986.182,-19101.248199999332428],[12194986.976599998772144,-19105.353799998760223],[12194988.4335,-19109.327100001275539],[12194990.2876,-19112.50560000166297],[12194992.804000001400709,-19115.286899998784065],[12194995.85020000115037,-19118.068300001323223],[12195009.0942,-19130.91499999910593],[12195016.858399998396635,-19139.133600000292063],[12195033.9929,-19157.270700000226498],[12195050.6804,-19175.679999999701977],[12195063.924400001764297,-19189.850999999791384],[12195067.6327,-19193.29450000077486],[12195069.3545,-19195.281199999153614],[12195070.414,-19197.400299999862909],[12195070.811299998313189,-19199.25450000166893],[12195070.943799998611212,-19200.843699999153614],[12195070.414,-19202.433100000023842],[12195069.486900001764297,-19203.889800000935793],[12195067.765099998563528,-19204.816899999976158],[12195065.5137,-19205.478999998420477],[12195062.4676,-19206.406199999153614],[12195058.7592,-19207.730599999427795],[12195042.998799998313189,-19213.690600000321865],[12195035.9795,-19217.663600001484156],[12195030.814399998635054,-19222.166700001806021],[12195026.179000001400709,-19227.596799999475479],[12195024.1923,-19231.437600001692772],[12195022.8679,-19236.20549999922514],[12195022.338100001215935,-19240.973200000822544],[12195022.205699998885393,-19245.078999999910593],[12195022.0733,-19250.773800000548363],[12195022.603,-19254.87950000166893],[12195023.5301,-19258.587799999862909],[12195024.7221,-19260.971799999475479],[12195026.3114,-19263.355799999088049],[12195028.695300001651049,-19265.342399999499321],[12195031.609000001102686,-19266.931600000709295],[12195034.920000001788139,-19268.388599999248981],[12195038.893199998885393,-19269.315699998289347],[12195042.469099998474121,-19269.447999998927116],[12195046.4423,-19268.520899999886751],[12195049.6208,-19267.85869999974966],[12195053.0643,-19266.931600000709295],[12195058.361900001764297,-19265.739700000733137],[12195062.0702,-19264.812600001692772],[12195066.838100001215935,-19264.282900001853704],[12195071.6059,-19264.415399998426437],[12195076.2414,-19264.68019999936223],[12195080.8766999989748,-19264.812699999660254],[12195084.850000001490116,-19264.812699999660254],[12195089.8827,-19264.415300000458956],[12195093.7234,-19263.488200001418591],[12195109.7487,-19259.382599998265505],[12195114.9139,-19258.852899998426437],[12195120.079100001603365,-19258.190600000321865],[12195120.079,-19280.892700001597404],[12195119.120700001716614,-19281.304800000041723],[12195109.573399998247623,-19286.311200000345707],[12195100.7685,-19290.927999999374151],[12195088.531100001186132,-19297.24549999833107],[12195087.8953,-19297.841400001198053],[12195087.498,-19298.357999999076128],[12195087.2199,-19298.953899998217821],[12195087.0213,-19299.987100001424551],[12195087.021200001239777,-19300.821400001645088],[12195087.100699998438358,-19301.814800001680851],[12195087.25959999859333,-19303.284699998795986],[12195089.000799998641014,-19311.326699998229742],[12195091.248399998992682,-19321.40089999884367],[12195092.645599998533726,-19327.663199998438358],[12195097.9008,-19351.217799998819828],[12195100.920400001108646,-19380.778599999845028],[12195101.6796,-19388.3293999992311],[12195103.781100001186132,-19409.226799998432398],[12195104.3832,-19413.751200001686811],[12195105.6353,-19423.159600000828505],[12195106.482900001108646,-19427.927499998360872],[12195107.542399998754263,-19431.847800001502037],[12195108.919799998402596,-19435.238099999725819],[12195110.9329,-19439.158500000834465],[12195117.637699998915195,-19447.874800000339746],[12195120.468600001186132,-19451.554999999701977],[12195122.7995,-19454.203699998557568],[12195124.9186,-19456.216699998825788],[12195126.507800001651049,-19457.382399998605251],[12195128.0971,-19458.018100000917912],[12195129.8983,-19458.230000000447035],[12195131.8055,-19458.12390000000596],[12195134.772100001573563,-19457.382399998605251],[12195140.4936,-19454.627500001341105],[12195154.6232,-19447.874899998307228],[12195166.875599998980761,-19442.019299998879433],[12195196.5422,-19427.397799998521805],[12195208.3712,-19422.385400000959635],[12195240.3004,-19408.856100000441074],[12195245.4921,-19414.471400000154972],[12195250.577799998223782,-19419.027499999850988],[12195254.921799998730421,-19422.418000001460314],[12195257.464699998497963,-19424.537099998444319],[12195261.173099998384714,-19427.185899998992682],[12195264.0337999984622,-19428.881000000983477],[12195267.954,-19430.258299998939037],[12195271.2385,-19431.212000001221895],[12195274.8409,-19431.635899998247623],[12195276.500799998641014,-19431.635800000280142],[12195278.973000001162291,-19431.635800000280142],[12195282.6813,-19431.423900000751019],[12195286.813499998301268,-19430.36430000141263],[12195290.098000001162291,-19429.410799998790026],[12195303.1301,-19424.537099998444319],[12195324.5324,-19416.378499999642372],[12195333.2911,-19413.604899998754263],[12195349.960900001227856,-19408.326200000941753],[12195379.30970000103116,-19397.625100001692772],[12195405.270799998193979,-19388.750999998301268],[12195408.446600001305342,-19387.665399998426437],[12195433.23930000141263,-19378.659600000828505],[12195474.242800001055002,-19363.402399998158216],[12195483.107500001788139,-19360.520599998533726],[12195508.4654,-19352.277300000190735],[12195527.642700001597404,-19345.920099999755621],[12195542.0522,-19340.410599999129772],[12195554.852899998426437,-19331.761300001293421],[12195557.7331,-19329.815200001001358],[12195573.7319,-19316.041499998420477],[12195591.637899998575449,-19302.373599998652935],[12195594.2221,-19300.600699998438358],[12195600.749699998646975,-19296.122400000691414],[12195606.577,-19292.837900001555681],[12195610.3913,-19291.03660000115633],[12195614.62950000166893,-19289.659200001507998],[12195618.5497,-19288.599700000137091],[12195622.6818,-19287.646200001239777],[12195626.813900001347065,-19287.116500001400709],[12195630.7341,-19286.798599999397993],[12195633.91270000115037,-19286.798599999397993],[12195638.4687,-19287.22239999845624],[12195649.5937,-19290.295099999755621],[12195657.646000001579523,-19293.155699998140335],[12195665.3805,-19295.910399999469519],[12195670.254299998283386,-19297.605700001120567],[12195672.894900001585484,-19298.858899999409914],[12195669.573399998247623,-19304.280000001192093],[12195655.5348,-19327.192099999636412],[12195645.2045,-19342.290399998426437],[12195641.231199998408556,-19347.588100001215935],[12195630.371100001037121,-19359.905099999159575],[12195604.1479,-19379.771299999207258],[12195580.0438,-19396.591299999505281],[12195562.8266,-19407.848700001835823],[12195557.131700001657009,-19412.351599998772144],[12195552.4963,-19416.589699998497963],[12195548.7879,-19421.22520000115037],[12195540.444200001657009,-19431.688099998980761],[12195520.7106,-19460.560199998319149],[12195495.0172,-19496.848900001496077],[12195473.561900001019239,-19518.436799999326468],[12195448.2658,-19545.852099999785423],[12195446.676600001752377,-19547.176300000399351],[12195443.8953,-19549.42790000140667],[12195441.2465,-19550.619800001382828],[12195437.538199998438358,-19551.41440000012517],[12195434.124400001019239,-19561.017799999564886],[12195432.852899998426437,-19575.798200000077486],[12195433.011799998581409,-19581.201799999922514],[12195433.4886,-19587.876899998635054],[12195434.4421,-19594.233899999409914],[12195435.554699998348951,-19599.637600000947714],[12195436.667100001126528,-19605.67680000141263],[12195437.7797,-19611.557199999690056],[12195438.733199998736382,-19619.503699999302626],[12195439.5279,-19631.42339999973774],[12195439.5279,-19638.098400000482798],[12195439.5279,-19645.567899998277426],[12195439.21,-19651.925200000405312],[12195438.892099998891354,-19660.030600000172853],[12195437.620700001716614,-19673.221700001507998],[12195434.760000001639128,-19695.312699999660254],[12195433.6475,-19715.337799999862909],[12195433.6475,-19753.798700001090765],[12195433.791499998420477,-19758.023499999195337],[12195434.1243,-19767.784499999135733],[12195433.9654,-19773.188000001013279],[12195433.806400001049042,-19778.273699998855591],[12195433.4886,-19783.200599998235703],[12195433.170699998736382,-19787.491599999368191],[12195432.852899998426437,-19793.212999999523163],[12195432.535,-19797.821899998933077],[12195432.535,-19801.318399999290705],[12195432.852899998426437,-19805.450599998235703],[12195433.4886,-19809.105900000780821],[12195434.760000001639128,-19813.238099999725819],[12195436.667100001126528,-19818.323899999260902],[12195438.8922,-19824.045299999415874],[12195443.183200001716614,-19837.713199999183416],[12195444.295699998736382,-19842.798900000751019],[12195445.4082,-19849.156100001186132],[12195446.2029,-19856.307900000363588],[12195446.997499998658895,-19864.095400001853704],[12195447.6332,-19870.770300000905991],[12195448.269000001251698,-19879.19370000064373],[12195451.9243,-19906.847300000488758],[12195453.1957,-19914.31700000166893],[12195454.308200001716614,-19920.833000000566244],[12195455.420699998736382,-19925.918800000101328],[12195456.851100001484156,-19931.958000000566244],[12195462.2546,-19948.80460000038147],[12195463.2082,-19953.25450000166893],[12195464.1618,-19958.658100001513958],[12195464.9564,-19964.379700001329184],[12195465.433200001716614,-19970.101100001484156],[12195465.433200001716614,-19975.345600001513958],[12195465.1153,-19992.827899999916553],[12195467.976,-20026.997499998658895],[12195468.2939000017941,-20031.288600001484156],[12195468.2939000017941,-20036.851199999451637],[12195468.1349,-20042.413600001484156],[12195467.340300001204014,-20047.340500000864267],[12195466.3867,-20052.426300000399351],[12195465.4331,-20057.194200001657009],[12195464.6385000012815,-20061.962099999189377],[12195463.843899998813868,-20067.047800000756979],[12195463.526,-20072.292300000786781],[12195463.526099998503923,-20077.378199998289347],[12195464.1617,-20088.979899998754263],[12195464.9564,-20105.190699998289347],[12195464.3207,-20135.387099999934435],[12195464.0029,-20151.439100001007318],[12195463.6849,-20157.79619999974966],[12195462.890299998223782,-20165.265900000929832],[12195461.9368,-20172.894400000572205],[12195461.3011,-20178.933800000697374],[12195460.188499998301268,-20184.496300000697374],[12195458.917100001126528,-20188.151599999517202],[12195449.3814,-20222.003600001335144],[12195447.3154,-20228.996399998664856],[12195445.2493,-20235.671500001102686],[12195444.136799998581409,-20242.028599999845028],[12195443.5011,-20250.13399999961257],[12195442.070799998939037,-20274.29109999909997],[12195441.117199998348951,-20281.760800000280142],[12195440.163600001484156,-20289.230500001460314],[12195439.6868,-20295.905499998480082],[12195439.369,-20302.421599999070168],[12195438.733199998736382,-20309.25560000166297],[12195437.620700001716614,-20315.45380000025034],[12195432.0583,-20343.584300000220537],[12195430.468899998813868,-20350.100299999117851],[12195429.5154,-20356.457499999552965],[12195428.720800001174212,-20362.496700000017881],[12195428.085,-20367.900400001555681],[12195427.7672,-20372.668299999088049],[12195428.085,-20377.912900000810623],[12195428.5618,-20381.727200001478195],[12195429.8332,-20391.580699998885393],[12195430.469,-20397.143399998545647],[12195430.469,-20399.157299999147654],[12195430.468899998813868,-20403.500500001013279],[12195430.3101,-20409.380899999290705],[12195429.992199998348951,-20415.102299999445677],[12195429.3565,-20420.346999999135733],[12195428.085,-20426.227400001138449],[12195425.7012,-20431.948800001293421],[12195418.867199998348951,-20455.788100000470877],[12195417.595800001174212,-20461.191799998283386],[12195416.483199998736382,-20465.959699999541044],[12195415.370700001716614,-20471.204300001263618],[12195414.735100001096725,-20476.925700001418591],[12195414.5761,-20483.282999999821186],[12195414.894000001251698,-20489.640000000596046],[12195415.8475,-20496.315000001341105],[12195421.727899998426437,-20523.80970000103116],[12195423.794,-20530.166999999433756],[12195425.7011,-20536.683100000023842],[12195427.290399998426437,-20543.675900001078844],[12195428.4029,-20549.715199999511242],[12195428.8796,-20555.913499999791384],[12195428.243900001049042,-20576.097500000149012],[12195427.9261,-20580.86540000140667],[12195427.608199998736382,-20585.474300000816584],[12195427.131499998271465,-20589.129700001329184],[12195426.0189,-20592.308299999684095],[12195430.909400001168251,-20613.61879999935627],[12195435.7832,-20633.326099999248981],[12195436.630800001323223,-20640.530799999833107],[12195436.6309,-20646.252399999648333],[12195436.206999998539686,-20652.609400000423193],[12195434.935600001364946,-20658.330899998545647],[12195433.028499998152256,-20663.628400001674891],[12195430.697500001639128,-20670.621399998664856],[12195429.002300001680851,-20678.461899999529123],[12195429.214200001209974,-20685.454799998551607],[12195429.4261,-20693.931000001728535],[12195429.4261,-20701.771499998867512],[12195428.578499998897314,-20710.459600001573563],[12195426.8832,-20717.66440000012517],[12195425.188000001013279,-20723.80970000103116],[12195422.4333,-20729.742899999022484],[12195419.6785,-20735.040600001811981],[12195416.287999998778105,-20741.397799998521805],[12195413.109499998390675,-20748.602600000798702],[12195409.5071,-20757.07880000025034],[12195405.692899998277426,-20765.342999998480082],[12195402.7262,-20775.302700001746416],[12195397.0048,-20802.638399999588728],[12195395.309500001370907,-20810.478900000452995],[12195393.61430000141263,-20816.412399999797344],[12195393.4709,-20816.699000000953674],[12195391.071400001645088,-20821.498100001364946],[12195387.045200001448393,-20826.15989999845624],[12195381.959600001573563,-20829.974399998784065],[12195352.2929,-20849.045699998736382],[12195343.816799998283386,-20855.402899999171495],[12195333.433400001376867,-20862.607599999755621],[12195319.871599998325109,-20874.26240000128746],[12195298.6811,-20894.817400000989437],[12195265.412099998444319,-20930.20549999922514],[12195241.3521,-20952.340900000184774],[12195238.9241,-20954.574700001627207],[12195235.957400001585484,-20958.388999998569489],[12195234.0504,-20962.415199998766184],[12195232.355099998414516,-20968.772399999201298],[12195232.355099998414516,-20974.281899999827147],[12195232.56700000166893,-20980.427200000733137],[12195232.9908,-20986.148600000888109],[12195233.4146,-20995.048599999397993],[12195233.602400001138449,-21020.385899998247623],[12195241.5407,-21020.638700000941753],[12195261.2846,-21021.267499998211861],[12195340.645399998873472,-21021.671000000089407],[12195355.0522,-21021.74439999833703],[12195419.577100001275539,-21022.379900000989437],[12195544.017900001257658,-21020.949599999934435],[12195615.504700001329184,-21020.200300000607967],[12195613.310600001364946,-21099.301699999719858],[12195614.1052,-21104.546300001442432],[12195614.8999,-21108.519499998539686],[12195616.0123,-21112.492800001055002],[12195617.124899998307228,-21115.51240000128746],[12195619.5088,-21118.849899999797344],[12195621.892700001597404,-21121.074999999254942],[12195624.2766,-21122.664299998432398],[12195628.0909,-21123.935699999332428],[12195631.428399998694658,-21124.889400001615286],[12195637.14979999884963,-21125.683800000697374],[12195642.394499998539686,-21126.796500001102686],[12195647.321199998259544,-21128.385800000280142],[12195652.565900001674891,-21130.292899999767542],[12195660.035500001162291,-21133.471500001847744],[12195690.5497,-21149.046599999070168],[12195694.6818,-21151.430500000715256],[12195697.542599998414516,-21152.701900001615286],[12195700.562199998646975,-21153.337499998509884],[12195704.6943,-21153.337600000202656],[12195709.3033,-21152.860700000077486],[12195715.0247,-21151.430399999022484],[12195720.110399998724461,-21149.682199999690056],[12195726.308600001037121,-21147.298200000077486],[12195732.188900001347065,-21145.07319999858737],[12195737.9104,-21142.689300000667572],[12195743.313900001347065,-21140.6233000010252],[12195748.0817,-21139.669700000435114],[12195753.1675,-21139.033900000154972],[12195758.0942,-21138.875100001692772],[12195763.8156,-21139.033900000154972],[12195770.1727,-21139.034099999815226],[12195777.960299998521805,-21138.557300001382828],[12195784.9531,-21138.080400001257658],[12195790.8334,-21137.921500001102686],[12195797.826299998909235,-21138.080400001257658],[12195805.295899998396635,-21138.080400001257658],[12195810.222600001841784,-21138.398299999535084],[12195814.3548,-21139.034000001847744],[12195818.645799998193979,-21140.146499998867512],[12195821.6655,-21141.89469999819994],[12195823.4137,-21143.64299999922514],[12195824.844099998474121,-21146.026900000870228],[12195825.6387,-21148.569600000977516],[12195825.797600001096725,-21151.430399999022484],[12195825.797600001096725,-21154.76799999922514],[12195825.4797,-21157.946600001305342],[12195825.3209,-21161.125],[12195824.844099998474121,-21164.939399998635054],[12195823.7315,-21168.118000000715256],[12195821.029800001531839,-21170.660799998790026],[12195818.9637,-21171.614399999380112],[12195815.149500001221895,-21171.932300001382828],[12195810.858399998396635,-21171.932300001382828],[12195805.6138,-21171.773299999535084],[12195800.528099998831749,-21171.455600000917912],[12195795.124499998986721,-21171.137600000947714],[12195789.561999998986721,-21170.978799998760223],[12195783.999499998986721,-21170.978799998760223],[12195777.165600001811981,-21170.660900000482798],[12195770.1727,-21170.3429000005126],[12195762.5442,-21170.184099998325109],[12195755.2335,-21169.866099998354912],[12195747.9228,-21169.707400001585484],[12195747.9699,-21193.011700000613928],[12195747.989100001752377,-21202.526200000196695],[12195700.310600001364946,-21235.901200000196695],[12195681.371599998325109,-21250.999600000679493],[12195663.3598,-21265.038400001823902],[12195654.089000001549721,-21270.203400000929832],[12195645.3479,-21275.765999998897314],[12195635.414900001138449,-21281.858300000429153],[12195628.925299998372793,-21286.228700000792742],[12195618.197700001299381,-21294.307700000703335],[12195602.1723,-21310.597899999469519],[12195598.066799998283386,-21315.763199999928474],[12195593.5638,-21321.458099998533726],[12195589.0608000010252,-21327.682799998670816],[12195585.219999998807907,-21333.907600000500679],[12195579.79,-21341.059399999678135],[12195563.8972,-21358.409200001507998],[12195560.3213,-21362.117499999701977],[12195556.3481,-21366.090700000524521],[12195552.5073,-21369.136900000274181],[12195547.8719,-21372.447799999266863],[12195544.031100001186132,-21374.964299999177456],[12195540.3228,-21377.480599999427795],[12195536.482,-21380.261900000274181],[12195532.1116,-21384.764899998903275],[12195529.0654,-21389.665199998766184],[12195522.9731,-21398.538699999451637],[12195520.589200001209974,-21401.982200000435114],[12195518.0729,-21405.955400001257658],[12195515.9538,-21409.928700000047684],[12195514.364500001072884,-21413.636999998241663],[12195512.907699998468161,-21417.875199999660254],[12195511.7157,-21421.451099999248981],[12195510.3913,-21423.967399999499321],[12195508.934500001370907,-21425.82149999961257],[12195506.5506,-21427.278499998152256],[12195503.5044,-21427.940699998289347],[12195499.2663,-21428.072999998927116],[12195494.233600001782179,-21428.073100000619888],[12195486.684500001370907,-21428.470400001853704],[12195450.9256,-21427.675700001418591],[12195451.9852,-21449.131299998611212],[12195451.7203,-21452.839600000530481],[12195451.587900001555681,-21456.282999999821186],[12195451.1906,-21459.593899998813868],[12195449.6012,-21463.169900000095367],[12195447.349800001829863,-21466.480999998748302],[12195444.568599998950958,-21469.659499999135733],[12195441.5225,-21472.440799999982119],[12195434.900400001555681,-21477.076099999248981],[12195423.643,-21483.300999999046326],[12195419.93470000103116,-21485.022700000554323],[12195416.358800001442432,-21486.744300000369549],[12195413.0478,-21488.598499998450279],[12195409.0746,-21490.717700000852346],[12195405.896000001579523,-21492.969200000166893],[12195402.452599998563528,-21496.015299998223782],[12195399.141600001603365,-21499.5912000015378],[12195396.492800001055002,-21502.902199998497963],[12195394.373799998313189,-21505.683400001376867],[12195391.46,-21508.862100001424551],[12195388.546300001442432,-21510.7162000015378],[12195383.1162,-21513.497400000691414],[12195366.561299998313189,-21518.927499998360872],[12195362.32319999858737,-21520.251899998635054],[12195357.820300001651049,-21521.179000001400709],[12195351.992800001055002,-21521.708700001239777],[12195346.562800001353025,-21522.106199998408556],[12195341.000300001353025,-21522.238499999046326],[12195334.643199998885393,-21522.768399998545647],[12195330.1402,-21523.69539999961853],[12195324.8426,-21525.417199999094009],[12195320.339699998497963,-21527.271299999207258],[12195315.042,-21529.390299998223782],[12195310.1417,-21530.714699998497963],[12195303.51969999819994,-21532.436599999666214],[12195270.1448,-21537.601700000464916],[12195263.78770000115037,-21538.131499998271465],[12195259.284699998795986,-21538.39640000090003],[12195254.119600001722574,-21538.263900000602007],[12195248.557,-21537.734200000762939],[12195244.3189,-21536.939500000327826],[12195239.4186,-21535.747600000351667],[12195226.174600001424551,-21530.847100000828505],[12195174.6554,-21515.351599998772144],[12195136.645100001245737,-21503.8293999992311],[12195130.6853,-21502.769799999892712],[12195125.9175,-21502.372499998658895],[12195120.8847,-21502.372400000691414],[12195114.7925,-21502.769799999892712],[12195092.675,-21507.272700000554323],[12195075.4577,-21510.18640000000596],[12195070.0277,-21511.775699999183416],[12195064.8625,-21513.629999998956919],[12195059.9622,-21516.146299999207258],[12195055.4593,-21518.795200001448393],[12195051.486000001430511,-21521.31140000000596],[12195046.850699998438358,-21524.490100000053644],[12195043.142299998551607,-21526.609200000762939],[12195038.904199998825788,-21528.860599998384714],[12195034.7986,-21531.112100001424551],[12195029.8983,-21533.893399998545647],[12195026.0576,-21536.144900001585484],[12195021.422200001776218,-21538.528799999505281],[12195017.051600001752377,-21541.045200001448393],[12195013.475699998438358,-21543.561599999666214],[12195010.694400001317263,-21545.94539999961853],[12195008.443,-21548.329500000923872],[12195006.3239,-21551.375599998980761],[12195005.3968,-21554.024399999529123],[12195004.734700001776218,-21557.600299999117851],[12195004.602200001478195,-21561.308600001037121],[12195004.7516999989748,-21565.253899998962879],[12195005.264400001615286,-21578.790800001472235],[12195005.7942,-21610.973999999463558],[12195005.132,-21660.771800000220537],[12195002.68470000103116,-21711.88569999858737],[12195011.014899998903275,-21718.241999998688698],[12195011.013099998235703,-21718.292599998414516],[12195010.8515,-21722.781899999827147],[12194849.274500001221895,-21605.57149999961257],[12194823.3931,-21580.284099999815226],[12194748.288800001144409,-21506.903299998492002],[12194679.238000001758337,-21450.181699998676777],[12194584.7986,-21391.313999999314547],[12194557.050700001418591,-21374.017700001597404],[12194150.3812,-21120.525299999862909],[12194147.5137,-21056.620000001043081],[12194146.2269,-21027.944400001317263],[12194133.013300001621246,-21017.771099999547005],[12194123.6886,-21010.864900000393391],[12194116.5158,-21005.552600000053644],[12194090.632399998605251,-20986.382599998265505],[12194055.9331,-20962.278400000184774],[12194024.80970000103116,-20941.220199998468161],[12193989.1833,-20916.851100001484156],[12193946.1402,-20890.098099999129772],[12193906.673,-20866.920800000429153],[12193846.545200001448393,-20831.161699999123812],[12193820.0328,-20814.783300001174212],[12193816.663199998438358,-20812.701699998229742],[12193812.2432,-20809.9712999984622],[12193769.465,-20784.807399999350309],[12193737.1496,-20765.736000001430511],[12193685.4978,-20734.347600001841784],[12193648.14979999884963,-20711.170299999415874],[12193591.9952,-20678.192600000649691],[12193541.403,-20647.863600000739098],[12193516.441100001335144,-20632.342799998819828],[12193535.692699998617172,-20587.423500001430511],[12193571.2007,-20589.215599998831749],[12193568.684300001710653,-20588.818399999290705],[12193566.3004,-20588.023800000548363],[12193564.976,-20586.699400000274181],[12193563.6516,-20584.977600000798702],[12193563.386799998581409,-20583.123399998992682],[12193563.6516,-20580.739500001072884],[12193564.446199998259544,-20578.62049999833107],[12193566.168000001460314,-20575.574299998581409],[12193570.9358000010252,-20569.48200000077486],[12193573.717,-20565.376400001347065],[12193575.306400001049042,-20562.330200001597404],[12193575.8361,-20559.813700001686811],[12193575.8361,-20557.69480000063777],[12193575.4388,-20554.913400001823902],[12193574.246800001710653,-20552.397199999541044],[12193572.657499998807907,-20550.543000001460314],[12193570.8033,-20548.688799999654293],[12193568.287,-20546.172499999403954],[12193558.8838,-20539.682700000703335],[12193557.4503,-20538.732799999415874],[12193512.927000001072884,-20509.221400000154972],[12193484.055100001394749,-20493.990699999034405],[12193432.2709,-20463.264499999582767],[12193396.909400001168251,-20441.27930000051856],[12193364.7923,-20420.613899998366833],[12193367.1103,-20417.17509999871254],[12193383.7978,-20394.130300000309944],[12193392.803800001740456,-20380.025400001555681],[12193401.80970000103116,-20365.920499999076128],[12193423.7947,-20329.499200001358986],[12193452.136999998241663,-20283.939399998635054],[12193474.122000001370907,-20253.080699998885393],[12193509.880800001323223,-20198.912399999797344],[12193522.5057,-20178.974199999123812],[12193550.804900001734495,-20134.281399998813868],[12193571.7304,-20103.422699999064207],[12193593.3979,-20067.027899999171495],[12193598.692200001329184,-20072.384899999946356],[12193664.3743,-20133.33219999819994],[12193667.0313,-20135.797600001096725],[12193695.721500001847744,-20161.418200001120567],[12193705.65089999884367,-20170.285199999809265],[12193710.776700001209974,-20175.263799998909235],[12193766.520399998873472,-20229.406800001859665],[12193773.5641999989748,-20237.011999998241663],[12193869.907000001519918,-20180.543099999427795],[12193871.720800001174212,-20180.563099998980761],[12193874.1235,-20177.27589999884367],[12193878.1321,-20171.791700001806021],[12193897.9982,-20140.323800001293421],[12193902.7661,-20131.582699999213219],[12193904.5143,-20127.132699999958277],[12193905.7857,-20123.318300001323223],[12193906.5803,-20119.027199998497963],[12193907.057100001722574,-20114.100299999117851],[12193907.057100001722574,-20108.855900000780821],[12193907.057100001722574,-20103.929099999368191],[12193907.5339,-20099.320099998265505],[12193908.169599998742342,-20094.393300000578165],[12193909.5999,-20089.943300001323223],[12193911.1891999989748,-20086.764800000935793],[12193913.0964,-20083.745000001043081],[12193926.446400001645088,-20063.243099998682737],[12193945.19990000128746,-20034.795000001788139],[12193961.410500001162291,-20012.544900000095367],[12193990.335499998182058,-19970.587600000202656],[12193994.0159,-19965.600099999457598],[12193994.9615,-19964.31870000064373],[12194007.340799998492002,-19947.54280000180006],[12194033.7229,-19909.399900000542402],[12194054.8603,-19877.772999998182058],[12194075.679900001734495,-19848.847899999469519],[12194094.4335,-19821.829900000244379],[12194118.113699998706579,-19785.435199998319149],[12194131.781599998474121,-19765.410199999809265],[12194134.960099998861551,-19761.596000000834465],[12194137.661899998784065,-19759.529800001531839],[12194140.999499998986721,-19758.099399998784065],[12194145.608399998396635,-19757.781700000166893],[12194149.8994,-19757.622699998319149],[12194202.1125,-19759.049199998378754],[12194202.2522,-19753.639600001275539],[12194203.217500001192093,-19716.233800001442432],[12194204.381700001657009,-19698.028599999845028],[12194204.598000001162291,-19694.646800000220537],[12194204.965599998831749,-19688.897900000214577],[12194206.0781,-19682.699799999594688],[12194207.0317,-19677.455200001597404],[12194207.0317,-19671.57490000128746],[12194206.4606,-19667.919399999082088],[12194206.237100001424551,-19666.489000000059605],[12194205.760200001299381,-19661.403400000184774],[12194204.806699998676777,-19655.522999998182058],[12194204.3299,-19649.960499998182058],[12194204.171,-19646.464099999517202],[12194204.3299,-19643.285399999469519],[12194205.1246,-19640.901500001549721],[12194207.1906,-19638.994300000369549],[12194210.5282,-19637.881700001657009],[12194214.660300001502037,-19637.881900001317263],[12194220.222800001502037,-19638.358600001782179],[12194225.3085,-19639.629999998956919],[12194230.553,-19641.696100000292063],[12194235.3209,-19644.55689999833703],[12194239.7709,-19647.576499998569489],[12194244.2209,-19651.072999998927116],[12194247.717300001531839,-19654.569400001317263],[12194251.0548,-19659.019299998879433],[12194252.9619,-19664.740899998694658],[12194253.7566,-19667.91950000077486],[12194254.233399998396635,-19669.82660000026226],[12194255.125,-19673.170000001788139],[12194255.5049,-19674.594300001859665],[12194257.570799998939037,-19679.362399999052286],[12194260.749499998986721,-19684.765799999237061],[12194265.0405,-19689.692699998617172],[12194287.131499998271465,-19709.558800000697374],[12194290.1512,-19711.7837999984622],[12194292.535100001841784,-19713.214099999517202],[12194294.4423,-19714.008799999952316],[12194296.0315,-19714.167599998414516],[12194296.985100001096725,-19714.008699998259544],[12194297.9386,-19711.942699998617172],[12194298.097600001841784,-19709.399900000542402],[12194299.0185999982059,-19672.2989999987185],[12194232.754099998623133,-19603.702799998223782],[12194277.8981,-19552.780799999833107],[12194304.4881,-19527.545699998736382],[12194348.3526,-19567.411499999463558],[12194409.4366,-19628.071299999952316],[12194489.9239,-19715.598200000822544],[12194491.8310999982059,-19756.284000001847744],[12194492.2309,-19762.390599999576807],[12194516.228999998420477,-19762.867300000041723],[12194544.784699998795986,-19762.573899999260902],[12194562.636,-19762.390500001609325],[12194566.055300001055002,-19762.437800001353025],[12194575.785500001162291,-19762.572500001639128],[12194608.5663,-19763.026299998164177],[12194659.264400001615286,-19762.867400001734495],[12194666.5751,-19763.026200000196695],[12194670.5484,-19763.344200000166893],[12194674.521499998867512,-19763.979899998754263],[12194678.3358,-19764.774500001221895],[12194681.0376,-19766.045899998396635],[12194682.309,-19767.158399999141693],[12194683.580400001257658,-19769.383400000631809],[12194684.0572,-19771.290600001811981],[12194684.534000001847744,-19773.356699999421835],[12194684.534000001847744,-19776.535300001502037],[12194684.534000001847744,-19780.031700000166893],[12194683.2626,-19791.474500000476837],[12194681.1965,-19804.347699999809265],[12194679.289299998432398,-19809.910300001502037],[12194677.223299998790026,-19814.201400000602007],[12194673.8858,-19818.810300000011921],[12194670.7073,-19822.30689999833703],[12194665.4626,-19826.915800001472235],[12194661.807300001382828,-19829.776399999856949],[12194657.516199998557568,-19833.43189999833703],[12194653.701900001615286,-19837.245999999344349],[12194649.8876,-19840.742600001394749],[12194647.185899998992682,-19843.762200001627207],[12194644.643,-19848.053199999034405],[12194643.2126,-19851.867499999701977],[12194641.9413,-19856.317499998956919],[12194641.1466,-19865.535399999469519],[12194640.510899998247623,-19870.144400000572205],[12194639.7163,-19874.435499999672174],[12194639.0805,-19877.93189999833703],[12194637.9681,-19881.428399998694658],[12194636.855500001460314,-19883.971200000494719],[12194635.1074,-19886.355200000107288],[12194632.8823,-19888.103300001472235],[12194629.544799998402596,-19889.692600000649691],[12194603.7276,-19899.162799999117851],[12194593.1503,-19903.04280000180006],[12194540.58839999884367,-19923.730399999767542],[12194538.637899998575449,-19924.498100001364946],[12194503.673700001090765,-19944.682199999690056],[12194467.7559,-19965.184000000357628],[12194460.921999998390675,-19967.726799998432398],[12194455.9952,-19969.157200001180172],[12194449.956,-19970.110800001770258],[12194450.6981,-19989.292599998414516],[12194378.207600001245737,-20011.977899998426437],[12194373.6516,-20013.567299999296665],[12194325.9731,-20032.532800000160933],[12194297.8616,-20043.377000000327826],[12194297.225900001823902,-20045.760899998247623],[12194296.7491,-20049.416400000452995],[12194296.5902,-20054.184200000017881],[12194296.4313,-20087.877099998295307],[12194297.225900001823902,-20094.552200000733137],[12194297.8616,-20098.366599999368191],[12194298.815200001001358,-20101.703999999910593],[12194300.8812,-20103.929099999368191],[12194303.2652,-20105.359400000423193],[12194305.967,-20105.995000001043081],[12194308.8277,-20106.154100000858307],[12194312.8008,-20105.995099999010563],[12194317.4098,-20105.041499998420477],[12194363.9758,-20092.803899999707937],[12194409.1114,-20073.255800001323223],[12194449.479200001806021,-20055.455699998885393],[12194502.5612,-20030.185899998992682],[12194545.948600001633167,-20010.796599999070168],[12194590.4485,-19992.360800001770258],[12194620.962699998170137,-19978.772300001233816],[12194627.982099998742342,-19975.461300000548363],[12194631.6904,-19973.872099999338388],[12194634.339200001209974,-19972.415300000458956],[12194637.1204,-19971.090900000184774],[12194639.769299998879433,-19969.766499999910593],[12194641.490899998694658,-19969.369100000709295],[12194643.61,-19969.104200001806021],[12194645.728999998420477,-19969.104200001806021],[12194647.318300001323223,-19969.633900001645088],[12194648.5103,-19970.561000000685453],[12194649.172400001436472,-19972.017900001257658],[12194649.5698,-19974.136900000274181],[12194650.0995,-19976.785700000822544],[12194651.953699998557568,-20012.015099998563528],[12194651.6888,-20049.76069999858737],[12194651.8213,-20053.469000000506639],[12194652.0861,-20055.985399998724461],[12194652.4835,-20058.766600001603365],[12194653.1457,-20061.150699999183416],[12194654.0728,-20062.739799998700619],[12194655.3972,-20064.064300000667572],[12194657.118900001049042,-20064.461599998176098],[12194659.105500001460314,-20064.594000000506639],[12194662.1516,-20064.461500000208616],[12194665.992400001734495,-20063.534400001168251],[12194694.467,-20051.879799999296665],[12194732.212499998509884,-20036.516699999570847],[12194767.309099998325109,-20020.358800001442432],[12194795.651299998164177,-20010.293400000780821],[12194814.325399998575449,-20003.538899999111891],[12194829.0262,-19997.711399998515844],[12194839.621399998664856,-19993.473299998790026],[12194843.1576,-19991.115899998694658],[12194844.3893,-19990.294700000435114],[12194847.1706,-19987.778400000184774],[12194849.686900001019239,-19984.99720000103116],[12194851.9384,-19982.348299998790026],[12194854.057500001043081,-19980.229299999773502],[12194856.441399998962879,-19978.639899998903275],[12194859.884799998253584,-19977.712900001555681],[12194864.122900001704693,-19977.448100000619888],[12194890.7434,-19977.183200001716614],[12194893.912999998778105,-19881.569600000977516],[12194895.6083,-19787.48369999974966],[12194895.820099998265505,-19779.43129999935627],[12194896.243900001049042,-19772.438400000333786],[12194896.879700001329184,-19766.928899999707937],[12194897.3035,-19762.690799999982119],[12194898.151099998503923,-19759.08839999884367],[12194899.4225,-19756.545400001108646],[12194901.3297,-19755.062199998646975],[12194904.5082,-19753.790699999779463],[12194909.594,-19752.307399999350309],[12194914.4677,-19752.095400001853704],[12194918.8574,-19752.267299998551607],[12194922.3453,-19551.800200000405312],[12194925.806200001388788,-19551.800299998372793],[12194931.8768,-19551.895899999886751],[12194938.371,-19543.070799998939037],[12194936.6494,-19540.95160000026226],[12194935.1926,-19538.170499999076128],[12194920.094300001859665,-19509.96059999987483],[12194902.4798,-19486.5185999982059],[12194879.435199998319149,-19459.235599998384714],[12194848.3118,-19421.092799998819828],[12194829.770100001245737,-19396.856199998408556],[12194812.023200001567602,-19372.222100000828505],[12194798.91160000115633,-19356.991500001400709],[12194791.892299998551607,-19349.442200001329184],[12194773.966699998825788,-19332.088899999856949],[12194766.993500001728535,-19325.338100001215935],[12194731.499499998986721,-19292.360199999064207],[12194715.739100001752377,-19276.732299998402596],[12194688.7212999984622,-19252.363099999725819],[12194652.6976,-19219.915199998766184],[12194612.9655,-19183.493900001049042],[12194582.2418,-19154.368900001049042],[12194593.6292,-19130.120299998670816],[12194594.531399998813868,-19127.981899999082088],[12194604.3569,-19104.691700000315905],[12194606.2111,-19100.586100000888109],[12194607.270599998533726,-19097.6722999997437],[12194607.6679,-19094.758600000292063],[12194607.800299998372793,-19092.374600000679493],[12194607.8004,-19090.123199999332428],[12194607.0057,-19087.739399999380112],[12194605.946199998259544,-19085.355399999767542],[12194604.48930000141263,-19083.103799998760223],[12194602.370299998670816,-19080.852400001138449],[12194600.1188,-19078.865800000727177],[12194599.059300001710653,-19077.144099999219179],[12194598.529599998146296,-19075.157499998807907],[12194598.397100001573563,-19072.905900001525879],[12194598.662,-19070.786899998784065],[12194599.721500001847744,-19068.270399998873472],[12194601.178399998694658,-19065.886599998921156],[12194614.952100001275539,-19046.55009999871254],[12194628.9908,-19026.286699999123812],[12194637.3345,-19015.02930000051856],[12194642.499699998646975,-19009.59910000115633],[12194647.1351,-19005.228700000792742],[12194651.1083,-19001.255399998277426],[12194654.8167,-18997.017299998551607],[12194658.2601,-18992.249499998986721],[12194668.5904,-18977.018800001591444],[12194684.3508,-18953.576699998229742],[12194706.070999998599291,-18925.631799999624491],[12194718.387899998575449,-18908.414500001817942],[12194726.7317,-18893.051300000399351],[12194733.3537,-18880.602000001817942],[12194737.591699998825788,-18875.70160000026226],[12194740.9027,-18872.522999998182058],[12194744.3462,-18869.609299998730421],[12194748.584199998527765,-18865.90089999884367],[12194752.42509999871254,-18861.397999998182058],[12194755.4712,-18856.762600000947714],[12194758.6497,-18852.657000001519918],[12194762.358,-18848.683600001037121],[12194765.139400001615286,-18846.03489999845624],[12194769.77479999884963,-18841.664299998432398],[12194773.4831,-18838.618200000375509],[12194779.9727,-18833.982799999415874],[12194786.727000001817942,-18828.287900000810623],[12194791.097600001841784,-18823.78489999845624],[12194800.765700001269579,-18810.938099998980761],[12194812.4205,-18794.780200000852346],[12194822.6184,-18780.476700000464916],[12194825.7969,-18775.443999998271465],[12194828.578200001269579,-18771.205899998545647],[12194830.564800001680851,-18767.894799999892712],[12194832.2865,-18765.510899998247623],[12194834.008299998939037,-18763.656599998474121],[12194835.8624,-18762.067400000989437],[12194837.4516,-18761.140399999916553],[12194839.041000001132488,-18760.743000000715256],[12194840.895100001245737,-18760.743000000715256],[12194842.8818,-18761.140299998223782],[12194845.2656,-18762.597199998795986],[12194847.517099998891354,-18764.981100000441074],[12194849.3713,-18767.89469999819994],[12194851.6228,-18771.868000000715256],[12194853.7418,-18775.841299999505281],[12194858.3772,-18784.714800000190735],[12194863.0126,-18795.707499999552965],[12194867.912999998778105,-18815.573399998247623],[12194874.667399998754263,-18836.101799998432398],[12194875.859299998730421,-18839.677700001746416],[12194876.521499998867512,-18843.253699999302626],[12194876.9188,-18846.432199999690056],[12194876.9189000017941,-18850.670299999415874],[12194876.653900001198053,-18853.716400001198053],[12194875.7269,-18856.232900001108646],[12194874.1376,-18860.338500000536442],[12194872.0185999982059,-18864.046700000762939],[12194869.5022,-18867.887699998915195],[12194867.118299998342991,-18871.993299998342991],[12194849.2388,-18903.249200001358986],[12194822.353500001132488,-18943.908599998801947],[12194818.77760000154376,-18949.868500001728535],[12194816.2612,-18954.239000000059605],[12194814.671999998390675,-18958.3445999994874],[12194814.009799998253584,-18961.788100000470877],[12194813.877300001680851,-18964.834300000220537],[12194814.0097,-18967.482999999076128],[12194815.3341,-18971.588799998164177],[12194818.512699998915195,-18979.402699999511242],[12194825.0882,-18988.095100000500679],[12194837.849,-19004.963799998164177],[12194845.3981,-19014.36710000038147],[12194848.444200001657009,-19019.929699998348951],[12194850.8281,-19026.15430000051856],[12194853.344500001519918,-19031.849300000816584],[12194856.655499998480082,-19039.530799999833107],[12194863.542399998754263,-19052.774900000542402],[12194874.539299998432398,-19071.754900000989437],[12194881.421799998730421,-19083.633699998259544],[12194884.335499998182058,-19088.798900000751019],[12194886.189599998295307,-19091.315200001001358],[12194888.573600001633167,-19093.30180000141263],[12194890.825,-19094.758699998259544],[12194894.003600001335144,-19095.420800000429153],[12194897.049800001084805,-19095.553300000727177],[12194899.96339999884367,-19095.685699999332428],[12194903.0095,-19094.891100000590086],[12194906.7179,-19093.037000000476837],[12194909.896499998867512,-19091.050299998372793],[12194913.339899998158216,-19088.269099999219179],[12194917.313099998980761,-19085.620200000703335],[12194948.568999998271465,-19064.826999999582767],[12194954.793699998408556,-19059.92680000141263],[12194959.1642,-19056.350699998438358],[12194962.210299998521805,-19054.629200000315905],[12194964.3294,-19053.96680000051856],[12194966.978100001811981,-19053.96680000051856],[12194969.494600001722574,-19054.761500000953674],[12194972.2758,-19056.615600001066923],[12194975.057,-19058.999600000679493]],[[12194840.702,-20109.239700000733137],[12194838.2463,-20109.387699998915195],[12194828.4457,-20110.977000001817942],[12194822.088599998503923,-20112.698800001293421],[12194815.863899998366833,-20114.155699998140335],[12194809.5068,-20115.744899999350309],[12194805.2687,-20117.334300000220537],[12194799.8387,-20120.247999999672174],[12194795.4681,-20123.029100000858307],[12194792.686900001019239,-20126.605099998414516],[12194789.3759,-20130.843199998140335],[12194786.197299998253584,-20134.948899999260902],[12194782.3565,-20139.319299999624491],[12194778.118500001728535,-20145.279199998825788],[12194770.966699998825788,-20155.21229999884963],[12194756.6631,-20170.840399999171495],[12194752.160100001841784,-20174.81359999999404],[12194747.52479999884963,-20179.051600001752377],[12194743.9489,-20181.56810000166297],[12194740.7703,-20183.4222999997437],[12194737.4593,-20185.673599999397993],[12194734.5456,-20187.263000000268221],[12194730.572500001639128,-20188.719799999147654],[12194726.996599998325109,-20189.911800000816584],[12194722.6261,-20190.706500001251698],[12194722.486000001430511,-20191.618200000375509],[12194720.6651,-20203.475099999457598],[12194719.946600001305342,-20231.236299999058247],[12194719.6034,-20244.49890000000596],[12194720.579999998211861,-20250.585299998521805],[12194723.835,-20270.871700000017881],[12194729.9732,-20283.233199998736382],[12194730.449,-20284.191700000315905],[12194741.2978,-20283.659699998795986],[12194752.8383,-20279.280200000852346],[12194757.4393,-20277.534099999815226],[12194769.081799998879433,-20279.133400000631809],[12194792.440200001001358,-20290.038499999791384],[12194798.187399998307228,-20292.721599999815226],[12194830.4681,-20306.576400000602007],[12194841.8127,-20310.91950000077486],[12194842.9883,-20311.430700000375509],[12194843.102400001138449,-20304.3141999989748],[12194849.835900001227856,-20301.44990000128746],[12194878.2311,-20289.371199999004602],[12194889.9918,-20283.967700000852346],[12194901.7524,-20278.563999999314547],[12194922.095199998468161,-20271.782999999821186],[12194935.869,-20267.756900001317263],[12194946.6761,-20264.578299999237061],[12194956.423700001090765,-20262.883099999278784],[12194999.2284,-20255.042599998414516],[12195000.923700001090765,-20281.742600001394749],[12195051.992600001394749,-20281.092099998146296],[12195064.5467,-20280.932100001722574],[12195100.730500001460314,-20280.471200000494719],[12195100.7306,-20217.323499999940395],[12195102.4258,-20211.178199999034405],[12195104.756700001657009,-20206.092500001192093],[12195108.1472,-20201.642499998211861],[12195112.809099998325109,-20197.192400000989437],[12195118.3187,-20193.166200000792742],[12195123.8281,-20189.35190000012517],[12195126.4362,-20187.656700000166893],[12195128.0662,-20186.597100000828505],[12195132.3043,-20184.26630000025034],[12195150.540199998766184,-20176.80009999871254],[12195173.6263,-20176.067299999296665],[12195169.931699998676777,-20172.777699999511242],[12195168.6087,-20171.712200000882149],[12195168.079599998891354,-20170.380199998617172],[12195167.682799998670816,-20169.5810999982059],[12195167.5506,-20167.982599999755621],[12195168.74549999833107,-20115.903799999505281],[12195167.952,-20111.64130000025034],[12195165.570999998599291,-20106.313499998301268],[12195161.4699,-20102.583700001239777],[12195145.064800001680851,-20097.121300000697374],[12195134.349800001829863,-20094.184300001710653],[12195122.706,-20090.992600001394749],[12195111.9016,-20088.594000000506639],[12195098.0981,-20085.529500000178814],[12195089.7872,-20084.739500001072884],[12195081.0312,-20084.196299999952316],[12195072.6961,-20084.595300000160933],[12195065.735599998384714,-20085.196899998933077],[12195062.202599998563528,-20085.680900000035763],[12195048.693799998611212,-20088.594500001519918],[12195032.006299998611212,-20093.362300001084805],[12195011.3457,-20099.322200000286102],[12194974.792100001126528,-20112.433899998664856],[12194964.329300001263618,-20116.407200001180172],[12194960.356199998408556,-20117.864000000059605],[12194955.720800001174212,-20119.58559999987483],[12194951.3503,-20120.247999999672174],[12194946.582400001585484,-20120.910199999809265],[12194942.0794,-20121.175000000745058],[12194936.781800001859665,-20121.174899999052286],[12194929.7625,-20120.645199999213219],[12194917.842799998819828,-20118.658500000834465],[12194883.27589999884367,-20110.712200000882149],[12194859.7016,-20108.593100000172853],[12194849.2388,-20108.725600000470877],[12194843.157699998468161,-20109.09180000051856],[12194840.702,-20109.239700000733137]]],[[[12193842.0905,-19291.505100000649691],[12193785.749200001358986,-19242.157699998468161],[12193784.478999998420477,-19241.045099999755621],[12193781.122900001704693,-19248.8766999989748],[12193745.9494,-19229.16609999909997],[12193717.3427,-19251.416400000452995],[12193580.9037000015378,-19137.460900001227856],[12193580.447299998253584,-19137.079799998551607],[12193575.896499998867512,-19133.278900001198053],[12193605.5629,-19118.445599999278784],[12193661.1534,-19076.671700000762939],[12193901.2405,-19074.38120000064373],[12193904.1769,-19070.11540000140667],[12193919.2623,-19070.11540000140667],[12193980.8195,-19070.115299999713898],[12193980.4547,-19073.21680000051856],[12193980.093199998140335,-19076.288800001144409],[12193974.3983,-19128.603000000119209],[12193970.027800001204014,-19175.619500000029802],[12193963.008499998599291,-19245.945599999278784],[12193957.1811,-19314.020100001245737],[12193952.678100001066923,-19362.625900000333786],[12193952.280699998140335,-19368.453299999237061],[12193951.883499998599291,-19371.234499998390675],[12193951.4861,-19373.35359999909997],[12193950.559,-19374.942899998277426],[12193949.3671,-19375.605000000447035],[12193948.3076,-19375.737399999052286],[12193946.5858,-19375.605099998414516],[12193944.7317,-19374.678100001066923],[12193942.6127,-19373.618400000035763],[12193939.6989,-19371.631999999284744],[12193912.548700001090765,-19352.163100000470877],[12193872.8167,-19317.331199999898672],[12193842.0905,-19291.505100000649691]]],[[[12192855.353,-18268.854400001466274],[12192954.5592,-18373.738400001078844],[12192898.318599998950958,-18486.956799998879433],[12192895.022100001573563,-18493.592999998480082],[12192873.762899998575449,-18486.457100000232458],[12192731.32319999858737,-18438.645399998873472],[12192855.353,-18268.854400001466274]]],[[[12196104.1316,-12184.992600001394749],[12196133.3108000010252,-12270.800299998372793],[12196229.8222,-12554.61430000141263],[12196128.778900001198053,-12616.961800001561642],[12196127.2859,-12617.88289999961853],[12196001.5957,-12607.893500000238419],[12195760.138300001621246,-12557.944699998944998],[12195478.9894,-12567.935300000011921],[12195313.6078,-12644.524000000208616],[12195171.379,-12224.953299999237061],[12195052.3043,-12274.90260000154376],[12194865.130199998617172,-11345.88740000128746],[12195585.8697,-10858.771800000220537],[12196110.7452,-11429.099700000137091],[12196368.761599998921156,-11777.340999998152256],[12196411.7408,-11835.349700000137091],[12196104.1316,-12184.992600001394749]]],[[[12196530.814399998635054,-11296.567800000309944],[12195750.211599998176098,-10436.117300000041723],[12195887.809,-10305.583799999207258],[12196022.7604,-10297.59180000051856],[12196528.1662,-10145.746399998664856],[12196526.38459999859333,-10438.189500000327826],[12196528.6818,-11047.578200001269579],[12196530.814399998635054,-11296.567800000309944]]],[[[12195525.217500001192093,-10071.864500001072884],[12195527.4954,-10065.401500001549721],[12195532.108199998736382,-10042.062199998646975],[12195533.9624,-10035.969900000840425],[12195536.081300001591444,-10028.950500000268221],[12195536.875999998301268,-10024.447500001639128],[12195536.875999998301268,-10021.401299998164177],[12195536.7436,-10019.282499998807907],[12195536.0814,-10017.295699998736382],[12195535.021899998188019,-10015.441700000315905],[12195531.1811,-10010.806099999696016],[12195525.353799998760223,-10003.521899998188019],[12195521.777800001204014,-9998.091899998486042],[12195520.633499998599291,-9995.715399999171495],[12195516.9391999989748,-9988.244699999690056],[12195515.455899998545647,-9985.384199999272823],[12195513.5488,-9982.31140000000596],[12195511.429699998348951,-9979.450800001621246],[12195509.5225,-9977.437699999660254],[12195506.8737,-9975.000799998641014],[12195499.189399998635054,-9967.209100000560284],[12195495.1573,-9962.995200000703335],[12195476.7482,-9942.069600000977516],[12195458.339000001549721,-9923.925299998372793],[12195447.2141,-9912.270599998533726],[12195442.843400001525879,-9905.91330000013113],[12195441.5191,-9902.602400001138449],[12195440.7245,-9898.894099999219179],[12195440.327100001275539,-9895.980399999767542],[12195440.327100001275539,-9891.477400001138449],[12195440.459600001573563,-9887.901500001549721],[12195440.8569,-9885.120200000703335],[12195441.9164,-9881.941599998623133],[12195443.042100001126528,-9878.8293999992311],[12195445.349599998444319,-9873.979299999773502],[12195448.6708,-9869.094900000840425],[12195450.6574,-9865.519200000911951],[12195451.6508,-9863.929800000041723],[12195456.6409,-9858.235599998384714],[12195457.544300001114607,-9857.307700000703335],[12195466.9476,-9848.831700000911951],[12195493.9654,-9825.521999999880791],[12195513.434099998325109,-9808.834600001573563],[12195518.718899998813868,-9804.322299998253584],[12195530.6514,-9794.133699998259544],[12195531.386300001293421,-9793.506099998950958],[12195531.795000001788139,-9773.325800001621246],[12195529.6442,-9770.647100001573563],[12195520.903099998831749,-9759.760499998927116],[12195514.8765,-9753.303300000727177],[12195508.665600001811981,-9746.648899998515844],[12195492.9318,-9727.736400000751019],[12195474.098700001835823,-9705.804299999028444],[12195459.8746,-9692.692699998617172],[12195453.0407,-9684.746300000697374],[12195450.5773,-9680.77309999987483],[12195449.067499998956919,-9677.832800000905991],[12195448.272799998521805,-9676.005100000649691],[12195447.875599998980761,-9674.098099999129772],[12195448.0345,-9672.349800001829863],[12195448.272799998521805,-9670.601500000804663],[12195448.908599998801947,-9668.297100000083447],[12195449.2264,-9665.833700001239777],[12195449.147,-9664.323899999260902],[12195448.829100001603365,-9662.575599998235703],[12195448.3523,-9660.50959999859333],[12195447.5577,-9658.920200001448393],[12195446.6041,-9657.410599999129772],[12195445.2533,-9655.503299999982119],[12195443.981800001114607,-9653.834499999880791],[12195441.438900001347065,-9650.759300000965595],[12195435.638099998235703,-9643.130699999630451],[12195430.430599998682737,-9635.962099999189377],[12195426.3501,-9630.232099998742342],[12195424.972800001502037,-9628.642799999564886],[12195423.807300001382828,-9627.583099998533726],[12195422.8537,-9626.947599999606609],[12195421.052499998360872,-9626.629700001329184],[12195419.2513,-9626.629700001329184],[12195417.5561,-9627.371399998664856],[12195415.3310999982059,-9628.854600001126528],[12195413.5299,-9630.12609999999404],[12195411.5169,-9631.821400001645088],[12195404.559999998658895,-9638.201499998569489],[12195403.5345,-9639.157600000500679],[12195387.5623,-9654.335200000554323],[12195379.695300001651049,-9660.851300001144409],[12195368.8088,-9670.863800000399351],[12195357.206999998539686,-9681.909400001168251],[12195346.638300001621246,-9691.047800000756979],[12195328.758900001645088,-9707.496700000017881],[12195319.69990000128746,-9715.443300001323223],[12195317.87220000103116,-9716.873500000685453],[12195316.5214,-9717.509300000965595],[12195314.932,-9718.144999999552965],[12195313.6606,-9718.224500000476837],[12195312.5482,-9718.144999999552965],[12195311.038400001823902,-9717.588700000196695],[12195309.1312,-9716.953099999576807],[12195305.3964,-9715.125399999320507],[12195301.58219999819994,-9713.536100000143051],[12195295.225000001490116,-9710.516499999910593],[12195282.5902,-9703.444200001657009],[12195276.312600001692772,-9700.106699999421835],[12195273.610800001770258,-9698.596700001507998],[12195271.94200000166893,-9697.722699999809265],[12195270.8295,-9697.404800001531839],[12195269.717,-9697.245799999684095],[12195268.922400001436472,-9697.325399998575449],[12195268.127700001001358,-9697.643300000578165],[12195266.061700001358986,-9699.232400000095367],[12195257.956300001591444,-9706.543200001120567],[12195254.777800001204014,-9709.244899999350309],[12195253.34739999845624,-9710.357500001788139],[12195251.9965,-9711.470100000500679],[12195250.6457,-9712.105700001120567],[12195249.374200001358986,-9712.582499999552965],[12195248.102699998766184,-9712.582600001245737],[12195246.9903,-9712.185199998319149],[12195246.0367,-9711.470100000500679],[12195245.0037,-9710.357500001788139],[12195243.7322,-9708.370999999344349],[12195236.66,-9698.120000001043081],[12195227.760000001639128,-9685.087900001555681],[12195226.7269,-9683.578099999576807],[12195225.8528,-9682.386199999600649],[12195225.375999998301268,-9681.194099999964237],[12195224.9787,-9680.002199999988079],[12195224.7403,-9678.412900000810623],[12195224.7403,-9677.061999998986721],[12195225.058200001716614,-9675.949599999934435],[12195225.535,-9675.075500000268221],[12195226.329599998891354,-9674.042399998754263],[12195230.382199998944998,-9670.546000000089407],[12195239.3618,-9662.281599998474121],[12195248.3412000015378,-9654.653099998831749],[12195253.029599998146296,-9650.838700000196695],[12195259.7045,-9645.196899998933077],[12195274.6281,-9629.898299999535084],[12195275.517900001257658,-9628.986099999397993],[12195284.020599998533726,-9621.675500001758337],[12195290.9126,-9615.457899998873472],[12195302.6946,-9604.828999999910593],[12195326.2955,-9584.962900001555681],[12195346.0026,-9569.626499999314547],[12195353.949,-9562.713100001215935],[12195355.427299998700619,-9560.764499999582767],[12195355.6972,-9560.408500000834465],[12195356.5713,-9558.978199999779463],[12195357.048099998384714,-9557.229899998754263],[12195357.2865,-9555.720199998468161],[12195357.366,-9554.210400000214577],[12195357.365899998694658,-9553.097800001502037],[12195357.127500001341105,-9551.667599998414516],[12195356.5713,-9550.316700000315905],[12195355.9355,-9548.965599998831749],[12195354.9025,-9547.535399999469519],[12195354.5962999984622,-9547.153900001198053],[12195350.0552,-9541.495999999344349],[12195335.672200001776218,-9524.888099998235703],[12195325.500799998641014,-9511.538100000470877],[12195323.434799998998642,-9508.597800001502037],[12195321.368700001388788,-9504.863099999725819],[12195319.8589,-9502.240800000727177],[12195318.666900001466274,-9500.015799999237061],[12195317.2364999987185,-9496.360300000756979],[12195316.044599998742342,-9493.579100001603365],[12195313.8196,-9490.480099998414516],[12195311.219700001180172,-9487.657299999147654],[12195311.038400001823902,-9487.460499998182058],[12195308.49549999833107,-9484.838100001215935],[12195306.1116,-9483.328299999237061],[12195301.66160000115633,-9480.864999998360872],[12195299.000599998980761,-9479.187899999320507],[12195296.3519,-9477.068799998611212],[12195289.235599998384714,-9453.686000000685453],[12195287.7787000015378,-9450.242499999701977],[12195286.057,-9446.534200001507998],[12195283.9681,-9442.686200000345707],[12195283.5407,-9441.898899998515844],[12195283.3849,-9441.68640000000596],[12195280.627,-9437.925500001758337],[12195277.448399998247623,-9434.349599998444319],[12195274.613699998706579,-9431.423599999397993],[12195273.3427,-9430.1114999987185],[12195269.7669,-9427.462799999862909],[12195264.866500001400709,-9424.284200001507998],[12195259.436500001698732,-9421.635400000959635],[12195254.2714,-9419.516399998217821],[12195248.1791,-9417.662200000137091],[12195242.881499998271465,-9416.602699998766184],[12195236.127,-9415.940600000321865],[12195229.504999998956919,-9415.675500001758337],[12195221.558600001037121,-9415.940499998629093],[12195213.4798,-9417.662200000137091],[12195208.844300001859665,-9420.311000000685453],[12195203.1494,-9424.813999999314547],[12195196.394900001585484,-9430.906100001186132],[12195160.1064000017941,-9468.386700000613928],[12195155.868299998342991,-9472.227699998766184],[12195152.292399998754263,-9475.273699998855591],[12195149.113899998366833,-9477.260400000959635],[12195146.686999998986721,-9478.210099998861551],[12195146.067699998617172,-9478.452399998903275],[12195142.6243,-9479.114399999380112],[12195139.975499998778105,-9478.982099998742342],[12195136.7969,-9478.054900001734495],[12195134.1481,-9476.99549999833107],[12195131.1019,-9475.14130000025034],[12195127.3935999982059,-9472.889899998903275],[12195116.5335,-9465.738099999725819],[12195114.6794,-9464.281100001186132],[12195113.6199,-9462.956900000572205],[12195112.825199998915195,-9461.234999999403954],[12195112.42790000140667,-9459.116200000047684],[12195112.5603,-9456.73200000077486],[12195113.355,-9454.215799998492002],[12195114.6794,-9451.56700000166893],[12195116.2685999982059,-9449.050599999725819],[12195118.387699998915195,-9446.136900000274181],[12195121.433899998664856,-9442.825800001621246],[12195123.420400001108646,-9440.706900000572205],[12195126.069200001657009,-9437.528299998492002],[12195128.3207,-9434.48200000077486],[12195130.704599998891354,-9430.773800000548363],[12195132.426399998366833,-9427.860100001096725],[12195134.412999998778105,-9424.019400000572205],[12195135.604899998754263,-9419.648800000548363],[12195136.1347,-9415.807900000363588],[12195136.532000001519918,-9410.775299999862909],[12195136.267099998891354,-9399.915100000798702],[12195136.1347,-9395.941899999976158],[12195135.869800001382828,-9391.571400001645088],[12195135.075199998915195,-9387.068500000983477],[12195133.353500001132488,-9381.903400000184774],[12195131.4993,-9377.797699999064207],[12195129.3803,-9373.559500001370907],[12195126.4666,-9369.586300000548363],[12195123.6853,-9366.540300000458956],[12195119.977000001817942,-9362.699499998241663],[12195114.8334,-9358.665199998766184],[12195113.222600001841784,-9357.401900000870228],[12195110.2011,-9355.302799999713898],[12195100.640700001269579,-9348.660700000822544],[12195096.535100001841784,-9346.144400000572205],[12195094.0187,-9344.555100001394749],[12195092.032200001180172,-9342.436200000345707],[12195090.84010000154376,-9340.714400000870228],[12195090.17790000140667,-9338.99269999936223],[12195090.310400001704693,-9336.741099998354912],[12195090.84010000154376,-9334.754599999636412],[12195092.164500001817942,-9332.635499998927116],[12195094.1512,-9330.516499999910593],[12195097.197299998253584,-9327.602699998766184],[12195100.640700001269579,-9323.894400000572205],[12195104.746399998664856,-9319.656300000846386],[12195108.984499998390675,-9316.08049999922514],[12195125.0097,-9298.598400000482798],[12195128.717999998480082,-9293.962999999523163],[12195132.5588,-9289.724800001829863],[12195138.386100001633167,-9284.427299998700619],[12195144.743299998342991,-9279.924300000071526],[12195157.3251,-9272.375100001692772],[12195159.974,-9270.256099998950958],[12195162.2254,-9268.004599999636412],[12195164.609299998730421,-9264.561200000345707],[12195166.7284,-9260.587999999523163],[12195168.317699998617172,-9257.541799999773502],[12195170.3043,-9254.230799999088049],[12195173.085499998182058,-9250.125199999660254],[12195175.8668,-9246.946600001305342],[12195178.647999998182058,-9243.900400001555681],[12195180.700800001621246,-9241.913899999111891],[12195182.7537,-9239.927299998700619],[12195200.500599998980761,-9225.491300001740456],[12195239.305599998682737,-9195.294799998402596],[12195241.6895,-9193.175900001078844],[12195243.4113,-9191.321699999272823],[12195244.868099998682737,-9189.070199999958277],[12195246.059999998658895,-9186.81870000064373],[12195246.8547,-9183.905099999159575],[12195247.252,-9181.123700000345707],[12195247.252,-9178.607400000095367],[12195246.8547,-9176.223499998450279],[12195246.059999998658895,-9173.574599999934435],[12195244.868099998682737,-9171.190799999982119],[12195243.1464,-9168.277199998497963],[12195240.7625,-9165.098499998450279],[12195220.101799998432398,-9139.405099999159575],[12195197.189599998295307,-9108.14919999986887],[12195194.6732,-9104.440900001674891],[12195192.6332,-9101.763199999928474],[12195192.359299998730421,-9101.501299999654293],[12195190.4351,-9099.937699999660254],[12195188.1397,-9098.939800001680851],[12195187.388999998569489,-9098.613499999046326],[12195184.4753,-9097.951299998909235],[12195181.6941,-9097.68640000000596],[12195179.7075,-9097.818799998611212],[12195177.191100001335144,-9098.613499999046326],[12195173.8801,-9100.070199999958277],[12195167.655499998480082,-9103.911100000143051],[12195159.973900001496077,-9108.678899999707937],[12195145.0082,-9119.936299998313189],[12195121.3013,-9139.802299998700619],[12195100.3759,-9160.198100000619888],[12195077.066399998962879,-9180.991399999707937],[12195059.716699998825788,-9195.692200001329184],[12195030.05009999871254,-9222.047800000756979],[12194996.013,-9250.522399999201298],[12194963.5651,-9277.937600001692772],[12194941.977400001138449,-9298.730700001120567],[12194938.269000001251698,-9302.306699998676777],[12194934.825599998235703,-9305.087999999523163],[12194931.911899998784065,-9306.809599999338388],[12194929.528,-9307.869199998676777],[12194926.7467,-9308.663800001144409],[12194924.362799998372793,-9308.531399998813868],[12194921.8464,-9308.13399999961257],[12194919.9751,-9307.26069999858737],[12194919.8598,-9307.206900000572205],[12194918.0057,-9305.882599998265505],[12194915.6217,-9303.498500000685453],[12194912.8405,-9300.584899999201298],[12194901.515299998223782,-9286.932599999010563],[12194890.1897,-9273.279800001531839],[12194883.8361,-9265.620700001716614],[12194880.922400001436472,-9262.309799998998642],[12194878.803399998694658,-9260.322999998927116],[12194877.0817,-9258.866399999707937],[12194874.9626,-9257.806800000369549],[12194872.578699998557568,-9257.409299999475479],[12194870.592099998146296,-9257.409299999475479],[12194868.340599998831749,-9257.939100001007318],[12194866.4864,-9258.733899999409914],[12194864.4998,-9260.190699998289347],[12194861.851,-9262.177200000733137],[12194859.0698,-9264.69370000064373],[12194855.3614999987185,-9268.534400001168251],[12194840.5282,-9284.162399999797344],[12194837.614500001072884,-9286.678599998354912],[12194835.62779999896884,-9288.400400001555681],[12194833.6413,-9289.857299998402596],[12194832.184500001370907,-9290.916700001806021],[12194830.462699998170137,-9291.44649999961257],[12194829.0059,-9291.44649999961257],[12194827.8618,-9291.238600000739098],[12194827.5489999987185,-9291.181800000369549],[12194820.9388,-9315.2956000007689],[12194796.5698,-9337.148200001567602],[12194766.108600001782179,-9300.727200001478195],[12194733.131,-9328.539500001817942],[12194630.3574,-9418.864000000059605],[12194608.9021,-9388.800000000745058],[12194604.2667,-9369.198800001293421],[12194698.034400001168251,-9290.661800000816584],[12194743.7262,-9264.173599999397993],[12194734.190499998629093,-9226.692899998277426],[12194762.4003,-9193.715300001204014],[12194762.5328,-9170.273400001227856],[12194750.877999998629093,-9128.024900000542402],[12194750.480700001120567,-9114.251299999654293],[12194799.814800001680851,-9076.628699999302626],[12194800.0334,-9056.636999998241663],[12194792.464200001209974,-9052.269200000911951],[12194773.3928,-9042.203600000590086],[12194771.1629,-9043.539599999785423],[12194740.8151,-9060.325500000268221],[12194705.4725,-9096.939500000327826],[12194664.7122,-9119.138099998235703],[12194617.108399998396635,-9158.921700000762939],[12194509.672899998724461,-9249.669799998402596],[12194501.2498,-9169.728700000792742],[12194505.5693,-9164.084800001233816],[12194514.972600001841784,-9151.900299999862909],[12194517.8862,-9147.927099999040365],[12194521.462000001221895,-9143.953899998217821],[12194525.4353,-9139.848299998790026],[12194530.2031,-9134.815600000321865],[12194533.381700001657009,-9131.504599999636412],[12194539.0766,-9126.736600000411272],[12194551.1287,-9116.803700000047684],[12194602.9128,-9071.906399998813868],[12194626.8845,-9050.715900000184774],[12194629.6657,-9047.934799998998642],[12194632.5794,-9044.623700000345707],[12194634.3011,-9041.577500000596046],[12194635.7579,-9038.001600001007318],[12194637.214899998158216,-9034.82319999858737],[12194638.6716,-9032.968899998813868],[12194640.260899998247623,-9031.512099999934435],[12194595.995700001716614,-8900.165699999779463],[12194693.1437,-8820.939699999988079],[12194798.099399998784065,-8744.416000001132488],[12194823.263099998235703,-8733.953099999576807],[12194823.6604,-8732.496300000697374],[12194824.190200001001358,-8731.569299999624491],[12194824.8523,-8730.907000001519918],[12194827.7661,-8727.861000001430511],[12194846.0689,-8713.459399998188019],[12194884.498399998992682,-8684.34010000154376],[12194919.4626,-8658.514299999922514],[12194927.938700001686811,-8652.1570999994874],[12194935.487799998372793,-8646.991900000721216],[12194954.5592,-8635.602099999785423],[12194961.181200001388788,-8632.291000001132488],[12194967.935600001364946,-8628.185400001704693],[12194971.9087999984622,-8625.271699998527765],[12194974.6901,-8622.622900001704693],[12194976.544300001114607,-8619.97410000115633],[12194978.398400001227856,-8616.000999998301268],[12194979.227400001138449,-8613.040399998426437],[12194979.3255,-8612.689899999648333],[12194980.1201,-8608.84910000115633],[12194980.1202,-8604.478500001132488],[12194979.9877,-8599.578299999237061],[12194979.19310000166297,-8586.334300000220537],[12194978.6633,-8583.288100000470877],[12194978.133499998599291,-8580.506799999624491],[12194977.2064,-8577.593199998140335],[12194975.7496,-8574.811999998986721],[12194974.36259999871254,-8572.9206000007689],[12194974.29280000180006,-8572.825300000607967],[12194972.306200001388788,-8571.236000001430511],[12194969.7898,-8569.911699999123812],[12194967.6708,-8569.249400001019239],[12194965.949,-8569.249400001019239],[12194963.6976,-8569.514299999922514],[12194961.3136,-8570.309000000357628],[12194958.5324,-8571.633400000631809],[12194955.618700001388788,-8573.355200000107288],[12194952.3077,-8575.606499999761581],[12194948.599399998784065,-8578.520399998873472],[12194944.7586,-8581.831300001591444],[12194938.6664,-8587.129000000655651],[12194929.528,-8594.015700001269579],[12194914.959600001573563,-8604.611000001430511],[12194877.4525,-8628.688700001686811],[12194846.7793,-8648.872800000011921],[12194826.365600001066923,-8664.475499998778105],[12194821.8277,-8667.943999998271465],[12194812.6679,-8673.560400001704693],[12194810.9461,-8674.355000000447035],[12194809.224399998784065,-8675.017099998891354],[12194800.102899998426437,-8688.974199999123812],[12194790.5863,-8696.200100000947714],[12194771.7144,-8708.381999999284744],[12194723.108800001442432,-8745.200500000268221],[12194669.07319999858737,-8791.289500001817942],[12194634.688499998301268,-8820.939699999988079],[12194593.4705,-8854.721000000834465],[12194558.506299998611212,-8836.921100001782179],[12194447.8922,-8926.344799999147654],[12194423.523200001567602,-8909.392499998211861],[12194383.6224,-8949.992300000041723],[12194360.312600001692772,-8960.587699998170137],[12194306.571400001645088,-8988.737500000745058],[12194297.2201,-8993.113200001418591],[12194297.107299998402596,-8992.571800000965595],[12194289.3728,-8954.958799999207258],[12194284.122299998998642,-8926.686299998313189],[12194280.418200001120567,-8927.789599999785423],[12194134.9212,-8971.132500000298023],[12194189.51969999819994,-9147.078200001269579],[12194192.2493,-9155.874400001019239],[12194215.7183,-9144.34910000115633],[12194257.3435,-9123.907299999147654],[12194274.807799998670816,-9164.665300000458956],[12194231.456,-9185.614799998700619],[12194195.4249,-9203.026500001549721],[12194217.278900001198053,-9249.778900001198053],[12194220.827599998563528,-9257.37049999833107],[12194286.2159,-9220.3141999989748],[12194332.933600001037121,-9193.838700000196695],[12194340.6957,-9189.439899999648333],[12194351.8096,-9286.140900000929832],[12194351.572500001639128,-9286.304200001060963],[12194246.23,-9358.866599999368191],[12194252.580899998545647,-9451.571600001305342],[12194237.498100001364946,-9472.350499998778105],[12194255.756099998950958,-9509.112799998372793],[12194285.1279,-9491.530799999833107],[12194319.2628,-9539.481699999421835],[12194292.2725,-9570.64979999884963],[12194311.324499998241663,-9613.272700000554323],[12194357.8959,-9611.141499999910593],[12194415.052000001072884,-9672.94480000063777],[12194412.934999998658895,-9698.5185999982059],[12194551.8693,-9831.567699998617172],[12194732.1899,-10004.249899998307228],[12194900.2885,-10165.228300001472235],[12195313.6705,-10561.10080000013113],[12194792.917599998414516,-10930.323600001633167],[12194692.894000001251698,-10354.913100000470877],[12194806.5766,-10227.082400001585484],[12194783.0585,-10201.771499998867512],[12194687.2727,-10098.683699999004602],[12194668.7648,-10078.764800000935793],[12194643.728,-10051.819299999624491],[12194536.2438,-9936.141800001263618],[12194354.3244,-10119.288100000470877],[12194316.7368,-10206.100099999457598],[12194241.865200001746416,-10379.022199999541044],[12193867.309300001710653,-10621.041499998420477],[12193824.44200000166893,-10495.836300000548363],[12193631.276099998503923,-10330.6722999997437],[12193564.541700001806021,-10122.92790000140667],[12193477.4067,-9851.677400000393391],[12193329.6191,-9318.375799998641014],[12193189.375599998980761,-9329.031399998813868],[12193086.1771,-8990.711300000548363],[12192960.77,-8698.52760000154376],[12192900.949499998241663,-8559.153599999845028],[12193459.2773,-8252.800200000405312],[12193760.2986,-8685.378400001674891],[12193774.6884,-8706.057300001382828],[12193836.563299998641014,-8794.973799999803305],[12193997.2282,-8730.472699999809265],[12194114.0264,-8676.258000001311302],[12194148.739500001072884,-8720.936700001358986],[12194154.2174,-8728.144099999219179],[12193863.760499998927116,-8834.05689999833703],[12193885.829999998211861,-8865.772100001573563],[12194036.1574,-8849.21000000089407],[12194046.776999998837709,-8848.040199998766184],[12194096.1954,-8842.59569999948144],[12194130.335499998182058,-8931.193799998611212],[12194277.8048,-8889.544100001454353],[12194282.7458,-8888.148600000888109],[12194287.6871,-8901.828899998217821],[12194352.315499998629093,-8861.272300001233816],[12194390.906100001186132,-8833.487399999052286],[12194408.440699998289347,-8820.939599998295307],[12194425.5524,-8808.694499999284744],[12194453.6827,-8786.921300001442432],[12194488.647,-8756.565900001674891],[12194516.936099998652935,-8735.26969999819994],[12194539.6629,-8716.357200000435114],[12194562.3897,-8699.034000001847744],[12194574.7861,-8689.6570999994874],[12194579.395,-8686.637600000947714],[12194584.1628,-8683.617899999022484],[12194587.9771,-8681.075100000947714],[12194590.996800001710653,-8678.850000001490116],[12194593.539500001817942,-8676.465999998152256],[12194600.896499998867512,-8661.148400001227856],[12194604.287,-8655.003299999982119],[12194607.465599998831749,-8651.188900001347065],[12194612.551199998706579,-8646.315099999308586],[12194619.120299998670816,-8641.653299998492002],[12194678.0297,-8598.636700000613928],[12194732.277199998497963,-8556.467700000852346],[12194778.2604,-8521.715399999171495],[12194799.026999998837709,-8504.974899999797344],[12194806.4437,-8498.405900001525879],[12194811.317499998956919,-8495.651099998503923],[12194818.3103,-8492.260600000619888],[12194823.3961,-8490.565400000661612],[12194841.8526,-8486.606800001114607],[12194885.5579,-8453.708500001579523],[12194931.3292,-8425.419399999082088],[12194935.620299998670816,-8423.035399999469519],[12194938.9577,-8420.492600001394749],[12194941.977400001138449,-8417.313900001347065],[12194943.7256,-8414.771200001239777],[12194945.155900001525879,-8411.592599999159575],[12194945.950599998235703,-8408.254999998956919],[12194945.950599998235703,-8404.917599998414516],[12194945.950599998235703,-8400.785300001502037],[12194945.6327,-8396.812100000679493],[12194944.6791,-8391.885299999266863],[12194937.8453,-8361.848000001162291],[12194927.6738,-8312.739000000059605],[12194926.561299998313189,-8309.083700001239777],[12194925.289900001138449,-8306.381999999284744],[12194923.541700001806021,-8303.521200001239777],[12194921.63459999859333,-8301.93189999833703],[12194919.727400001138449,-8300.819499999284744],[12194918.456,-8300.819499999284744],[12194916.7078,-8300.978399999439716],[12194914.482700001448393,-8301.614000000059605],[12194911.781,-8303.044399999082088],[12194907.807799998670816,-8305.428300000727177],[12194902.881,-8308.765999998897314],[12194896.523899998515844,-8313.215799998492002],[12194889.2132,-8319.414099998772144],[12194851.229400001466274,-8351.358600001782179],[12194836.608,-8361.132800001651049],[12194835.9747,-8380.014800000935793],[12194658.6109,-8512.878899998962879],[12194639.9633,-8505.885999999940395],[12194639.539500001817942,-8448.035999998450279],[12194633.1824,-8437.228900000452995],[12194616.8657,-8449.943300001323223],[12194591.861000001430511,-8472.616999998688698],[12194405.5971,-8616.500199999660254],[12194293.3893,-8694.278400000184774],[12194264.6615,-8711.437699999660254],[12194252.291700001806021,-8718.826400000602007],[12194248.547600001096725,-8699.656199999153614],[12194248.3185,-8698.483600001782179],[12194262.581300001591444,-8691.108800001442432],[12194287.6893,-8678.125999998301268],[12194291.0073,-8675.890399999916553],[12194298.1591,-8671.122600000351667],[12194306.105500001460314,-8665.083299998193979],[12194311.9859,-8659.997499998658895],[12194317.8662,-8654.752999998629093],[12194356.962499998509884,-8625.986999999731779],[12194365.067899998277426,-8619.788699999451637],[12194371.425,-8615.338799998164177],[12194379.212499998509884,-8610.094200000166893],[12194385.7286,-8605.802999999374151],[12194391.1321,-8601.829700000584126],[12194394.1527,-8599.41330000013113],[12194385.4556,-8559.836100000888109],[12194392.6074,-8545.135299999266863],[12194410.457600001245737,-8543.499099999666214],[12194411.4749,-8542.549499999731779],[12194415.765999998897314,-8539.529800001531839],[12194421.328499998897314,-8536.351300001144409],[12194427.6857,-8533.013900000602007],[12194448.028499998152256,-8522.365600001066923],[12194467.5766,-8509.015700001269579],[12194487.9194,-8492.328200001269579],[12194508.2623,-8477.388900000602007],[12194533.372900001704693,-8461.178100001066923],[12194542.4318,-8454.979899998754263],[12194549.583500001579523,-8449.894200000911951],[12194555.781800001859665,-8444.331799998879433],[12194560.708500001579523,-8439.405000001192093],[12194564.8407,-8434.637200001627207],[12194568.1782,-8431.458500001579523],[12194571.9925,-8428.597899999469519],[12194575.965599998831749,-8426.690699998289347],[12194580.256700001657009,-8425.101399999111891],[12194584.5478,-8423.989000000059605],[12194592.3398,-8422.099800001829863],[12194585.570099998265505,-8405.518399998545647],[12194605.535799998790026,-8379.597600001841784],[12194595.423700001090765,-8373.097100000828505],[12194572.8558,-8401.545200001448393],[12194560.300500001758337,-8399.796999998390675],[12194268.407499998807907,-8623.482999999076128],[12194267.3358,-8620.445799998939037],[12194256.1109,-8627.88399999961257],[12194237.046,-8641.89469999819994],[12194232.8081,-8611.963500000536442],[12194253.5641999989748,-8602.998199999332428],[12194260.171999998390675,-8600.144200000911951],[12194344.2137,-8530.718299999833107],[12194502.2944,-8412.475699998438358],[12194518.101100001484156,-8401.185199998319149],[12194494.830699998885393,-8367.869600001722574],[12194463.452100001275539,-8393.411800000816584],[12194407.9333,-8437.0641999989748],[12194367.98930000141263,-8462.386700000613928],[12194354.5799,-8471.977299999445677],[12194335.25,-8485.802000001072884],[12194290.8561,-8517.905799999833107],[12194281.985399998724461,-8524.127500001341105],[12194281.1629,-8522.986099999397993],[12194239.1505,-8464.692899998277426],[12194323.9122,-8401.91609999909997],[12194315.965799998492002,-8372.11710000038147],[12194493.0383,-8253.450500000268221],[12194478.0726,-8243.385099999606609],[12194458.603799998760223,-8255.856600001454353],[12194292.958299998193979,-8361.890799999237061],[12194235.2753,-8272.461899999529123],[12194139.362100001424551,-8336.629299998283386],[12194005.1003,-8416.448899999260902],[12194116.006700001657009,-8608.756499998271465],[12194082.1369,-8625.804200001060963],[12193959.8537,-8443.348200000822544],[12193958.1772,-8440.846700001507998],[12193916.887200001627207,-8464.159699998795986],[12193874.373599998652935,-8393.039000000804663],[12193890.838,-8381.513799998909235],[12193909.6067,-8368.375399999320507],[12193909.4505,-8368.142400000244379],[12193836.696899998933077,-8259.588599998503923],[12193612.2242,-7924.658900000154972],[12193696.898699998855591,-7882.039900001138449],[12193876.1064000017941,-8192.778400000184774],[12193957.8854,-8334.580099999904633],[12193969.198600001633167,-8327.222600001841784],[12193976.5093,-8322.454599998891354],[12193982.389600001275539,-8319.434999998658895],[12193987.4754,-8317.368999999016523],[12193993.0378,-8316.256400000303984],[12193998.6004,-8315.144000001251698],[12194004.7986,-8313.236900001764297],[12194010.52,-8310.693900000303984],[12194015.128899998962879,-8308.151099998503923],[12194019.261,-8305.131499998271465],[12194045.1664,-8283.676199998706579],[12194067.893,-8263.969099998474121],[12194076.47520000115037,-8257.452899999916553],[12194085.375100001692772,-8251.254799999296665],[12194094.9109,-8244.579799998551607],[12194104.923300001770258,-8238.06359999999404],[12194142.4304,-8213.747800000011921],[12194182.639199998229742,-8186.411899998784065],[12194199.8341,-8175.650699999183416],[12194229.3642,-8157.169199999421835],[12194283.7176,-8119.662000000476837],[12194321.5425,-8094.710299998521805],[12194334.018399998545647,-8086.446100000292063],[12194286.302700001746416,-8010.896999999880791],[12194273.0508,-8019.002300001680851],[12194273.0455,-8019.005499999970198],[12194253.560899998992682,-8030.922699999064207],[12194233.914900001138449,-8042.847699999809265],[12194217.1664,-8053.013799998909235],[12194216.403499998152256,-8053.517299998551607],[12194189.5924,-8071.211100000888109],[12194165.832600001245737,-8086.070799998939037],[12194163.2898,-8087.262800000607967],[12194161.4621,-8088.057300001382828],[12194159.4754,-8088.613800000399351],[12194157.727200001478195,-8088.613800000399351],[12194157.5106,-8088.574400000274181],[12194155.978999998420477,-8088.295800000429153],[12194154.3898,-8087.580699998885393],[12194153.197700001299381,-8086.388599999248981],[12194152.1648,-8085.117300000041723],[12194151.052299998700619,-8083.368900001049042],[12194149.542399998754263,-8080.985199999064207],[12194143.979899998754263,-8071.131499998271465],[12194130.232700001448393,-8046.656599998474121],[12194124.1934,-8035.134300000965595],[12194123.001400001347065,-8031.320000000298023],[12194122.763,-8029.094999998807907],[12194122.763,-8027.664700001478195],[12194122.921999998390675,-8026.075399998575449],[12194123.1604,-8024.644999999552965],[12194123.5576,-8023.294100001454353],[12194124.5907,-8021.704900000244379],[12194126.259399998933077,-8019.797600001096725],[12194128.166499998420477,-8018.129099998623133],[12194129.835299998521805,-8016.539700001478195],[12194131.186299998313189,-8015.029699999839067],[12194132.298700001090765,-8013.361099999397993],[12194133.0933,-8011.453999999910593],[12194133.4907,-8009.546900000423193],[12194133.4907,-8007.511599998921156],[12194133.4907,-8007.321800000965595],[12194227.0288,-7962.720300000160933],[12194319.736900001764297,-7917.359600000083447],[12194366.02479999884963,-7895.996800001710653],[12194374.289,-7891.546900000423193],[12194381.2819,-7887.096999999135733],[12194386.1556,-7882.646999999880791],[12194389.1224,-7879.044599998742342],[12194392.7247,-7876.289799999445677],[12194397.810400001704693,-7873.747000001370907],[12194404.591400001198053,-7871.203999999910593],[12194456.296,-7862.515999998897314],[12194539.150600001215935,-7847.258799999952316],[12194578.1409,-7840.901799999177456],[12194624.9718,-7833.908900000154972],[12194698.078899998217821,-7821.406500000506639],[12194739.824,-7814.201900001615286],[12194755.5049,-7812.082800000905991],[12194769.2786,-7811.447000000625849],[12194783.476300001144409,-7811.235100001096725],[12194824.095400001853704,-7809.451400000602007],[12194819.133499998599291,-7823.812600001692772],[12194806.525199998170137,-7856.869500000029802],[12194792.962699998170137,-7894.956399999558926],[12194791.0563,-7900.310100000351667],[12194766.793200001120567,-7969.496899999678135],[12194763.831799998879433,-7977.345899999141693],[12194751.642099998891354,-8009.652800001204014],[12194740.093199998140335,-8040.4847999997437],[12194729.0742,-8069.727699998766184],[12194717.313499998301268,-8101.407299999147654],[12194711.631499998271465,-8117.583700001239777],[12194718.092,-8120.291999999433756],[12194753.0568,-8131.471200000494719],[12194779.942200001329184,-8140.477299999445677],[12194828.415199998766184,-8156.767400000244379],[12194852.054900001734495,-8168.900100000202656],[12194877.0861,-8176.714099999517202],[12194924.6321,-8192.077199999243021],[12194961.7154,-8200.950699999928474],[12194977.873100001364946,-8205.321199998259544],[12194995.090300001204014,-8212.473000001162291],[12195029.9221,-8228.233399998396635],[12195054.9533,-8238.696100000292063],[12195071.640700001269579,-8243.464000001549721],[12195091.506700001657009,-8248.761599998921156],[12195132.2984,-8256.840500000864267],[12195157.462000001221895,-8262.535399999469519],[12195178.9173,-8270.349300000816584],[12195205.670200001448393,-8280.149900000542402],[12195235.8666,-8289.685600001364946],[12195250.4051,-8294.859499998390675],[12195273.0823,-8302.92960000038147],[12195303.2787000015378,-8316.306099999696016],[12195313.8983,-8320.930799998342991],[12195344.335,-8334.185600001364946],[12195374.5315,-8347.959300000220537],[12195423.2694,-8367.692999999970198],[12195449.227699998766184,-8379.480099998414516],[12195454.392900001257658,-8381.599300000816584],[12195458.366099998354912,-8382.791200000792742],[12195462.3393,-8383.850600000470877],[12195466.445,-8384.115600001066923],[12195469.2262,-8383.850699998438358],[12195473.0669,-8382.923700001090765],[12195476.907699998468161,-8381.201999999582767],[12195481.940499998629093,-8378.28830000013113],[12195519.156100001186132,-8358.157200001180172],[12195549.2201,-8343.059099998325109],[12195580.608399998396635,-8329.285300001502037],[12195608.4208,-8315.643899999558926],[12195620.208,-8309.021800000220537],[12195631.8627,-8303.989100001752377],[12195636.63060000166297,-8302.399999998509884],[12195640.206500001251698,-8301.60530000180006],[12195643.649999998509884,-8301.207899998873472],[12195647.2258,-8301.208000000566244],[12195651.728799998760223,-8301.472800001502037],[12195656.3642,-8302.532299999147654],[12195659.54280000180006,-8303.459399998188019],[12195662.456500001251698,-8304.651299998164177],[12195665.8999,-8306.638099998235703],[12195668.945999998599291,-8308.889499999582767],[12195670.9326,-8311.008400000631809],[12195672.7868,-8314.319499999284744],[12195674.6409,-8317.630499999970198],[12195676.0977,-8321.074000000953674],[12195683.9117,-8340.807700000703335],[12195701.9236,-8389.280699998140335],[12195710.4903,-8410.939899999648333],[12195711.5251,-8413.556200001388788],[12195715.96229999884963,-8424.77479999884963],[12195727.8818,-8454.176500000059605],[12195748.410100001841784,-8496.292500000447035],[12195768.8059,-8548.47410000115633],[12195786.287999998778105,-8593.106300000101328],[12195798.4725,-8623.302700001746416],[12195803.372699998319149,-8637.540199998766184],[12195808.2731,-8651.777499999850988],[12195812.6435999982059,-8668.59739999845624],[12195814.630199998617172,-8674.689599998295307],[12195815.954599998891354,-8678.133000001311302],[12195817.5439000017941,-8680.914200000464916],[12195819.3981,-8683.960499998182058],[12195821.119800001382828,-8686.344399999827147],[12195823.7685,-8689.258099999278784],[12195839.7938,-8708.197000000625849],[12195852.5081,-8722.103300001472235],[12195858.6004,-8727.665800001472235],[12195861.778900001198053,-8730.844300001859665],[12195864.2953,-8734.420400001108646],[12195865.8845,-8737.466400001198053],[12195866.546799998730421,-8741.174699999392033],[12195870.6391,-8739.260200001299381],[12195934.0913,-8709.574400000274181],[12196019.594700001180172,-8672.491099998354912],[12196079.5636,-8646.426899999380112],[12196151.611000001430511,-8616.0185999982059],[12196210.626400001347065,-8591.331599999219179],[12196250.040600001811981,-8575.544700000435114],[12196253.643,-8574.273299999535084],[12196274.1659,-8559.559200000017881],[12196301.282699998468161,-8548.128400001674891],[12196304.616700001060963,-8546.692499998956919],[12196345.2529,-8529.189500000327826],[12196354.887899998575449,-8525.410300001502037],[12196360.5594,-8523.185699999332428],[12196375.9789,-8517.137499999254942],[12196383.898400001227856,-8513.896200001239777],[12196407.3673,-8504.290800001472235],[12196412.471099998801947,-8502.169100001454353],[12196419.304900001734495,-8499.785300001502037],[12196423.5257,-8498.941100001335144],[12196424.0729,-8498.831700000911951],[12196428.6818,-8498.672600001096725],[12196435.0389,-8499.149399999529123],[12196440.601300001144409,-8499.467300001531839],[12196445.846,-8498.831700000911951],[12196451.249499998986721,-8496.765500001609325],[12196463.3281,-8491.361900001764297],[12196480.6125,-8482.719799999147654],[12196489.7102,-8478.171000000089407],[12196504.649500001221895,-8470.621700000017881],[12196519.5887,-8463.072799999266863],[12196546.6644,-8450.651000000536442],[12196563.929699998348951,-8442.729800000786781],[12196593.8609,-8428.436299998313189],[12196602.8671,-8424.135299999266863],[12196625.1171,-8413.487199999392033],[12196648.6384,-8399.819299999624491],[12196655.9296,-8395.379000000655651],[12196667.6087,-8388.266800001263618],[12196673.431200001388788,-8384.721099998801947],[12196706.0115,-8365.808499999344349],[12196722.54,-8355.954999998211861],[12196705.1158,-8421.717700000852346],[12196704.1622,-8424.975699998438358],[12196703.208700001239777,-8428.23369999974966],[12196701.1426,-8433.63740000128746],[12196700.0301,-8438.405200000852346],[12196700.0981,-8443.331900000572205],[12196700.348000001162291,-8461.44990000128746],[12196700.825800001621246,-8483.381999999284744],[12196701.5997,-8518.902699999511242],[12196701.791900001466274,-8527.722899999469519],[12196701.9373,-8534.397900000214577],[12196704.0363,-8579.121399998664856],[12196697.9124,-8579.007399998605251],[12196698.218199998140335,-8580.842500001192093],[12196699.0658,-8598.430500000715256],[12196701.3968,-8638.480500001460314],[12196703.833700001239777,-8693.681600000709295],[12196707.965799998492002,-8738.181499999016523],[12196709.767,-8760.431600000709295],[12196709.767,-8765.093299999833107],[12196709.555100001394749,-8768.695799998939037],[12196709.343199998140335,-8771.768399998545647],[12196708.9194,-8774.629099998623133],[12196708.283599998801947,-8777.065900001674891],[12196707.3301,-8779.185100000351667],[12196705.6349,-8781.516100000590086],[12196703.833700001239777,-8782.999299999326468],[12196702.032499998807907,-8784.058899998664856],[12196700.0194,-8785.224399998784065],[12196697.2647,-8786.601599998772144],[12196694.5099,-8787.873100001364946],[12196689.5301,-8789.674300000071526],[12196681.054000001400709,-8792.429099999368191],[12196635.812399998307228,-8804.825599998235703],[12196597.775600001215935,-8813.407600000500679],[12196595.8684,-8814.14919999986887],[12196594.1732,-8815.208799999207258],[12196592.6899,-8816.374299999326468],[12196591.3125,-8817.857700001448393],[12196590.359000001102686,-8819.55290000140667],[12196589.617199998348951,-8821.142099998891354],[12196589.1934,-8822.837400000542402],[12196589.087499998509884,-8824.850400000810623],[12196589.087499998509884,-8827.181400001049042],[12196589.299400001764297,-8829.406399998813868],[12196589.6173,-8832.055100001394749],[12196590.147,-8834.915800001472235],[12196593.007800001651049,-8846.464600000530481],[12196614.397999998182058,-8845.765700001269579],[12196750.692899998277426,-8836.197500001639128],[12196882.4516,-8826.947700001299381],[12196938.548099998384714,-9046.602899998426437],[12196750.684099998325109,-9089.938099998980761],[12196645.267499998211861,-9114.254799999296665],[12196650.115899998694658,-9134.44310000166297],[12196646.48759999871254,-9134.386799998581409],[12196602.2256,-9133.701200000941753],[12196594.762899998575449,-9133.684300001710653],[12196555.288800001144409,-9133.595400001853704],[12196539.8251,-9133.066799998283386],[12196539.6694,-9210.095800001174212],[12196538.639600001275539,-9719.51630000025034],[12195999.306699998676777,-9881.8108000010252],[12195792.4023,-9909.778000000864267],[12195751.4238,-9915.317099999636412],[12195793.7617,-10061.833799999207258],[12195768.3413,-10083.743500001728535],[12195779.9983000010252,-10100.820599999278784],[12195714.901500001549721,-10154.878400001674891],[12195590.609000001102686,-10258.093499999493361],[12195583.2782,-10247.999899998307228],[12195518.5962999984622,-10156.159099999815226],[12195515.920699998736382,-10085.809599999338388],[12195523.639600001275539,-10078.11879999935627],[12195524.052000001072884,-10076.314500000327826],[12195525.217500001192093,-10071.864500001072884]],[[12195957.294799998402596,-9129.357200000435114],[12195953.3746,-9129.251299999654293],[12195949.7722,-9129.463199999183416],[12195944.262699998915195,-9130.098900001496077],[12195939.8127,-9130.522799998521805],[12195911.5235,-9134.972800001502037],[12195869.1111,-9142.330600000917912],[12195867.5482,-9142.60190000012517],[12195862.9709,-9143.395899999886751],[12195782.319200001657009,-9155.624699998646975],[12195770.1347,-9156.949000000953674],[12195762.0559,-9158.140999998897314],[12195753.8446,-9159.332899998873472],[12195747.6199,-9160.922200001776218],[12195743.3818,-9162.644000001251698],[12195738.084199998527765,-9165.425299998372793],[12195732.3893,-9168.4712999984622],[12195726.826699998229742,-9171.649900000542402],[12195723.1184,-9174.298599999397993],[12195720.204799998551607,-9176.815099999308586],[12195717.820799998939037,-9179.331300001591444],[12195715.966699998825788,-9181.980200000107288],[12195714.907200001180172,-9184.629000000655651],[12195714.5099,-9187.145399998873472],[12195714.5099,-9189.794100001454353],[12195714.9071,-9192.44310000166297],[12195715.966699998825788,-9195.489000000059605],[12195717.423500001430511,-9199.197399999946356],[12195720.2047,-9204.230200000107288],[12195738.958299998193979,-9233.481800001114607],[12195760.855099998414516,-9268.004700001329184],[12195778.204799998551607,-9294.095400001853704],[12195809.460700001567602,-9345.349800001829863],[12195821.353799998760223,-9365.480799999088049],[12195822.8371,-9367.705699998885393],[12195824.214499998837709,-9370.248500000685453],[12195825.4859,-9372.791299998760223],[12195826.333500001579523,-9375.334300000220537],[12195826.7573,-9377.559300001710653],[12195826.9692,-9380.314100001007318],[12195826.863200001418591,-9382.326999999582767],[12195826.333500001579523,-9383.916499998420477],[12195825.5918,-9385.39979999884963],[12195824.638300001621246,-9386.671100001782179],[12195823.4729,-9387.730700001120567],[12195789.356199998408556,-9410.192499998956919],[12195719.2159,-9459.672400001436472],[12195689.9731,-9480.862700000405312],[12195660.73030000180006,-9502.053100001066923],[12195612.098299998790026,-9537.864999998360872],[12195595.5698,-9513.178199999034405],[12195574.0614,-9480.862799998372793],[12195553.506700001657009,-9449.924699999392033],[12195521.4032,-9402.670000001788139],[12195488.2401,-9347.256900001317263],[12195476.3260000012815,-9327.304299999028444],[12195475.4063,-9325.763999998569489],[12195461.8581,-9303.074799999594688],[12195459.4212,-9299.366399999707937],[12195457.513999998569489,-9296.505800001323223],[12195455.6069,-9293.75109999999404],[12195454.123599998652935,-9292.055799998342991],[12195452.7463,-9290.784400001168251],[12195451.170400001108646,-9289.523600000888109],[12195451.157000001519918,-9289.512899998575449],[12195449.2498,-9288.559300001710653],[12195446.706999998539686,-9287.711800001561642],[12195444.164099998772144,-9287.287900000810623],[12195441.197500001639128,-9287.076099999248981],[12195438.3367,-9286.970100000500679],[12195434.204599998891354,-9287.076099999248981],[12195408.776099998503923,-9292.373700000345707],[12195361.2524,-9301.7972999997437],[12195359.0845,-9302.227299999445677],[12195382.923700001090765,-9338.674699999392033],[12195404.961800001561642,-9372.579500000923872],[12195426.046300001442432,-9405.000799998641014],[12195442.6807,-9429.687800001353025],[12195454.229600001126528,-9446.322200000286102],[12195455.500999998301268,-9448.441399998962879],[12195456.2427,-9449.924600001424551],[12195456.7724,-9451.513999998569489],[12195457.0902,-9453.421000000089407],[12195457.090300001204014,-9454.904399998486042],[12195456.560400001704693,-9456.811599999666214],[12195455.818799998611212,-9458.506799999624491],[12195454.8653,-9460.096099998801947],[12195453.5938,-9461.791299998760223],[12195421.2784,-9491.034099999815226],[12195385.4666,-9521.124600000679493],[12195383.7713,-9523.031899999827147],[12195382.5,-9524.620900001376867],[12195381.5464,-9526.846000000834465],[12195381.016600001603365,-9528.964999999850988],[12195380.9107,-9531.296100001782179],[12195381.122499998658895,-9533.626899998635054],[12195381.8642,-9535.745999999344349],[12195382.923700001090765,-9537.971099998801947],[12195403.1606,-9559.479299999773502],[12195444.905699998140335,-9605.674400001764297],[12195463.447299998253584,-9626.335099998861551],[12195466.2022,-9628.878100000321865],[12195467.7914,-9630.891100000590086],[12195468.850900001823902,-9632.692299999296665],[12195469.4866,-9634.705299999564886],[12195469.6985,-9636.824599999934435],[12195469.5926,-9639.261399999260902],[12195468.9569,-9641.486400000751019],[12195467.7914,-9644.029199998825788],[12195466.414,-9646.042399998754263],[12195464.7188,-9648.3733000010252],[12195463.7652,-9650.598200000822544],[12195463.2355,-9653.247099999338388],[12195463.235399998724461,-9655.154100000858307],[12195463.553399998694658,-9657.379299998283386],[12195464.295000001788139,-9659.392299998551607],[12195465.672400001436472,-9662.147100001573563],[12195486.0152,-9685.5625],[12195505.6164,-9709.401799999177456],[12195522.5687,-9730.274399999529123],[12195541.2163,-9752.418400000780821],[12195561.6651,-9777.952899999916553],[12195585.982099998742342,-9805.196100000292063],[12195587.199499998241663,-9806.559999998658895],[12195594.8229,-9816.203600000590086],[12195608.389899998903275,-9833.365899998694658],[12195613.4637,-9839.412999998778105],[12195642.0827,-9873.521800000220537],[12195654.691399998962879,-9890.745000001043081],[12195662.63740000128746,-9901.599199999123812],[12195679.5057,-9922.824200000613928],[12195679.724800001829863,-9922.605900000780821],[12196150.3713,-9453.684099998325109],[12196150.0262,-9453.096099998801947],[12196113.3138,-9389.048099998384714],[12196076.4424,-9326.747999999672174],[12196059.4688,-9297.503499999642372],[12196039.73,-9263.494500000029802],[12196016.685400001704693,-9226.464299999177456],[12195986.171100001782179,-9172.587600000202656],[12195968.1019,-9134.125100001692772],[12195965.559099998325109,-9132.323899999260902],[12195963.016199998557568,-9131.052499998360872],[12195959.8376,-9129.887099999934435],[12195957.294799998402596,-9129.357200000435114]],[[12196331.517900001257658,-9211.152399998158216],[12196328.6571,-9216.449999999254942],[12196325.5845,-9221.641699999570847],[12196322.088100001215935,-9226.9391999989748],[12196318.4857,-9231.495099999010563],[12196315.2011,-9235.097600001841784],[12196310.857099998742342,-9238.806000001728535],[12196305.2416,-9242.090399999171495],[12196289.6045,-9250.266199998557568],[12196289.59739999845624,-9250.269799999892712],[12196284.3691,-9253.003499999642372],[12196281.296500001102686,-9255.228500001132488],[12196278.6477,-9257.13569999858737],[12196275.893,-9259.148800000548363],[12196274.780699998140335,-9260.260999999940395],[12196273.80180000141263,-9261.57490000128746],[12196272.8204,-9263.386900000274181],[12196271.808400001376867,-9265.714200001209974],[12196271.7608,-9265.823699999600649],[12196271.230999998748302,-9268.260600000619888],[12196271.337000001221895,-9270.061799999326468],[12196271.654800001531839,-9272.498700000345707],[12196272.396499998867512,-9275.677400000393391],[12196281.943999998271465,-9293.238000001758337],[12196292.6175,-9311.958500001579523],[12196293.8412000015378,-9310.739399999380112],[12196325.3471,-9279.348799999803305],[12196463.1347,-9142.065499998629093],[12196447.747299998998642,-9144.720400001853704],[12196433.02,-9148.852400001138449],[12196415.643800001591444,-9156.587000001221895],[12196387.7784,-9171.738200001418591],[12196354.7212999984622,-9188.160799998790026],[12196347.0927,-9192.504700001329184],[12196344.4439,-9194.51799999922514],[12196340.947500001639128,-9198.014299999922514],[12196337.1332,-9202.676300000399351],[12196334.1666,-9206.702500000596046],[12196331.517900001257658,-9211.152399998158216]]],[[[12194302.9212,-7848.850499998778105],[12194302.4476,-7780.837000001221895],[12194467.147,-7759.850699998438358],[12194467.146899998188019,-7816.005399998277426],[12194302.9212,-7848.850499998778105]]],[[[12194302.193999998271465,-7744.429200001060963],[12194301.8616,-7696.703099999576807],[12194535.433200001716614,-7658.004000000655651],[12194643.190200001001358,-7651.855799999088049],[12194645.689599998295307,-7651.713199999183416],[12194691.0504,-7649.726500000804663],[12194687.7394,-7692.769600000232458],[12194643.5308,-7698.693199999630451],[12194302.193999998271465,-7744.429200001060963]]]]}},
{"type":"Feature","properties":{"CompanyCode":"JJP"},"geometry":{"type":"MultiPolygon","coordinates":[[[[11221108.9018,210854.079599998891354],[11220982.5335,211008.50620000064373],[11220802.87049999833107,211230.249499998986721],[11220725.1532,211332.341299999505281],[11220623.4249,211459.9847999997437],[11220602.0205,211486.841899998486042],[11220404.631700001657009,211628.618999999016523],[11220370.568999998271465,211645.976199999451637],[11220291.269499998539686,211754.319200001657009],[11220257.9274,211777.934399999678135],[11220210.32209999859333,211811.651500001549721],[11220057.1771,211920.118900001049042],[11219840.745000001043081,212069.196600001305342],[11219809.1923,212090.929999999701977],[11219539.382399998605251,212275.08839999884367],[11219466.8994,212324.9087999984622],[11219312.226799998432398,212431.221400000154972],[11219307.1983,212434.718199998140335],[11219131.363200001418591,212556.993000000715256],[11219079.7238,212593.263000000268221],[11218951.8231,212683.096599999815226],[11218858.9109,212747.484200000762939],[11218681.817899998277426,212870.146600000560284],[11218675.4008,212874.591400001198053],[11218420.46339999884367,213044.744800001382828],[11218378.253899998962879,213074.496100001037121],[11218303.083999998867512,213127.479299999773502],[11218269.353799998760223,213147.168200001120567],[11218211.8503,213198.039599999785423],[11218176.099399998784065,213222.849500000476837],[11218025.006499998271465,213319.975900001823902],[11217953.4205,213368.373500000685453],[11217673.6499,213557.519600000232458],[11217452.6364,213708.017299998551607],[11217446.158,213712.428700000047684],[11217443.1056,213714.408700000494719],[11217435.4335,213719.385600000619888],[11217432.910799998790026,213721.022100001573563],[11217431.228,213722.112399999052286],[11217393.383499998599291,213746.663499999791384],[11217168.9217,213892.271600000560284],[11217087.025400001555681,213945.39750000089407],[11216820.596,214129.022300001233816],[11216809.844300001859665,214136.153000000864267],[11216519.240600001066923,214328.886500000953674],[11216456.8378,214372.308499999344349],[11216304.446899998933077,214478.346799999475479],[11216129.291299998760223,214599.730900000780821],[11216082.859499998390675,214631.084800001233816],[11215857.3534,214783.362300001084805],[11215624.8336,214943.767900001257658],[11215614.0528,214951.179900001734495],[11215475.3748,215046.524099998176098],[11215318.31529999896884,215156.7685999982059],[11215259.7865,215197.851700000464916],[11215008.4815,215368.937199998646975],[11214951.658300001174212,215409.707400001585484],[11214839.9808,215489.835400000214577],[11214643.437800001353025,215625.245700001716614],[11214605.6067,215651.309900000691414],[11214599.692699998617172,215655.330600000917912],[11214408.5291,215785.296500001102686],[11214216.1813,215921.279500000178814],[11214183.152199998497963,215944.629900000989437],[11214006.449,216070.60080000013113],[11213836.092500001192093,216190.435699999332428],[11213767.5401,216239.270300000905991],[11213705.1589,216283.70890000090003],[11213574.225000001490116,216376.982099998742342],[11213534.420400001108646,216404.765000000596046],[11213527.365600001066923,216409.6891999989748],[11213514.2698,216418.829900000244379],[11213494.661899998784065,216432.515900000929832],[11213483.024500001221895,216440.638599999248981],[11213472.438900001347065,216448.027199998497963],[11213462.588799998164177,216454.902399998158216],[11213460.914099998772144,216456.071299999952316],[11213459.424800001084805,216457.11089999973774],[11213451.2636,216462.807199999690056],[11213445.5071,216457.76240000128746],[11213427.0962999984622,216471.229200001806021],[11213418.0081,216477.876800000667572],[11213350.279,216527.417700000107288],[11213127.276299998164177,216680.886599998921156],[11212880.463799998164177,216849.570999998599291],[11212803.3739,216906.089899998158216],[11212715.93,216970.200100000947714],[11212685.820799998939037,216988.060300000011921],[11212676.7749,216993.426300000399351],[11212609.8094,217002.289799999445677],[11212551.0614,217022.071800000965595],[11212413.238400001078844,217052.695500001311302],[11212243.7887,217090.346599999815226],[11211984.323399998247623,217157.612799998372793],[11211970.54280000180006,217195.044199999421835],[11211902.791900001466274,217317.186299998313189],[11211811.633699998259544,217485.844500001519918],[11211800.150400001555681,217507.038800001144409],[11211713.208700001239777,217667.502500001341105],[11211694.0258,217676.849899999797344],[11211621.566799998283386,217685.919100001454353],[11211584.2837999984622,217697.072900000959635],[11211571.2846,217700.961800001561642],[11211429.678800001740456,217722.094700001180172],[11211325.631700001657009,217739.344900000840425],[11211193.121399998664856,217761.3141999989748],[11211136.873,217770.695099998265505],[11211073.862799998372793,217781.20380000025034],[11210897.672600001096725,217810.587999999523163],[11210640.2637,217846.164000000804663],[11210592.615899998694658,217848.87779999896884],[11210427.192699998617172,217878.696199998259544],[11210420.2804,217879.615699999034405],[11210320.0312,217892.952799998223782],[11210258.1219,217901.189100001007318],[11210231.9767,217897.551300000399351],[11210130.409400001168251,217918.642599999904633],[11210066.629,217923.174800001084805],[11209978.2029,217929.458500001579523],[11209908.399300001561642,217947.185899998992682],[11209814.643399998545647,217957.036899998784065],[11209799.542100001126528,217958.623599998652935],[11209723.117199998348951,217973.359499998390675],[11209673.4824,217974.742600001394749],[11209621.8776,217991.451999999582767],[11209603.6793,217993.136199999600649],[11209561.357700001448393,217999.64469999819994],[11209459.7564,218015.269900001585484],[11209412.770100001245737,218017.982900001108646],[11209311.6749,218034.577300000935793],[11209294.324299998581409,218037.425400000065565],[11209189.437800001353025,218048.85869999974966],[11209165.6237,218060.209600001573563],[11209106.0702,218070.264299999922514],[11208983.271499998867512,218091.803100001066923],[11208935.618500001728535,218089.719500001519918],[11208896.7108,218096.954799998551607],[11208871.0423,218107.108199998736382],[11208811.483399998396635,218111.965900000184774],[11208786.7784,218119.65819999948144],[11208612.770100001245737,218173.837999999523163],[11208598.651299998164177,218178.120400000363588],[11208322.7159,218261.8141999989748],[11208280.1448,218311.961300000548363],[11208180.1739,218408.539500001817942],[11208041.8668,218554.727899998426437],[11207832.335900001227856,218763.467599999159575],[11207791.429900001734495,218804.219200000166893],[11207722.656,218872.733399998396635],[11207491.7984,219098.330299999564886],[11207318.566599998623133,219265.3429000005126],[11207109.902199998497963,219474.234200000762939],[11207104.361699998378754,219479.770399998873472],[11206857.8642,219726.07880000025034],[11206676.1701,219903.495000001043081],[11206486.8103,220092.912399999797344],[11206351.9474,220227.4386],[11206297.185199998319149,220282.063999999314547],[11206085.5812,220491.294300001114607],[11206003.355500001460314,220572.597600001841784],[11205819.804499998688698,220747.884899999946356],[11205821.6981,220750.133799999952316],[11205763.9051,220804.482900001108646],[11205674.600900001823902,220884.221999999135733],[11205606.399300001561642,220948.495999999344349],[11205508.926199998706579,221040.355799999088049],[11205374.561,221161.384300000965595],[11205425.7938,221247.346799999475479],[11205541.6595,221423.398200001567602],[11205604.3726,221526.642499998211861],[11205679.019299998879433,221649.533100001513958],[11205756.7137,221777.576799999922514],[11205822.213599998503923,221885.523200001567602],[11205873.7474,221972.394499998539686],[11205890.631499998271465,222000.856199998408556],[11206012.065900001674891,222184.897199999541044],[11206023.879700001329184,222204.778900001198053],[11206142.007199998944998,222403.576699998229742],[11206150.390299998223782,222397.932700000703335],[11206152.4278,222394.382100000977516],[11206347.9773,222053.614599999040365],[11206638.576299998909235,221547.213100001215935],[11206773.3385,221623.500399999320507],[11206779.4694,221626.948600001633167],[11206958.758299998939037,221727.785799998790026],[11206967.0499,221732.485300000756979],[11207139.940699998289347,221830.475900001823902],[11207144.8688,221833.294599998742342],[11207294.37049999833107,221918.801500000059605],[11207322.214899998158216,221934.756000000983477],[11207499.129299998283386,222036.125399999320507],[11207419.84910000115633,222174.529199998825788],[11207276.6243,222432.931699998676777],[11207134.1873,222685.204100001603365],[11206985.9406,222951.875100001692772],[11207140.833099998533726,223035.028599999845028],[11207143.015099998563528,223036.199999999254942],[11207359.315699998289347,223153.614599999040365],[11207548.285999998450279,223256.193199999630451],[11207549.7359,223256.987199999392033],[11207759.052000001072884,223371.6239],[11207761.518,223372.974399998784065],[11207875.168499998748302,223434.516399998217821],[11208059.01240000128746,223534.067800000309944],[11208062.1602,223535.772399999201298],[11208255.41780000180006,223642.119199998676777],[11208408.3178,223726.257500000298023],[11208410.2199,223727.304200001060963],[11208620.869600001722574,223842.155499998480082],[11208771.5927,223924.333200000226498],[11208772.422600001096725,223924.785700000822544],[11208717.050900001078844,224021.696699999272823],[11208711.803,224030.881499998271465],[11208472.4657,224449.767400000244379],[11208435.881299998611212,224516.211599998176098],[11208353.9661,224657.394000001251698],[11208275.6811,224796.787799999117851],[11208472.8649,224909.478300001472235],[11208474.6827,224910.517200000584126],[11208637.510499998927116,225001.561200000345707],[11208687.588599998503923,225029.562100000679493],[11208823.384100001305342,225104.839000001549721],[11208986.913800001144409,225195.489900000393391],[11208992.096,225184.840199999511242],[11209190.304000001400709,224838.134300000965595],[11209227.5761,224773.474199999123812],[11209488.7885,224320.319499999284744],[11209628.644499998539686,224396.862399999052286],[11209668.386300001293421,224418.613000001758337],[11209672.8008,224421.028999999165535],[11209673.4828,224421.402199998497963],[11209675.31529999896884,224422.405200000852346],[11209675.4492,224422.479400001466274],[11209676.7306,224423.189699999988079],[11209678.1459,224423.974199999123812],[11209688.125100001692772,224429.50620000064373],[11209720.5568,224447.484600000083447],[11209727.568799998611212,224451.371700000017881],[11209833.740899998694658,224510.227699998766184],[11209836.3724,224506.632500000298023],[11209838.977699998766184,224503.073399998247623],[11209867.3556,224460.815799999982119],[11209964.1122,224299.703099999576807],[11210041.441599998623133,224166.539900001138449],[11210182.5643,223933.886199999600649],[11210234.4243,223843.238899998366833],[11210276.5563,223776.938099998980761],[11210304.755199998617172,223728.316599998623133],[11210353.2656,223648.865100000053644],[11210367.470400001853704,223657.440099999308586],[11210405.275199998170137,223678.323800001293421],[11210409.5405,223680.739700000733137],[11210475.1168,223717.673799999058247],[11210500.576699998229742,223732.297699999064207],[11210530.1475,223748.676399998366833],[11210662.3693,223823.647999998182058],[11210704.1523,223847.481699999421835],[11210705.1552,223848.053800001740456],[11210793.0159,223898.171000000089407],[11210879.5651,223947.809900000691414],[11210910.2375,223965.401599999517202],[11211024.311299998313189,224031.299100000411272],[11211051.3349,224046.549699999392033],[11211051.461199998855591,224046.620999999344349],[11211163.978799998760223,223839.222500000149012],[11211165.439599998295307,223837.788499999791384],[11211169.657200001180172,223833.64809999987483],[11211186.8277,223863.656800001859665],[11211189.7865,223867.434200000017881],[11211192.7121,223870.800999999046326],[11211194.025600001215935,223871.972300000488758],[11211194.6221,223872.318199999630451],[11211196.4712,223873.144200000911951],[11211199.386300001293421,223873.5168999992311],[11211201.005800001323223,223873.366300001740456],[11211204.056699998676777,223872.416600000113249],[11211228.8138,223861.182599999010563],[11211305.0436,223826.738000001758337],[11211326.8132,223817.618299998342991],[11211406.6633,223781.000100001692772],[11211433.950399998575449,223769.611699998378754],[11211486.607500001788139,223747.634899999946356],[11211546.728799998760223,223719.014899998903275],[11211625.104600001126528,223683.264299999922514],[11211678.7643,223663.673099998384714],[11211695.9771,223652.512600000947714],[11211760.5365,223624.251800000667572],[11211828.5665,223595.050700001418591],[11211903.465799998492002,223561.959199998527765],[11211980.3398,223527.552099999040365],[11212061.878199998289347,223489.564599998295307],[11212073.1444,223484.339499998837709],[11212077.68,223486.945500001311302],[11212082.2155,223489.551500000059605],[11212182.120700001716614,223443.896200001239777],[11212221.1732,223426.049600001424551],[11212227.0053,223423.384399998933077],[11212392.607299998402596,223349.44310000166297],[11212503.039700001478195,223300.135099999606609],[11212713.8823,223205.993599999696016],[11212815.7267,223160.74100000038743],[11212981.2683,223087.1858000010252],[11213029.344099998474121,223065.824200000613928],[11213067.3244,223048.948300000280142],[11213238.4646,222972.905200000852346],[11213259.538400001823902,222963.330099999904633],[11213533.1659,222839.003400001674891],[11213624.969500001519918,222798.534000001847744],[11213748.5224,222744.068599998950958],[11213814.9712,222714.776299998164177],[11214024.6673,222618.942499998956919],[11214163.228799998760223,222556.950800001621246],[11214322.4778,222485.703600000590086],[11214395.973299998790026,222452.819200001657009],[11214430.5264,222437.358899999409914],[11214438.9582,222433.586300000548363],[11214692.656,222320.07319999858737],[11214805.5526,222269.682599999010563],[11215067.3319,222152.839000001549721],[11215081.059999998658895,222146.670200001448393],[11215207.0407,222090.060400001704693],[11215356.467099998146296,222024.085299998521805],[11215375.8567,222015.524300001561642],[11215536.572500001639128,221941.393699999898672],[11215550.754700001329184,221934.852099999785423],[11215607.144900001585484,221909.602800000458956],[11215646.178,221892.125300001353025],[11215648.3412000015378,221891.156700000166893],[11215652.319699998944998,221889.375399999320507],[11215656.868099998682737,221887.338799998164177],[11215665.2234,221883.597500000149012],[11215675.811099998652935,221878.856699999421835],[11215679.5434,221877.185600001364946],[11215684.504700001329184,221874.964099999517202],[11215688.2685999982059,221873.278799999505281],[11215705.2808,221865.661499999463558],[11215728.4326,221855.211800001561642],[11215885.207400001585484,221784.450800001621246],[11216031.4672,221716.996899999678135],[11216096.6186,221686.949599999934435],[11216341.110599998384714,221580.618200000375509],[11216376.4476,221564.422699999064207],[11216671.5889,221429.155099999159575],[11216683.617199998348951,221423.735800001770258],[11216911.220800001174212,221321.189800001680851],[11217188.9175,221196.074200000613928],[11217218.8614,221182.421900000423193],[11217538.446199998259544,221036.71339999884367],[11217540.931699998676777,221035.580099999904633],[11217796.424400001764297,220921.241700001060963],[11217826.7418,220938.606699999421835],[11218005.0293,221040.724899999797344],[11218068.4417,221077.045800000429153],[11218171.1604,221135.193199999630451],[11218328.305599998682737,221224.150199998170137],[11218450.9287,221293.564699999988079],[11218527.2885,221337.024900000542402],[11218688.274099998176098,221428.649700000882149],[11218807.988699998706579,221496.78489999845624],[11218865.518399998545647,221529.605000000447035],[11219036.676199998706579,221627.249200001358986],[11219119.913800001144409,221674.735300000756979],[11219229.0229,221736.544799998402596],[11219363.604400001466274,221812.784099999815226],[11219399.6945,221833.288899999111891],[11219555.8055,221921.984700001776218],[11219585.0455,221938.597600001841784],[11219736.9976,222024.936700001358986],[11219828.471900001168251,222076.912099998444319],[11219905.2698,222120.99439999833703],[11220037.4652,222196.875199999660254],[11220086.6849,222224.761799998581409],[11220268.44200000166893,222327.740299999713898],[11220275.8697,222331.938299998641014],[11220447.423500001430511,222428.897700000554323],[11220462.335299998521805,222437.325599998235703],[11220706.7003,222220.65819999948144],[11220879.6617,222069.362300001084805],[11221042.145599998533726,221776.833500001579523],[11221119.296500001102686,221639.480099998414516],[11221179.7973,221531.769499998539686],[11221335.1534,221257.638300001621246],[11221472.5383,221010.976799998432398],[11221590.688499998301268,220799.619199998676777],[11221619.963799998164177,220747.249000001698732],[11221728.2264,220552.694600000977516],[11221732.8237,220544.432900000363588],[11221847.440499998629093,220338.46000000089407],[11222058.1135,219965.792300000786781],[11222058.140999998897314,219965.743700001388788],[11222119.839000001549721,219856.60359999909997],[11222254.782200001180172,219612.659600000828505],[11222255.2696,219611.778299998492002],[11222362.635499998927116,219417.687300000339746],[11222577.173,219039.564100001007318],[11222579.444699998944998,219035.589200001209974],[11222812.155299998819828,218628.393500000238419],[11222824.845199998468161,218606.188799999654293],[11222826.4765,218603.271000001579523],[11223103.8565,218107.122900001704693],[11223107.1483,218101.245299998670816],[11223297.6371,217761.117800001055002],[11223428.417100001126528,217528.462099999189377],[11223571.1728,217270.393699999898672],[11223591.734000001102686,217233.22410000115633],[11223593.077799998223782,217230.794900000095367],[11223593.9302,217229.253899998962879],[11223594.0513,217229.035000000149012],[11223595.511300001293421,217226.395799998193979],[11223596.971700001507998,217223.75560000166297],[11223597.9454,217221.995400000363588],[11223599.152199998497963,217219.813799999654293],[11223600.5224,217217.378699999302626],[11223604.4589,217210.383200000971556],[11223605.4606,217208.603100001811981],[11223620.121800001710653,217182.548599999397993],[11223752.389400001615286,216947.494600001722574],[11223917.185600001364946,216655.176899999380112],[11224088.8083,216347.135499998927116],[11224106.4162,216315.531700000166893],[11224288.715799998492002,215992.550599999725819],[11224441.2914,215721.234499998390675],[11224558.704999998211861,215511.235700000077486],[11224554.042599998414516,215508.218600001186132],[11224554.914700001478195,215505.710299998521805],[11224555.688299998641014,215503.485399998724461],[11224575.3598,215446.907999999821186],[11224667.098499998450279,215183.057700000703335],[11224590.5185999982059,215090.390399999916553],[11224468.7258,214943.012099999934435],[11224394.7344,214853.476700000464916],[11224385.565200001001358,214842.38120000064373],[11224303.403499998152256,214742.95890000090003],[11224183.015299998223782,214597.279199998825788],[11224104.033100001513958,214501.703899998217821],[11224043.462499998509884,214428.408100001513958],[11223890.390500001609325,214243.176899999380112],[11223822.5022,214161.025800000876188],[11223816.107500001788139,214153.287599999457598],[11223749.4947,214072.679699998348951],[11223746.9189000017941,214069.562699999660254],[11223609.2463,213902.965300001204014],[11223573.3776,213859.560400001704693],[11223540.9725,213820.347100000828505],[11223498.713,213769.208700001239777],[11223496.585,213766.633600000292063],[11223451.3099,213711.845899999141693],[11223400.993099998682737,213650.957100000232458],[11223341.282000001519918,213578.700300000607967],[11223332.490200001746416,213568.061299998313189],[11223309.19819999858737,213539.875500001013279],[11223259.443999998271465,213479.667300000786781],[11223208.621800001710653,213418.166799999773502],[11223170.4534,213371.978700000792742],[11223091.6144,213276.574499998241663],[11223010.901999998837709,213178.903000000864267],[11222977.9166,213138.986800000071526],[11222922.0869,213071.426100000739098],[11222822.502300001680851,212950.916600000113249],[11222822.0126,212950.324000000953674],[11222794.245900001376867,212916.722800001502037],[11222776.5760000012815,212895.34010000154376],[11222731.4971,212840.788899999111891],[11222696.390500001609325,212798.305599998682737],[11222688.136999998241663,212788.317800000309944],[11222645.0953,212736.231899999082088],[11222617.7604,212703.153000000864267],[11222570.5806,212646.059300001710653],[11222542.3854,212611.939500000327826],[11222534.1996,212602.033599998801947],[11222414.865600001066923,212457.623599998652935],[11222333.5387,212359.206999998539686],[11222328.248100001364946,212352.804699998348951],[11222252.794300001114607,212261.495299998670816],[11222246.90989999845624,212254.374299999326468],[11222213.908300001174212,212214.437800001353025],[11222145.5198,212131.678100001066923],[11222133.3418,212116.940999999642372],[11222076.878600001335144,212048.612399999052286],[11221987.5077,211940.460499998182058],[11221971.1347,211920.646999999880791],[11221970.7179,211920.142499998211861],[11221887.224399998784065,211819.103100001811981],[11221867.1385000012815,211794.796000000089407],[11221851.8191,211776.25730000063777],[11221841.2115,211763.4206000007689],[11221659.004999998956919,211542.922699999064207],[11221653.1849,211535.879599999636412],[11221652.6345,211535.213500000536442],[11221572.164099998772144,211437.831700000911951],[11221570.297600001096725,211435.572900000959635],[11221447.0937,211286.476500000804663],[11221431.50959999859333,211267.617300000041723],[11221429.0167,211264.600499998778105],[11221427.029599998146296,211262.195700000971556],[11221423.1529,211257.504200000315905],[11221340.515500001609325,211157.499600000679493],[11221298.954,211107.203400000929832],[11221289.8242,211096.154699999839067],[11221272.818,211075.574400000274181],[11221242.327599998563528,211038.675900001078844],[11221218.125999998301268,211009.388099998235703],[11221202.2265,210990.146999999880791],[11221171.5781,210953.057199999690056],[11221169.029800001531839,210949.973200000822544],[11221157.9194,210936.527699999511242],[11221146.9621,210923.267700001597404],[11221142.4413,210917.796700000762939],[11221127.5405,210899.76410000026226],[11221121.7491,210892.75560000166297],[11221116.968899998813868,210886.970800001174212],[11221111.1179,210879.890099998563528],[11221104.722800001502037,210872.15089999884367],[11221107.928100001066923,210867.893399998545647],[11221110.4556,210864.153499998152256],[11221111.8052,210862.186799999326468],[11221112.4047,210861.312800001353025],[11221112.880199998617172,210860.407200001180172],[11221113.1928,210859.7060999982059],[11221113.516199998557568,210858.980399999767542],[11221113.5328,210858.943199999630451],[11221112.1979,210857.541299998760223],[11221108.9018,210854.079599998891354]]]]}},
{"type":"Feature","properties":{"CompanyCode":"THIP"},"geometry":{"type":"MultiPolygon","coordinates":[[[[11488349.553399998694658,6348.151999998837709],[11488032.63459999859333,6352.336500000208616],[11487480.823800001293421,6359.572299998253584],[11487278.508299998939037,6360.837799999862909],[11486948.1673,6362.90430000051856],[11486429.1074,6367.981300000101328],[11486121.99040000140667,6372.191100001335144],[11485863.4302,6375.735300000756979],[11485583.5306,6378.922400001436472],[11484813.498799998313189,6388.427400000393391],[11484810.6943,6388.462000001221895],[11484807.8898,6388.496599998325109],[11484779.539,6388.846599999815226],[11483691.719,6402.274000000208616],[11483238.567499998956919,6407.867400001734495],[11482460.1965,6420.551300000399351],[11482450.101599998772144,6420.715799998492002],[11482343.1745,6422.458299998193979],[11481306.1314,6439.357200000435114],[11481282.102000001817942,6439.748599998652935],[11481232.640999998897314,6440.554699998348951],[11481196.271200001239777,6441.147399999201298],[11481189.9688,6441.250100001692772],[11480346.3842,6454.996300000697374],[11480021.3162,6460.293200001120567],[11480015.8592,6460.381999999284744],[11480008.9437,6460.494699999690056],[11479917.546500001102686,6516.710900001227856],[11479913.5625,6519.161499999463558],[11479862.695300001651049,6550.448499999940395],[11479650.390999998897314,6681.031700000166893],[11479639.6537000015378,6681.421100001782179],[11479361.935199998319149,6691.495700001716614],[11479314.8585,6693.203499998897314],[11478754.595600001513958,6938.820300001651049],[11478689.102400001138449,6967.532000001519918],[11478606.6804,7003.665399998426437],[11478306.285100001841784,7479.897399999201298],[11478559.184300001710653,8261.458299998193979],[11478471.396200001239777,8512.641199998557568],[11478291.3889,8605.451299998909235],[11478320.9681,8706.337200000882149],[11478488.1485,9276.542100001126528],[11479124.4452,10221.339800000190735],[11479130.7821,10229.465399999171495],[11480103.926399998366833,11477.289700001478195],[11480106.2674,11478.541799999773502],[11480540.5385,11710.796300001442432],[11480651.7867,11770.293600000441074],[11480726.8103,11810.417399998754263],[11480741.974800001829863,11818.527800001204014],[11480759.8169,11828.069899998605251],[11480813.141600001603365,11875.493700001388788],[11480873.7977,11929.4375],[11481287.228500001132488,12297.117800001055002],[11481401.120900001376867,12362.137099999934435],[11481516.978,12428.278299998492002],[11482077.85020000115037,12748.472100000828505],[11482127.828899998217821,12777.004399999976158],[11482369.811099998652935,12987.792599998414516],[11482386.785300001502037,12998.595300000160933],[11482465.5356,13048.714299999177456],[11482473.985599998384714,13054.092199999839067],[11482504.1928,13073.316899999976158],[11482524.863200001418591,13086.472100000828505],[11482531.071899998933077,13089.171900000423193],[11482797.7306,13205.124800000339746],[11482824.4958,13236.569299999624491],[11483044.6481,13495.210900001227856],[11483154.3021,13624.035900000482798],[11483214.686,13694.97690000012517],[11483480.0409,13903.23200000077486],[11483549.73030000180006,13932.025600001215935],[11483557.743900001049042,13935.336800001561642],[11483650.6668,13973.730099998414516],[11483791.829599998891354,14032.054699998348951],[11483821.2139,14044.195599999278784],[11483838.589200001209974,14051.374499998986721],[11483855.556699998676777,14050.412399999797344],[11483941.8356,14045.520300000905991],[11484360.6305,14021.774599999189377],[11484691.8825,14265.430900000035763],[11484838.9886,14373.636700000613928],[11484994.65089999884367,14382.337000001221895],[11485145.477000001817942,14390.767000000923872],[11486322.003400001674891,14456.524900000542402],[11486500.0858,14614.738099999725819],[11486626.578899998217821,14675.165100000798702],[11486950.440699998289347,14829.8766999989748],[11486958.6516,14833.642000000923872],[11487060.017900001257658,14880.125799998641014],[11487416.2793,15043.497600000351667],[11487534.945500001311302,15097.914900001138449],[11487727.719,15292.016699999570847],[11487950.6391,15516.473299998790026],[11487992.284000001847744,15558.405099999159575],[11488130.637699998915195,15697.712699998170137],[11488268.3449,15836.369500000029802],[11488472.7931,16042.227899998426437],[11488537.8695,16107.753499999642372],[11488622.4459,16192.91330000013113],[11488906.929900001734495,15906.557199999690056],[11489023.214499998837709,15789.507100000977516],[11489125.434799998998642,15686.613699998706579],[11489314.660300001502037,15496.142099998891354],[11489425.4212,15384.651599999517202],[11489603.477000001817942,15259.1554000005126],[11489441.2231,14874.057399999350309],[11489282.656599998474121,14497.713500000536442],[11488999.5163,13825.708700001239777],[11488999.0799,13824.672699999064207],[11489303.004700001329184,13679.823399998247623],[11489732.4197,13475.165800001472235],[11489890.1629,13401.061000000685453],[11489910.2837,13391.608600001782179],[11490209.2463,13251.161800000816584],[11490455.7524,13135.357700001448393],[11491131.9412,12816.82490000128746],[11491199.7234,12784.894499998539686],[11491729.1384,12530.791700001806021],[11491839.327100001275539,12477.971200000494719],[11491925.999699998646975,12436.423500001430511],[11491923.9560999982059,12432.091699998825788],[11491714.062600001692772,11987.191199999302626],[11491506.6567,11530.664500001817942],[11491259.795000001788139,10993.075100000947714],[11491009.7311,10455.036400001496077],[11490781.0566,9961.615800000727177],[11490666.1989,9713.872800000011921],[11490635.294100001454353,9647.213199999183416],[11490634.533300001174212,9645.572200000286102],[11490555.5916,9475.299199998378754],[11490315.950800001621246,8946.747999999672174],[11490080.9448,8448.952199999243021],[11490001.063099998980761,8272.570999998599291],[11489849.39469999819994,7937.684399999678135],[11489830.7993,7897.315200001001358],[11489492.8413,7163.637499999254942],[11489254.5478,6653.283100001513958],[11489107.1617,6330.01240000128746],[11489089.4993,6330.532400000840425],[11489087.2879,6330.597500000149012],[11488983.7333,6333.645799998193979],[11488605.93,6344.766800001263618],[11488349.553399998694658,6348.151999998837709]]],[[[11474839.079599998891354,6478.920099999755621],[11474797.2874,6467.41270000115037],[11474301.544100001454353,6332.636599998921156],[11474284.886,6333.162999998778105],[11473628.026999998837709,6353.919599998742342],[11473624.195300001651049,6354.006400000303984],[11472876.209199998527765,6370.93859999999404],[11472837.5871,6359.751899998635054],[11472676.791000001132488,6354.607299998402596],[11472670.9287,6354.419799998402596],[11472666.042399998754263,6354.359999999403954],[11472661.156100001186132,6354.300299998372793],[11472625.0286,6353.858500000089407],[11472307.6574,6349.97749999910593],[11472277.827,6349.612700000405312],[11471587.8398,6338.795099999755621],[11471384.023400001227856,6335.599700000137091],[11471365.844,6335.314699999988079],[11471040.843600001186132,6330.219300001859665],[11471035.2474,6330.131499998271465],[11470965.3283,6329.035300001502037],[11470574.1998,6322.903200000524521],[11470389.673,6319.698300000280142],[11469707.3371,6307.846999999135733],[11469083.0592,6297.004200000315905],[11469056.8363,6296.548799999058247],[11469048.8215,6296.409600000828505],[11468946.812600001692772,6294.637800000607967],[11468938.5574,6294.499299999326468],[11468481.946199998259544,6286.838899999856949],[11468432.7,6286.641199998557568],[11468223.0592,6285.799899999052286],[11467792.6417,6312.310699999332428],[11467129.386999998241663,6353.162500001490116],[11467123.7379,6353.510499998927116],[11467103.092799998819828,6354.782000001519918],[11466707.7298,6831.157000001519918],[11466447.9811,7144.128199998289347],[11466219.468600001186132,7410.1435999982059],[11466078.741300001740456,7613.752000000327826],[11465942.149500001221895,7811.376400001347065],[11465648.5125,8156.818599998950958],[11465645.608399998396635,8160.234999999403954],[11465642.0009,8164.478999998420477],[11465641.8087,8164.705200001597404],[11465638.011999998241663,8168.850699998438358],[11465188.4848,8659.670899998396635],[11464823.764600001275539,9081.661899998784065],[11464541.246100001037121,9408.542100001126528],[11464310.576699998229742,9661.136100001633167],[11464237.070500001311302,9741.628699999302626],[11464226.6266999989748,9753.065000001341105],[11464151.230999998748302,9835.626800000667572],[11463962.960099998861551,10041.791400000452995],[11463433.668200001120567,10648.85249999910593],[11463310.0709,10790.609400000423193],[11463052.073800001293421,11087.359499998390675],[11462806.430799998342991,11371.668999999761581],[11462798.7124,11380.602299999445677],[11462780.124200001358986,11402.116300001740456],[11462773.065699998289347,11410.261900000274181],[11462038.5066,12257.939899999648333],[11462212.7192,12336.590799998492002],[11462330.9179,12471.55180000141263],[11462498.0081,12896.706799998879433],[11462648.559500001370907,13077.925200000405312],[11462807.6318,13082.310300000011921],[11463104.078899998217821,12904.138599999248981],[11463263.030299998819828,12885.66160000115633],[11463268.4754,12885.028599999845028],[11463289.338599998503923,12882.603399999439716],[11463333.467099998146296,12904.461399998515844],[11463430.2462,12986.532299999147654],[11463584.1485,13183.055599998682737],[11463922.8083,13355.146499998867512],[11463934.395599998533726,13388.13289999961853],[11463955.225900001823902,13447.432300001382828],[11463954.289500001817942,13532.800000000745058],[11463628.330699998885393,13736.99720000103116],[11463493.676600001752377,13869.711500000208616],[11463394.2918,14164.899599999189377],[11463133.432,14532.137099999934435],[11463375.013300001621246,15186.804900001734495],[11463301.107,15603.652699999511242],[11463301.0497,15604.826200000941753],[11463289.1314,15849.059300001710653],[11463288.9173,15853.447700001299381],[11463328.452599998563528,15962.031100001186132],[11463544.235599998384714,16030.109400000423193],[11464010.3664,16007.708000000566244],[11464399.922400001436472,15739.267599999904633],[11464619.8404,15625.689399998635054],[11464705.8466,15628.062699999660254],[11464752.2914,15629.344300001859665],[11464935.8569,15815.776799999177456],[11464908.8699,15875.960400000214577],[11464929.814800001680851,16017.587099999189377],[11464986.6477,16401.886100001633167],[11465256.8251,16629.353199999779463],[11466113.709199998527765,16725.330200001597404],[11466120.305300001055002,16726.068999998271465],[11466144.667599998414516,16728.797800000756979],[11466169.2705,16709.625599998980761],[11466193.873399998992682,16690.453499998897314],[11466196.1516,16690.546000000089407],[11466801.12220000103116,16715.117899999022484],[11467113.4632,16942.275299999862909],[11467121.0075,16947.762099999934435],[11467114.5724,16956.576099999248981],[11467099.596,16977.089099999517202],[11467163.6069,17036.216600000858307],[11467190.851300001144409,17013.581799998879433],[11467196.9401,17008.52309999987483],[11467469.38060000166297,17287.644999999552965],[11467574.193999998271465,17342.774500001221895],[11467623.329999998211861,17368.618900001049042],[11468045.728300001472235,17712.428100001066923],[11468526.912500001490116,17971.109200000762939],[11468567.6466,18010.527800001204014],[11468579.2852,18019.050999999046326],[11468593.0414,18014.258699998259544],[11468617.380800001323223,17989.227400001138449],[11468999.8922,18017.49439999833703],[11469037.985800001770258,18008.975999999791384],[11469069.7265,18043.600099999457598],[11469114.696199998259544,18052.659200001507998],[11469154.3746,18069.174699999392033],[11469207.8099,18073.973600000143051],[11469230.5587,18084.628499999642372],[11469253.835900001227856,18102.207699999213219],[11469268.6479,18120.318599998950958],[11469324.6314,18142.730099998414516],[11469482.9118,18206.093600001186132],[11469577.0742,18324.880100000649691],[11469614.631,18395.191500000655651],[11469700.339200001209974,18403.722199998795986],[11469786.56810000166297,18497.474300000816584],[11469869.0816,18710.536200001835823],[11469935.2034,18827.722500000149012],[11469944.038400001823902,18828.370299998670816],[11469963.689,18829.811099998652935],[11470080.6963,18838.389899998903275],[11470141.5356,18874.615299999713898],[11470165.3066,18899.434900000691414],[11470351.563099998980761,19093.907900001853704],[11470357.652399998158216,19100.265799999237061],[11470456.8279,19203.816500000655651],[11470624.00450000166893,19298.110500000417233],[11470818.1741,19292.804299999028444],[11471049.4362,19414.250100001692772],[11471434.221700001507998,19616.318199999630451],[11471774.6529,20101.453400000929832],[11471837.074700001627207,20190.408500000834465],[11471947.1193,20217.052499998360872],[11471984.9137,20266.616399999707937],[11472184.134799998253584,20493.006000000983477],[11472670.844300001859665,20865.909200001507998],[11472830.365899998694658,21241.73369999974966],[11472831.618,21456.628499999642372],[11472848.0112,21528.537300001829863],[11472873.701299998909235,21565.979400001466274],[11472902.442200001329184,21593.423500001430511],[11472945.1723,21605.379599999636412],[11472975.2623,21618.104200001806021],[11472989.936099998652935,21645.621300000697374],[11472987.667399998754263,21708.054299999028444],[11473025.7513,21793.281700000166893],[11473050.087000001221895,21809.263900000602007],[11473100.877,21822.585900001227856],[11473126.267499998211861,21868.396299999207258],[11473142.825800001621246,21879.831900000572205],[11473184.467999998480082,21908.590999998152256],[11473220.9463,21937.565699998289347],[11473245.2991,21965.351500000804663],[11473266.4586,21996.780000001192093],[11473286.562199998646975,22008.500599998980761],[11473315.660300001502037,22020.222199998795986],[11473338.4034,22083.076999999582767],[11473376.4919,22127.823600001633167],[11473447.916499998420477,22137.419700000435114],[11473482.8303,22184.829199999570847],[11473645.2515,22239.178199999034405],[11473742.921300001442432,22308.158700000494719],[11473762.168499998748302,22321.752199999988079],[11473793.5319,22339.635000001639128],[11473857.2839,22375.985300000756979],[11473878.0295,22387.8141999989748],[11473894.9613,22377.16330000013113],[11474068.4848,22505.551899999380112],[11474112.3885000012815,22507.064899999648333],[11474610.746399998664856,22908.2989999987185],[11474768.557,23044.352400001138449],[11475011.8411,23254.095499999821186],[11475413.593400001525879,23302.825599998235703],[11475605.956799998879433,23326.158100001513958],[11476314.9423,23587.504900000989437],[11476331.7443,23590.863800000399351],[11476362.802000001072884,23597.072399999946356],[11476370.75560000166297,23598.662399999797344],[11476386.653099998831749,23601.840500000864267],[11476993.622900001704693,23723.179000001400709],[11477253.551,23621.019400000572205],[11477696.1367,23447.069400001317263],[11478247.791000001132488,23501.039500001817942],[11478657.668499998748302,23621.556400001049042],[11479367.142,23528.616700001060963],[11479586.888799998909235,23446.741399999707937],[11479915.0805,23324.460499998182058],[11480153.350000001490116,23235.683499999344349],[11480471.033300001174212,23117.317299999296665],[11480600.5337,23106.023400001227856],[11481515.4514,23026.234700001776218],[11481770.927499998360872,23003.954700000584126],[11482227.6006,22964.128299999982119],[11482325.6913,22955.573800001293421],[11482424.659699998795986,22946.942800000309944],[11482870.920400001108646,22989.810100000351667],[11483034.1884,23005.493500001728535],[11483409.8319,23041.577399998903275],[11483526.221099998801947,23052.757599998265505],[11483833.5135000012815,23082.275699999183416],[11483962.276299998164177,23094.644499998539686],[11484332.684500001370907,23130.225600000470877],[11484450.453899998217821,23141.538400001823902],[11484627.7537,23120.05180000141263],[11484879.7348,23089.515099998563528],[11484884.7911,23088.902300000190735],[11484885.120700001716614,23088.862399999052286],[11484890.5066,23088.209699999541044],[11484904.107500001788139,23086.56140000000596],[11484908.24549999833107,23086.059999998658895],[11484913.9668,23085.366700001060963],[11485339.392,23033.810400001704693],[11485556.137200001627207,23057.659800000488758],[11486363.7988,23146.530099999159575],[11486716.218899998813868,23185.308499999344349],[11486722.0999,23185.955600000917912],[11486913.998,23207.070999998599291],[11487238.660100001841784,23242.794900000095367],[11487655.3807,23288.648400001227856],[11487980.0608000010252,23324.374400001019239],[11488795.625599998980761,23188.726100001484156],[11488813.9989,23185.670200001448393],[11489138.941399998962879,23130.026399999856949],[11489385.7848,23166.286400001496077],[11489414.8,23170.548599999397993],[11489474.2918,23179.28770000115037],[11489474.2867,23224.510499998927116],[11489474.2806,23278.735599998384714],[11489474.269499998539686,23376.825399998575449],[11489108.80799999833107,23363.157699998468161],[11488757.9635,23438.639199998229742],[11488419.291700001806021,23511.501600001007318],[11488352.8411,23525.797800000756979],[11488064.1063,23587.916499998420477],[11487934.2132,23572.285500001162291],[11487193.693599998950958,23483.173300001770258],[11486961.4872,23455.230200000107288],[11486938.708099998533726,23452.489100001752377],[11486681.738200001418591,23421.566100001335144],[11486674.7901,23420.730000000447035],[11486514.379299998283386,23406.281500000506639],[11485966.1083,23356.897700000554323],[11485332.385000001639128,23299.817099999636412],[11484730.262699998915195,23382.703000001609325],[11484698.4472,23387.082600001245737],[11484648.9505,23295.440000001341105],[11484608.1862,23300.700699999928474],[11484516.608399998396635,23312.518899999558926],[11484490.006900001317263,23315.951900001615286],[11484356.842,23333.136999998241663],[11484134.9223,23300.205299999564886],[11484117.868500001728535,23297.674600001424551],[11484110.0592,23296.515799999237061],[11484097.7911,23326.763099998235703],[11484071.289,23392.105000000447035],[11483745.2267,23326.507500000298023],[11483417.2843,23260.531800001859665],[11483274.5037,23249.197999998927116],[11482365.6703,23177.056099999696016],[11482095.0286,23203.935400001704693],[11481933.692899998277426,23219.958700001239777],[11481925.3743,23220.78489999845624],[11481663.9644,23246.747099999338388],[11481070.316399998962879,23305.705699998885393],[11480798.81529999896884,23332.669900000095367],[11480571.5568,23355.240100000053644],[11480533.672600001096725,23367.300200000405312],[11479791.7573,23603.481499999761581],[11479503.5084,23695.242300000041723],[11479492.126600001007318,23698.865600001066923],[11479422.608399998396635,23720.995799999684095],[11478613.69310000166297,23764.263700000941753],[11478605.2438,23761.795899998396635],[11478585.190900001674891,23755.939100001007318],[11478223.3862,23650.2668999992311],[11477668.450800001621246,23606.576299998909235],[11477276.366999998688698,23800.509100001305342],[11477231.5002,23822.701099999248981],[11477228.808400001376867,23824.032499998807907],[11477197.018399998545647,23839.756499998271465],[11477194.326699998229742,23841.087900001555681],[11477149.459399998188019,23863.280200000852346],[11477127.41,23874.186099998652935],[11476923.4085,23884.531399998813868],[11476858.036899998784065,23887.846500001847744],[11476769.0115,23860.364700000733137],[11476368.009799998253584,23736.577100001275539],[11476317.353100001811981,23720.939599998295307],[11475588.631299998611212,23495.986699998378754],[11475243.3266,23439.736099999397993],[11474962.068599998950958,23393.918800000101328],[11474934.424800001084805,23389.415600001811981],[11474918.392499998211861,23376.145300000905991],[11474916.0757,23374.22749999910593],[11474903.699700001627207,23363.983600001782179],[11474901.3834,23362.066199999302626],[11474865.1045,23332.037200000137091],[11473950.8052,22575.247499998658895],[11473950.476,22574.975099999457598],[11473899.4111,22532.707499999552965],[11473746.5051,22493.721900001168251],[11473619.794300001114607,22361.689300000667572],[11473450.817699998617172,22298.497699998319149],[11473238.218899998813868,22129.55799999833107],[11473195.7821,22091.421100001782179],[11472975.027399998158216,21893.03489999845624],[11472904.258499998599291,21829.436900001019239],[11472896.0883,21822.0945999994874],[11472895.2366,21817.321899998933077],[11472883.455899998545647,21751.30799999833107],[11472876.0992,21710.084600001573563],[11472792.776099998503923,21640.435300000011921],[11472700.522599998861551,21419.492199998348951],[11472659.166499998420477,21151.567600000649691],[11471891.4637,20511.137699998915195],[11471479.16,20003.702899999916553],[11471391.554699998348951,19895.884799998253584],[11471124.8413,19662.347100000828505],[11471026.528099998831749,19576.263099998235703],[11470439.822999998927116,19402.279800001531839],[11470312.3041,19364.464999999850988],[11469720.8156,18793.696199998259544],[11469405.688499998301268,18195.985599998384714],[11469299.9705,18151.019900001585484],[11469273.011300001293421,18139.553300000727177],[11469237.2526,18124.343600001186132],[11469234.7878,18122.756400000303984],[11469200.419799998402596,18100.624200001358986],[11469173.9668,18097.425799999386072],[11469117.656599998474121,18105.837799999862909],[11468936.0695,18132.964499998837709],[11468847.976300001144409,18146.124499998986721],[11468775.653,18141.635600000619888],[11468638.111200001090765,18133.098400000482798],[11468528.308200001716614,18126.282999999821186],[11468512.56810000166297,18119.908100001513958],[11468159.2117,17976.79619999974966],[11467408.647599998861551,17367.432300001382828],[11466833.213799998164177,16859.26799999922514],[11466495.248599998652935,16855.852699998766184],[11465756.281599998474121,16848.384899999946356],[11465555.393199998885393,16846.354699999094009],[11465325.918200001120567,16805.710999999195337],[11465310.249200001358986,16802.9358000010252],[11465068.0396,16675.148800000548363],[11464872.2317,16484.5625],[11464801.146000001579523,16218.858399998396635],[11464789.013999998569489,15833.806699998676777],[11464661.570999998599291,15770.859200000762939],[11464171.652399998158216,16085.745400000363588],[11463808.2918,16177.074400000274181],[11463264.2166,16100.575500000268221],[11463237.6461,16056.891699999570847],[11463215.7185,16020.841099999845028],[11463213.0671,16016.482299998402596],[11463211.554499998688698,16013.995299998670816],[11463177.2031,15957.519400000572205],[11463167.220199998468161,15941.106800001114607],[11463228.5755,15192.813499998301268],[11463137.9903,14961.051699999719858],[11463133.828699998557568,14954.696199998259544],[11463132.483399998396635,14952.6418999992311],[11463131.1382,14950.587600000202656],[11463128.617800001055002,14946.738499999046326],[11463048.5059,14824.396200001239777],[11462986.590999998152256,14494.256299998611212],[11463025.1173,14381.018800001591444],[11463111.873599998652935,14283.402199998497963],[11463211.217999998480082,14171.621399998664856],[11463381.409699998795986,13789.342500001192093],[11463441.204799998551607,13706.458700001239777],[11463759.964899998158216,13537.820000000298023],[11463850.349599998444319,13473.760899998247623],[11463815.888999998569489,13394.43470000103116],[11463569.5068,13299.128600001335144],[11463516.865600001066923,13264.270100001245737],[11463392.683600001037121,13093.292199999094009],[11463264.6285,12985.517099998891354],[11463159.9626,12994.594900000840425],[11462900.684099998325109,13162.421300001442432],[11462899.3226,13162.965599998831749],[11462689.3349,13200.809000000357628],[11462595.849,13170.103999998420477],[11462405.759399998933077,12944.09739999845624],[11462262.1818,12555.595600001513958],[11462182.189100001007318,12453.011300001293421],[11461984.644499998539686,12360.799400001764297],[11461960.420699998736382,12349.491799999028444],[11461260.0088,13161.309999998658895],[11461258.8578,13162.644099999219179],[11460942.871800001710653,13528.887800000607967],[11460942.0378,13530.039700001478195],[11460941.8572,13530.289299998432398],[11460715.946899998933077,13842.316300000995398],[11460707.0911,13854.547899998724461],[11460431.960499998182058,14231.611000001430511],[11460251.5378,14484.051199998706579],[11460167.0698,14602.720100000500679],[11460127.5227,14657.370999999344349],[11459677.76240000128746,15278.900600001215935],[11459598.4408,15226.397900000214577],[11459304.4751,15491.124200001358986],[11459302.834399998188019,15493.879900000989437],[11459301.2779,15496.49439999833703],[11459276.7559,15537.682300001382828],[11459276.5286,15538.064100001007318],[11459274.9397,15540.732599999755621],[11459252.0599,15579.162200000137091],[11459225.1485,15624.363099999725819],[11459218.229600001126528,15635.984400000423193],[11459199.827799998223782,15647.727299999445677],[11459185.276,15657.0135000012815],[11459182.7432,15658.629799999296665],[11459143.0768,15683.942699998617172],[11459140.5442,15685.558899998664856],[11459006.509,15771.092799998819828],[11458872.7496,15856.450500000268221],[11458844.6661,15881.990600001066923],[11458835.5086,15890.318599998950958],[11458813.2247,15910.584300000220537],[11458812.434500001370907,15911.30290000140667],[11458790.5632,15921.512099999934435],[11458777.697999998927116,15927.517400000244379],[11458775.9296,15928.3429000005126],[11458764.0137,15942.002900000661612],[11458752.30970000103116,15955.420099999755621],[11458723.901700001209974,15987.986099999397993],[11458720.438099998980761,15991.956599999219179],[11458677.6998,16040.950500000268221],[11458484.3979,16297.408100001513958],[11458288.3493,16519.761399999260902],[11458134.1419,16680.846799999475479],[11457966.754,16885.996800001710653],[11457647.9037000015378,17276.777199998497963],[11457348.964000001549721,17649.032699998468161],[11457343.204599998891354,17656.117800001055002],[11457127.49040000140667,17921.490699999034405],[11457120.6749,17929.875199999660254],[11457113.859299998730421,17938.259700000286102],[11456996.5856,18082.530000001192093],[11456699.761100001633167,18404.957100000232458],[11456671.9912,18435.12220000103116],[11456658.558200001716614,18449.713899999856949],[11456141.5768,19011.284000001847744],[11456029.500599998980761,19132.348999999463558],[11455780.208299998193979,19401.63459999859333],[11455372.279399998486042,19844.704799998551607],[11455353.953499998897314,19864.376200001686811],[11454990.2762,20254.755399998277426],[11454582.2526,20692.054499998688698],[11454576.1107,20698.637099999934435],[11454569.2344,20706.006799999624491],[11454562.6761,20713.035700000822544],[11454549.5438,20727.110100001096725],[11454327.8563,20951.303100001066923],[11454109.3429,21174.430799998342991],[11453885.0101,21399.6875],[11453843.0258,21442.029399998486042],[11453663.779800001531839,21622.801500000059605],[11453440.3099,21848.102899998426437],[11453140.0154,22153.878199998289347],[11453013.073399998247623,22283.136700000613928],[11452550.6505,22750.151900000870228],[11452808.786400001496077,22941.38399999961257],[11453236.31700000166893,23259.752999998629093],[11453297.353799998760223,23305.205400001257658],[11453586.669100001454353,23520.4054000005126],[11453786.12049999833107,23668.762600000947714],[11453972.303,23809.229899998754263],[11454032.884100001305342,23854.936099998652935],[11454255.8446,24021.534099999815226],[11454380.897999998182058,24115.159400001168251],[11454483.1692,24191.728199999779463],[11454768.058200001716614,24405.075399998575449],[11455041.324499998241663,24609.719200000166893],[11455550.658300001174212,24991.150199998170137],[11455872.9082,25232.478300001472235],[11456008.1463,25333.982599999755621],[11456398.1118,25626.675700001418591],[11456332.163199998438358,25800.480500001460314],[11456683.024999998509884,26054.349500000476837],[11457031.048,26306.165199998766184],[11457033.0554,26307.617800001055002],[11457562.978300001472235,26684.505699999630451],[11457576.844300001859665,26694.367300000041723],[11457956.625,26951.894299998879433],[11458308.3032,27190.365800000727177],[11458608.3587,27393.832600001245737],[11458818.9533,27536.519499998539686],[11459213.395799998193979,27803.771899998188019],[11459609.313900001347065,28072.024999998509884],[11460008.350499998778105,28342.391499999910593],[11460447.4611,28639.910999998450279],[11460885.0647,28936.410199999809265],[11460886.1695,28937.158900000154972],[11460897.838100001215935,28945.340700000524521],[11460900.6265,28947.295800000429153],[11461185.3721,29146.954900000244379],[11461560.9113,29410.27760000154376],[11461669.978999998420477,29492.923599999397993],[11461669.86430000141263,29493.074799999594688],[11461669.2991,29493.818799998611212],[11461669.0599,29494.133699998259544],[11461668.2326,29495.222600001841784],[11461666.677499998360872,29497.26969999819994],[11461663.860800001770258,29500.977200001478195],[11461660.0075,29506.049600001424551],[11461651.582600001245737,29517.139600001275539],[11461648.311,29521.446199998259544],[11461625.0810999982059,29552.024500001221895],[11461614.6602,29565.741799999028444],[11461570.588100001215935,29623.755199998617172],[11461543.064,29707.051300000399351],[11461519.5634,29772.878400001674891],[11461513.6045,29790.487799998372793],[11461469.1734,29921.788499999791384],[11461427.464000001549721,30045.13459999859333],[11461414.32319999858737,30077.879000000655651],[11461355.9069,30223.441300000995398],[11461277.348299998790026,30471.945199999958277],[11461274.5572,30480.713599998503923],[11461224.2889,30638.636100001633167],[11461196.043200001120567,30727.37220000103116],[11461122.515,30955.55009999871254],[11461015.22410000115633,31288.500900000333786],[11460909.3569,31619.553800001740456],[11460899.324,31653.412799999117851],[11460890.6195,31682.788699999451637],[11460873.154800001531839,31741.728300001472235],[11460695.297400001436472,32291.351500000804663],[11460636.222,32479.246100001037121],[11460551.1039,32740.636100001633167],[11460507.4852,32878.893899999558926],[11460471.2793,32983.278999999165535],[11460439.8519,33077.203400000929832],[11460437.27479999884963,33084.905499998480082],[11460434.8065,33092.070900000631809],[11460422.030000001192093,33129.162599999457598],[11460133.9908,32988.499699998646975],[11460056.1858000010252,33167.869699999690056],[11460016.175299998372793,33260.10869999974966],[11460308.256299998611212,33377.32209999859333],[11460394.417599998414516,33411.899000000208616],[11460492.5979,33451.299300000071526],[11460533.376200001686811,33356.441700000315905],[11460605.65089999884367,33188.31700000166893],[11460512.096900001168251,33146.167899999767542],[11460517.9082,33130.108800001442432],[11460523.182100001722574,33115.535000000149012],[11460548.7676,33044.831900000572205],[11460591.9622,32911.47410000115633],[11460664.5909,32689.661899998784065],[11460757.1191,32408.673000000417233],[11460819.3708,32209.700599998235703],[11460850.4963,32110.853300001472235],[11460875.5192,32038.166499998420477],[11460940.480700001120567,31849.463599998503923],[11460982.0583,31713.6587999984622],[11460990.581500001251698,31685.819400001317263],[11461056.2997,31471.162599999457598],[11461110.2918,31303.505800001323223],[11461189.644900001585484,31053.64919999986887],[11461219.3079,30955.56700000166893],[11461230.2988,30919.224899999797344],[11461321.0539,30638.652800001204014],[11461330.2942,30610.086300000548363],[11461370.473000001162291,30503.236600000411272],[11461380.1954,30480.731699999421835],[11461443.3981,30334.432500001043081],[11461470.391199998557568,30264.797899998724461],[11461528.1804,30077.898299999535084],[11461537.969700001180172,30046.238000001758337],[11461540.131,30039.247999999672174],[11461554.8052,29990.508699998259544],[11461581.2124,29902.799400001764297],[11461596.3733000010252,29852.443399999290705],[11461597.7784,29848.432900000363588],[11461603.7867,29831.284400001168251],[11461608.458299998193979,29817.950899999588728],[11461617.880199998617172,29791.05970000103116],[11461618.074499998241663,29790.505300000309944],[11461651.420200001448393,29695.331599999219179],[11461665.020799998193979,29675.877399999648333],[11461673.954799998551607,29663.098200000822544],[11461698.02760000154376,29628.664299998432398],[11461707.113400001078844,29615.66780000180006],[11461726.493299998342991,29587.946800000965595],[11461738.4197,29570.887200001627207],[11461750.348900001496077,29553.823899999260902],[11462117.5702,29832.086100000888109],[11462531.9875,30146.111999999731779],[11462905.7702,30429.347699999809265],[11462995.7597,30497.537799999117851],[11463358.552700001746416,30753.535599999129772],[11463400.4371,30783.090500000864267],[11463736.694200001657009,31007.82660000026226],[11464097.896699998527765,31249.235199999064207],[11464507.024500001221895,31522.675299998372793],[11464513.996399998664856,31527.33500000089407],[11464949.947999998927116,31847.194699998944998],[11465346.3842,32138.062800001353025],[11465349.7773,32140.552299998700619],[11465767.4007,32439.906300000846386],[11466061.803399998694658,32650.9358000010252],[11466091.8801,32673.19200000166893],[11466477.7341,32958.717000000178814],[11466491.0257,32968.552600000053644],[11466504.09910000115633,32978.226599998772144],[11466947.024099998176098,33305.984000001102686],[11467258.437800001353025,33536.425900001078844],[11467712.8959,33872.719399999827147],[11468096.7496,34156.767299998551607],[11468100.020100001245737,34159.187399998307228],[11468432.3185,34407.174499999731779],[11468429.502099998295307,34411.041400000452995],[11468419.1906,34427.795299999415874],[11468403.843600001186132,34452.730700001120567],[11468388.4965,34477.665899999439716],[11468377.0442,34496.27309999987483],[11468338.0795,34559.581300001591444],[11468331.967999998480082,34570.168499998748302],[11468311.1241,34606.276599999517202],[11468297.967799998819828,34629.067400000989437],[11468280.12779999896884,34659.971999999135733],[11468165.8171,34829.5945999994874],[11468104.9208,34916.383600000292063],[11467857.577399998903275,35268.89469999819994],[11467819.977400001138449,35322.481499999761581],[11467443.1725,35887.265999998897314],[11467395.0121,35965.820000000298023],[11467350.029,36029.460700001567602],[11467254.532900001853704,36168.118999999016523],[11467249.9732,36174.739399999380112],[11467232.5315,36200.888099998235703],[11467228.274999998509884,36207.269499998539686],[11467117.0407,36360.227699998766184],[11466777.198600001633167,36863.660399999469519],[11466680.9617,37006.22239999845624],[11466859.226599998772144,37157.526099998503923],[11466958.1342,36999.255399998277426],[11467193.703699998557568,36622.298200000077486],[11467285.526500001549721,36481.187199998646975],[11467365.8017,36344.463100001215935],[11467387.736900001764297,36307.103199999779463],[11467388.7253,36305.6706000007689],[11467448.3858,36219.195700000971556],[11467686.945300001651049,35853.806200001388788],[11467764.245900001376867,35743.926500000059605],[11467770.608199998736382,35734.882599998265505],[11468098.3977,35268.941100001335144],[11468275.2181,35017.59569999948144],[11468339.789,34924.587699998170137],[11468345.453000001609325,34916.429400000721216],[11468498.5959,34695.842199999839067],[11468506.5015,34684.454799998551607],[11468559.7724,34607.723200000822544],[11468585.811500001698732,34570.216299999505281],[11468606.5707,34540.314699999988079],[11468607.9921,34538.276099998503923],[11468716.830200001597404,34619.499899998307228],[11468844.171100001782179,34719.745600000023842],[11468846.920400001108646,34721.90989999845624],[11468848.007599998265505,34722.765799999237061],[11468853.043499998748302,34726.730200000107288],[11468854.05970000103116,34727.530299998819828],[11468855.229600001126528,34728.451200000941753],[11468858.437399998307228,34730.976199999451637],[11468861.0898,34733.064399998635054],[11468867.7064,34738.273200001567602],[11468885.3310999982059,34752.147799998521805],[11468903.2212999984622,34766.231499999761581],[11468928.3748,34786.032800000160933],[11468942.007599998265505,34796.764899998903275],[11468948.136100001633167,34801.589400000870228],[11468960.941100001335144,34811.669900000095367],[11468989.2696,34833.970800001174212],[11468999.0674,34841.683800000697374],[11469005.7718,34846.96169999986887],[11469051.557100001722574,34883.004999998956919],[11469057.37950000166893,34887.588500000536442],[11469065.8904,34892.507699999958277],[11469088.319699998944998,34905.471500001847744],[11469088.913600001484156,34905.814699999988079],[11469105.0114,34915.118999999016523],[11469122.7025,34925.344099998474121],[11469171.542,34953.572399999946356],[11469172.232299998402596,34953.971400000154972],[11469208.8424,34975.131400000303984],[11469220.733,34982.004000000655651],[11469243.4296,34995.122299998998642],[11469264.857299998402596,35007.507100000977516],[11469288.8319,35021.364000000059605],[11469295.0299,35024.946299999952316],[11469298.7727,35026.492899999022484],[11469333.344300001859665,35040.778499998152256],[11469350.834399998188019,35048.005699999630451],[11469362.463599998503923,35052.811099998652935],[11469380.583500001579523,35060.298599999397993],[11469381.72520000115037,35060.770300000905991],[11469420.524300001561642,35076.802700001746416],[11469442.1609,35085.743500001728535],[11469448.826699998229742,35088.497900001704693],[11469471.9941,35098.070999998599291],[11469491.2225,35106.016600001603365],[11469515.403,35116.008400000631809],[11469534.069899998605251,35123.721900001168251],[11469576.1567,35141.112900000065565],[11469587.009100001305342,35145.597300000488758],[11469602.7199,35152.089200001209974],[11469603.571600001305342,35152.441300000995398],[11469642.3655,35168.471599999815226],[11469701.5618,35192.932500001043081],[11469708.2342,35195.689800001680851],[11469715.4921,35198.688799999654293],[11469749.49720000103116,35212.740299999713898],[11469758.702799998223782,35216.544300001114607],[11469796.212000001221895,35232.043699998408556],[11469809.0024,35237.328999999910593],[11469822.4751,35242.896099999547005],[11469825.552299998700619,35244.152100000530481],[11469854.114100001752377,35255.809500001370907],[11469899.104400001466274,35274.172200001776218],[11469904.563000001013279,35276.400100000202656],[11469917.033300001174212,35281.489799998700619],[11469982.3653,35308.155000001192093],[11469998.488699998706579,35314.735700000077486],[11470029.261599998921156,35327.295699998736382],[11470070.4976,35344.125999998301268],[11470108.1146,35359.479299999773502],[11470143.8466,35374.063299998641014],[11470153.539500001817942,35378.019400000572205],[11470171.247699998319149,35385.247000001370907],[11470189.6802,35392.770100001245737],[11470191.2683,35393.418400000780821],[11470228.50959999859333,35408.618400000035763],[11470245.6689000017941,35415.621899999678135],[11470268.526,35424.950899999588728],[11470305.350499998778105,35439.980799999088049],[11470337.760000001639128,35453.208700001239777],[11470383.064399998635054,35471.699599999934435],[11470422.9951,35487.99720000103116],[11470433.509799998253584,35492.288800001144409],[11470480.077399998903275,35511.685499999672174],[11470503.2143,35521.322599999606609],[11470547.521000001579523,35539.777499999850988],[11470555.8393,35543.242300000041723],[11470576.073800001293421,35551.670499999076128],[11470579.757800001651049,35553.204999998211861],[11470583.1752,35554.628400001674891],[11470587.734299998730421,35556.527399998158216],[11470588.7912,35556.967700000852346],[11470592.6338,35558.568199999630451],[11470595.327,35559.690000001341105],[11470601.3543,35562.200500000268221],[11470624.0401,35571.64979999884963],[11470637.413800001144409,35577.220300000160933],[11470655.817699998617172,35584.885999999940395],[11470671.6745,35591.490800000727177],[11470691.433899998664856,35599.721099998801947],[11470708.260499998927116,35606.729899998754263],[11470724.704599998891354,35613.579199999570847],[11470743.382599998265505,35621.359099999070168],[11470751.08729999884963,35624.568300001323223],[11470756.450800001621246,35626.802400000393391],[11470776.8693,35635.307300001382828],[11470786.4749,35639.308200001716614],[11470807.0506,35647.878600001335144],[11470816.9745,35652.012099999934435],[11470837.346500001847744,35660.497600000351667],[11470847.7361,35664.825199998915195],[11470851.412999998778105,35666.356699999421835],[11470865.995700001716614,35672.430799998342991],[11470879.944200001657009,35678.240699999034405],[11470894.1921,35684.175299998372793],[11470910.4863,35690.96229999884963],[11470928.626200001686811,35698.518100000917912],[11470935.571600001305342,35701.410999998450279],[11470969.383299998939037,35715.494600001722574],[11470971.164500001817942,35716.236400000751019],[11470993.3336,35725.470499999821186],[11471004.5786,35730.15430000051856],[11471021.997000001370907,35737.409600000828505],[11471038.822700001299381,35744.418000001460314],[11471056.874200001358986,35751.936900001019239],[11471078.1059,35760.780499998480082],[11471091.637200001627207,35766.416600000113249],[11471109.505199998617172,35773.859200000762939],[11471129.204599998891354,35782.064500000327826],[11471137.120299998670816,35785.361600000411272],[11471141.1114,35787.024000000208616],[11471155.7366,35793.115699999034405],[11471164.6032,35796.809000000357628],[11471186.4489,35805.908300001174212],[11471196.155499998480082,35809.951400000602007],[11471221.787300001829863,35820.627700001001358],[11471228.2375,35823.314399998635054],[11471245.61259999871254,35830.551699999719858],[11471260.178800001740456,35836.61879999935627],[11471281.6727,35845.571699999272823],[11471293.208500001579523,35850.3766999989748],[11471301.4397,35853.805100001394749],[11471312.9489,35858.598999999463558],[11471320.026099998503923,35861.546900000423193],[11471326.1573,35864.10080000013113],[11471332.406599998474121,35866.703699998557568],[11471350.156599998474121,35874.097100000828505],[11471363.9712,35879.851300001144409],[11471384.032900001853704,35888.207499999552965],[11471389.5213,35890.493599999696016],[11471397.0222,35893.617899999022484],[11471398.4413,35894.208999998867512],[11471403.9027,35896.483800001442432],[11471405.071199998259544,35896.970600001513958],[11471410.3132,35899.153999999165535],[11471413.8167,35900.613299999386072],[11471419.1508,35902.835099998861551],[11471423.249699998646975,35904.542399998754263],[11471429.3693,35907.091499999165535],[11471431.4868,35907.973400000482798],[11471438.408100001513958,35910.856300000101328],[11471442.2537,35912.458200000226498],[11471446.0823,35914.052799999713898],[11471451.296799998730421,35916.224899999797344],[11471454.9894,35917.762899998575449],[11471461.3605,35920.416700001806021],[11471467.2071,35922.85190000012517],[11471473.0073,35925.267900001257658],[11471475.021000001579523,35926.106600001454353],[11471484.594999998807907,35930.094399999827147],[11471488.248599998652935,35931.616200000047684],[11471498.212699998170137,35935.766600001603365],[11471500.7722,35936.832699999213219],[11471511.3712,35941.247600000351667],[11471513.7548,35942.24040000140667],[11471522.3151,35945.805900000035763],[11471528.755399998277426,35948.489900000393391],[11471528.882199998944998,35948.543299999088049],[11471531.815499998629093,35949.763199999928474],[11471537.511599998921156,35952.136100001633167],[11471540.798700001090765,35953.504900000989437],[11471547.893,35956.459899999201298],[11471552.2907,35958.291700001806021],[11471555.7264,35959.722699999809265],[11471564.718899998813868,35963.468400001525879],[11471565.279,35963.70160000026226],[11471568.991300001740456,35965.247900001704693],[11471571.1804,35966.159800000488758],[11471572.092099998146296,35966.53940000012517],[11471578.1714,35969.071600001305342],[11471582.4399,35970.849500000476837],[11471585.1398,35971.974199999123812],[11471587.657200001180172,35973.022700000554323],[11471600.5356,35978.386999998241663],[11471608.6501,35981.766800001263618],[11471620.597800001502037,35986.743400000035763],[11471622.3143,35987.458399999886751],[11471628.0654,35989.853999998420477],[11471637.174800001084805,35993.648299999535084],[11471649.7027,35998.866500001400709],[11471659.392,36002.902399998158216],[11471702.884799998253584,36021.018300000578165],[11471731.0777,36032.761500000953674],[11471739.4481,36036.247999999672174],[11471784.9315,36055.19310000166297],[11471809.650400001555681,36065.489199999719858],[11471860.2119,36086.549600001424551],[11471890.218199998140335,36099.048099998384714],[11471936.1226,36118.168499998748302],[11471960.364799998700619,36128.266199998557568],[11472019.3416,36152.831599999219179],[11472032.4974,36158.311500001698732],[11472078.4573,36177.455099999904633],[11472106.6397,36189.193900000303984],[11472128.745000001043081,36198.401399999856949],[11472129.9093,36198.886300001293421],[11472138.1807,36202.331599999219179],[11472140.1822,36203.165300000458956],[11472141.3649,36203.561999998986721],[11472143.1382,36204.156800001859665],[11472143.1424,36204.158700000494719],[11472147.4322,36205.597300000488758],[11472154.809300001710653,36208.071800000965595],[11472157.0434,36208.821199998259544],[11472158.625599998980761,36209.35190000012517],[11472176.5682,36215.370600000023842],[11472217.260000001639128,36229.020300000905991],[11472242.925900001078844,36237.629700001329184],[11472272.363200001418591,36247.504099998623133],[11472301.9510000012815,36257.429000001400709],[11472335.866,36268.805500000715256],[11472350.8717,36273.839099999517202],[11472390.8558,36287.251400001347065],[11472419.046100001782179,36296.707499999552965],[11472450.820799998939037,36307.366099998354912],[11472468.4991,36313.296000000089407],[11472515.366300001740456,36329.017200000584126],[11472528.8224,36333.530999999493361],[11472565.732099998742342,36345.912000000476837],[11472581.848499998450279,36351.317999999970198],[11472595.2989999987185,36355.829900000244379],[11472625.1485,36365.842700000852346],[11472633.679200001060963,36368.704300001263618],[11472640.66160000115633,36371.046399999409914],[11472657.3484,36377.271999999880791],[11472659.553800001740456,36378.094799999147654],[11472681.248399998992682,36386.188799999654293],[11472704.629299998283386,36394.911899998784065],[11472729.6932,36404.263000000268221],[11472754.9611,36413.690200001001358],[11472779.320500001311302,36422.778299998492002],[11472808.1457,36433.532600000500679],[11472828.1615,36441.000300001353025],[11472840.640700001269579,36445.656199999153614],[11472876.7802,36463.130899999290705],[11472892.693599998950958,36470.825399998575449],[11472936.445999998599291,36491.981300000101328],[11472957.1935,36502.013399999588728],[11472960.934,36503.822000000625849],[11472981.8919,36513.955899998545647],[11472993.0154,36519.334499999880791],[11473040.774300001561642,36542.427600000053644],[11473058.1034,36550.806800000369549],[11473061.782499998807907,36552.585799999535084],[11473092.4417,36567.410500001162291],[11473097.9208,36570.059900000691414],[11473144.7295,36592.693399999290705],[11473196.448399998247623,36617.701400000602007],[11473198.7971,36618.837000001221895],[11473210.4516,36623.685400001704693],[11473227.1342,36630.625599998980761],[11473272.135499998927116,36649.346599999815226],[11473299.8094,36660.859299998730421],[11473335.965300001204014,36675.900600001215935],[11473371.071199998259544,36690.505100000649691],[11473407.245000001043081,36705.553800001740456],[11473433.831999998539686,36716.61430000141263],[11473482.7009,36736.944299999624491],[11473514.8796,36750.331000000238419],[11473552.1461,36765.834300000220537],[11473587.126200001686811,36780.386500000953674],[11473628.3766999989748,36797.547200001776218],[11473635.5781,36800.543099999427795],[11473653.276700001209974,36807.905900001525879],[11473710.492199998348951,36831.708299998193979],[11473729.7326,36839.712499998509884],[11473786.4238,36863.296700000762939],[11473815.345400001853704,36875.328499998897314],[11473870.6233000010252,36898.324799999594688],[11473893.8515,36907.988000001758337],[11473940.205400001257658,36927.271800000220537],[11473972.0293,36940.510899998247623],[11474010.3625,36956.458000000566244],[11474010.9872,36956.714899998158216],[11474045.7423,36971.004900000989437],[11474082.398200001567602,36986.076499998569489],[11474108.949499998241663,36996.993400000035763],[11474156.381099998950958,37016.495400000363588],[11474176.1734,37024.633299998939037],[11474221.5673,37043.297600001096725],[11474261.1058,37059.554299999028444],[11474262.824700001627207,37060.261100001633167],[11474269.7762,37063.11939999833703],[11474272.7557,37064.344399999827147],[11474273.343199998140335,37064.574799999594688],[11474275.5059,37065.422899998724461],[11474281.597800001502037,37067.812199998646975],[11474284.432100001722574,37068.923799999058247],[11474304.717099998146296,37076.879399999976158],[11474311.6717,37079.60700000077486],[11474328.864,37086.349700000137091],[11474341.207899998873472,37091.190999999642372],[11474355.866099998354912,37096.939800001680851],[11474370.205200001597404,37102.56359999999404],[11474385.604400001466274,37108.603000000119209],[11474397.572,37113.296700000762939],[11474412.554499998688698,37119.172699999064207],[11474416.779,37120.829500000923872],[11474420.840300001204014,37122.422400001436472],[11474439.3712,37129.690099999308586],[11474445.4428,37132.071299999952316],[11474445.962000001221895,37132.274999998509884],[11474459.9062,37137.74379999935627],[11474472.50450000166893,37142.684799998998642],[11474490.124000001698732,37149.595100000500679],[11474493.854899998754263,37151.058299999684095],[11474496.6946,37152.171999998390675],[11474526.9428,37164.035199999809265],[11474543.53770000115037,37170.543600000441074],[11474562.842300001531839,37178.114700000733137],[11474574.671,37182.753899998962879],[11474599.2606,37192.397900000214577],[11474616.4067,37199.122400000691414],[11474633.986200001090765,37206.017099998891354],[11474649.312399998307228,37212.028000000864267],[11474651.1109,37212.733300000429153],[11474659.98759999871254,37216.214699998497963],[11474670.8312,37220.467399999499321],[11474678.7333,37223.566599998623133],[11474681.084600001573563,37224.488699998706579],[11474681.2053,37224.536200001835823],[11474700.445099998265505,37232.081799998879433],[11474702.293699998408556,37232.807000000029802],[11474709.201299998909235,37235.516100000590086],[11474715.9346,37238.156800001859665],[11474728.801600001752377,37243.203200001269579],[11474744.6442,37249.416600000113249],[11474765.4012,37257.557399999350309],[11474786.8536,37265.970899999141693],[11474805.5464,37273.302200000733137],[11474824.1972,37280.616900000721216],[11474840.286899998784065,37286.927200000733137],[11474847.9912,37289.948800001293421],[11474859.6626,37294.526200000196695],[11474880.5786,37302.729400001466274],[11474904.6276,37312.161299999803305],[11474913.96,37315.821400001645088],[11474918.1945,37317.482200000435114],[11474924.1391,37319.600900001823902],[11474947.6294,37327.973400000482798],[11474966.371100001037121,37334.653299998492002],[11475005.438900001347065,37348.577799998223782],[11475033.4468,37358.560400001704693],[11475076.941799998283386,37374.062899999320507],[11475109.076499998569489,37385.51630000025034],[11475121.003400001674891,37389.767299998551607],[11475167.907699998468161,37406.484999999403954],[11475171.0071,37407.664200000464916],[11475195.3726,37416.934599999338388],[11475249.4985,37437.527800001204014],[11475301.1186,37457.167700000107288],[11475343.8492,37473.425400000065565],[11475373.1659,37484.579500000923872],[11475416.882199998944998,37501.212200000882149],[11475443.9863,37511.524500001221895],[11475455.8275,37516.029699999839067],[11475457.419599998742342,37516.635499998927116],[11475457.8633,37516.804299999028444],[11475462.0603,37518.401099998503923],[11475463.17509999871254,37518.844300001859665],[11475498.7236,37532.975400000810623],[11475536.625100001692772,37548.041700001806021],[11475579.948399998247623,37565.263399999588728],[11475606.741300001740456,37575.914000000804663],[11475636.2075,37587.627399999648333],[11475695.850000001490116,37611.336100000888109],[11475702.1061,37613.822999998927116],[11475740.285300001502037,37628.999800000339746],[11475799.3906,37652.495099999010563],[11475823.3006,37661.999699998646975],[11475831.404800001531839,37665.2212999984622],[11475845.0341,37670.639199998229742],[11475890.4853,37688.706599999219179],[11475910.976100001484156,37696.852200001478195],[11475948.0713,37711.598000001162291],[11476012.1761,37737.080699998885393],[11476041.1257,37748.588700000196695],[11476073.497699998319149,37761.457100000232458],[11476099.501200001686811,37771.7939000017941],[11476135.2852,37786.0185999982059],[11476176.1014,37802.243700001388788],[11476192.19819999858737,37808.642400000244379],[11476246.4510000012815,37830.208799999207258],[11476270.9696,37839.955299999564886],[11476342.5912000015378,37868.426100000739098],[11476368.872900001704693,37878.873500000685453],[11476432.7555,37904.267900001257658],[11476459.541000001132488,37914.915600001811981],[11476545.322700001299381,37949.0152000002563],[11476563.140700001269579,37956.098099999129772],[11476570.741300001740456,37959.119500000029802],[11476614.4633,37976.499699998646975],[11476667.912500001490116,37997.746700000017881],[11476701.1743,38010.968800000846386],[11476743.3444,38027.732099998742342],[11476810.4489,38054.407299999147654],[11476822.616099998354912,38059.243900001049042],[11476867.3319,38077.019299998879433],[11476893.744199998676777,38087.518699999898672],[11476916.9654,38096.749400001019239],[11476979.827,38121.738000001758337],[11476993.7698,38127.280499998480082],[11477087.30009999871254,38164.460400000214577],[11477107.580400001257658,38172.522100001573563],[11477173.4947,38198.724199999123812],[11477213.5764,38214.657400000840425],[11477219.1804,38216.885099999606609],[11477446.5209,38307.256900001317263],[11477619.783599998801947,38376.131900001317263],[11477731.23030000180006,38420.434099998325109],[11477739.703899998217821,38423.802499998360872],[11477899.3618,38258.614500001072884],[11478035.321899998933077,38117.944899998605251],[11478036.8096,38116.405600000172853],[11478049.4173,38103.361099999397993],[11478052.1899,38100.492600001394749],[11478053.6712,38098.959899999201298],[11478055.796100001782179,38096.748399998992682],[11478062.389199998229742,38089.886799998581409],[11478064.052700001746416,38088.155499998480082],[11478085.3799,38065.959699999541044],[11478086.810199998319149,38064.471099998801947],[11478100.3457,38050.384399998933077],[11478112.5717,38037.660399999469519],[11478168.551399998366833,37979.400699999183416],[11478173.0222,37974.747800000011921],[11478231.448600001633167,37913.941599998623133],[11478237.366700001060963,37907.782600000500679],[11478261.7967,37882.357400000095367],[11478290.8842,37852.085200000554323],[11478314.442899998277426,37827.566899999976158],[11478358.7588,37781.445799998939037],[11478385.1514,37753.978300001472235],[11478431.691,37705.543000001460314],[11478434.241500001400709,37702.8885000012815],[11478469.522300001233816,37666.170499999076128],[11478507.908,37626.2212999984622],[11478547.114999998360872,37585.417199999094009],[11478594.371599998325109,37536.235599998384714],[11478598.9465,37531.474399998784065],[11478612.441799998283386,37517.429299999028444],[11478612.998,37516.850499998778105],[11478617.076499998569489,37512.605900000780821],[11478617.5649,37512.097600001841784],[11478621.507399998605251,37507.994600001722574],[11478777.8677,37345.264400001615286],[11478980.3908,37134.490600001066923],[11479130.819899998605251,36977.932700000703335],[11479130.82319999858737,36977.929299999028444],[11479130.859299998730421,36977.892499998211861],[11479131.432,36977.295699998736382],[11479131.476300001144409,36977.249600000679493],[11479132.4241,36976.263300001621246],[11479133.037500001490116,36975.624899998307228],[11479134.0665,36974.553899999707937],[11479134.564100001007318,36974.036100000143051],[11479135.715999998152256,36972.837200000882149],[11479136.326900001615286,36972.201400000602007],[11479137.272100001573563,36971.217799998819828],[11479137.719999998807907,36970.751600001007318],[11479138.684300001710653,36969.748100001364946],[11479139.6932,36968.697999998927116],[11479141.189100001007318,36967.141100000590086],[11479149.1272,36958.879700001329184],[11479152.4258,36955.446600001305342],[11479155.9676,36951.760600000619888],[11479156.6389,36951.061700001358986],[11479159.464899998158216,36948.120799999684095],[11479162.697700001299381,36944.756299998611212],[11479164.25560000166297,36943.134799998253584],[11479172.4448,36934.611999999731779],[11479178.556699998676777,36928.251200001686811],[11479180.8743,36925.839000001549721],[11479204.493700001388788,36901.25730000063777],[11479227.2995,36877.522300001233816],[11479254.527399998158216,36849.185100000351667],[11479274.5924,36828.302499998360872],[11479298.2973,36803.631700001657009],[11479304.049800001084805,36797.644999999552965],[11479305.1688,36796.480200000107288],[11479324.372499998658895,36776.494100000709295],[11479334.7907,36765.651399999856949],[11479357.877999998629093,36741.6233000010252],[11479381.77,36716.75789999961853],[11479397.867600001394749,36700.004399999976158],[11479425.6052,36671.136599998921156],[11479448.044300001114607,36647.78319999948144],[11479470.559099998325109,36624.350900001823902],[11479474.3919,36620.361800000071526],[11479491.9743,36602.063099998980761],[11479522.241999998688698,36570.562100000679493],[11479538.967099998146296,36553.155600000172853],[11479551.0992,36540.528999999165535],[11479563.182500001043081,36527.8293999992311],[11479580.302700001746416,36509.835999999195337],[11479614.6032,36473.786200001835823],[11479623.766600001603365,36464.1554000005126],[11479638.521200001239777,36448.648200001567602],[11479647.0174,36439.718600001186132],[11479660.845800001174212,36425.184999998658895],[11479672.734299998730421,36412.690099999308586],[11479707.5832,36376.063700001686811],[11479731.7328,36350.682399999350309],[11479757.444200001657009,36323.659600000828505],[11479776.0026,36304.154500000178814],[11479810.415,36267.986900001764297],[11479816.1915,36261.915800001472235],[11479821.12779999896884,36256.727699998766184],[11479867.611200001090765,36207.873500000685453],[11479870.83729999884963,36204.482700001448393],[11479899.9067,36173.930700000375509],[11479910.331500001251698,36162.973999999463558],[11479915.25959999859333,36157.794599998742342],[11479917.3310999982059,36155.617400001734495],[11479921.181200001388788,36151.570999998599291],[11479922.5874,36150.093100000172853],[11479926.443799998611212,36146.039900001138449],[11479928.4963,36143.882599998265505],[11479946.438299998641014,36125.025600001215935],[11479954.3187,36116.743099998682737],[11479965.883000001311302,36104.588899999856949],[11479977.313700001686811,36092.575300000607967],[11479987.8515,36081.499899998307228],[11479991.164900001138449,36078.017400000244379],[11480004.8389,36063.646000001579523],[11480017.318300001323223,36050.530099999159575],[11480036.1563,36030.731100000441074],[11480046.6967,36019.653200000524521],[11480060.386799998581409,36005.264600001275539],[11480080.7242,35983.889899998903275],[11480091.332899998873472,35972.739999998360872],[11480112.076900001615286,35950.937899999320507],[11480118.5563,35944.127900000661612],[11480120.3063,35942.288600001484156],[11480144.576900001615286,35916.780000001192093],[11480152.690900001674891,35908.252199999988079],[11480163.212900001555681,35897.193399999290705],[11480173.079100001603365,35886.823899999260902],[11480181.2143,35878.273800000548363],[11480199.147100001573563,35859.426199998706579],[11480210.065699998289347,35847.950500000268221],[11480226.8926,35830.265299998223782],[11480237.8235,35818.776900000870228],[11480254.979400001466274,35800.745900001376867],[11480263.6268,35791.657299999147654],[11480273.967,35780.789599999785423],[11480289.0159,35764.972899999469519],[11480296.602000001817942,35756.999899998307228],[11480321.8847,35730.427499998360872],[11480340.666900001466274,35710.687100000679493],[11480387.1329,35661.850699998438358],[11480507.6001,35535.237900000065565],[11480509.747499998658895,35532.980999998748302],[11480554.3239,35486.130499999970198],[11480669.1219,35365.475900001823902],[11480736.8614,35294.280499998480082],[11480785.0585,35243.624499998986721],[11480830.119600001722574,35196.264299999922514],[11480910.924800001084805,35111.336399998515844],[11480985.863699998706579,35032.574000000953674],[11480994.8825,35023.095100000500679],[11481130.4844,34880.574400000274181],[11481171.008299998939037,34837.982999999076128],[11481177.9562,34830.680500000715256],[11481346.1083,34653.948300000280142],[11481366.7936,34632.207499999552965],[11481403.2064,34593.936700001358986],[11481406.120700001716614,34590.873599998652935],[11481445.4814000017941,34549.504599999636412],[11481454.4168,34540.113200001418591],[11481490.4674,34502.223000001162291],[11481498.297600001096725,34493.993299998342991],[11481516.7764,34474.571600001305342],[11481530.410799998790026,34460.241399999707937],[11481548.4362,34441.29619999974966],[11481572.868299998342991,34415.617300000041723],[11481597.393,34389.840999998152256],[11481619.7989,34366.291900001466274],[11481648.653499998152256,34335.964800000190735],[11481670.1829,34313.33669999986887],[11481690.9510000012815,34291.508799999952316],[11481699.726300001144409,34282.285700000822544],[11481718.583,34262.466699998825788],[11481729.0264,34251.49040000140667],[11481767.922600001096725,34210.609400000423193],[11481770.053399998694658,34208.369699999690056],[11481776.755800001323223,34201.219000000506639],[11481804.509399998933077,34171.608800001442432],[11481821.9038,34153.050700001418591],[11481850.987,34122.022100001573563],[11481862.917100001126528,34109.2939000017941],[11481882.8569,34088.020100001245737],[11481891.4358000010252,34078.867300000041723],[11481904.8479,34064.558100000023842],[11481936.450599998235703,34030.841299999505281],[11481950.243700001388788,34016.125500001013279],[11481980.294100001454353,33984.064800001680851],[11482007.493500001728535,33955.045800000429153],[11482027.958999998867512,33933.211100000888109],[11482048.121399998664856,33911.69990000128746],[11482064.072999998927116,33894.68129999935627],[11482076.655699998140335,33881.256700001657009],[11482081.1254,33876.488099999725819],[11482081.282200001180172,33876.320799998939037],[11482087.4657,33869.723600000143051],[11482091.9817,33864.905499998480082],[11482096.9595,33859.594700001180172],[11482103.171300001442432,33852.967300001531839],[11482107.005800001323223,33848.876299999654293],[11482109.754700001329184,33845.943399999290705],[11482112.503600001335144,33843.01069999858737],[11482117.821199998259544,33837.337400000542402],[11482124.058200001716614,33830.683100000023842],[11482127.979400001466274,33826.499600000679493],[11482133.759399998933077,33820.332899998873472],[11482139.3303,33814.389199998229742],[11482140.5689,33813.067800000309944],[11482143.6146,33809.818300001323223],[11482149.8704,33803.144099999219179],[11482154.200399998575449,33798.524399999529123],[11482158.7139,33793.708999998867512],[11482163.7768,33788.307300001382828],[11482168.821600001305342,33782.92509999871254],[11482174.051399998366833,33777.345400001853704],[11482178.4212,33772.683100000023842],[11482183.811999998986721,33766.931800000369549],[11482188.009399998933077,33762.453699998557568],[11482194.3248,33755.715700000524521],[11482199.4841,33750.211100000888109],[11482204.2483000010252,33745.128299999982119],[11482208.135000001639128,33740.981600001454353],[11482212.2212,33736.622099999338388],[11482214.6301,33734.051899999380112],[11482215.043200001120567,33733.611200001090765],[11482216.3761,33732.188999999314547],[11482217.8345,33730.633099999278784],[11482220.418000001460314,33727.8766999989748],[11482221.1131,33727.135299999266863],[11482223.064599998295307,33725.053100001066923],[11482226.994800001382828,33720.860100001096725],[11482228.280299998819828,33719.488600000739098],[11482228.498,33719.256299998611212],[11482233.7971,33713.602600000798702],[11482238.4236,33708.666799999773502],[11482241.8931,33704.964999999850988],[11482244.25279999896884,33702.447500001639128],[11482251.965,33694.219399999827147],[11482253.551199998706579,33692.526900000870228],[11482270.7254,33674.20380000025034],[11482278.5478,33665.857999999076128],[11482295.155499998480082,33648.139199998229742],[11482308.2601,33634.157900001853704],[11482320.334800001233816,33621.275499999523163],[11482330.846700001507998,33610.060400001704693],[11482345.7509,33594.158900000154972],[11482357.299600001424551,33581.837600000202656],[11482364.2489,33574.423300001770258],[11482370.569400001317263,33567.680100001394749],[11482381.443,33556.078899998217821],[11482390.7549,33546.144099999219179],[11482393.660100001841784,33543.04450000077486],[11482395.592099998146296,33540.983199998736382],[11482403.077,33532.997600000351667],[11482420.148200001567602,33514.784299999475479],[11482439.7148,33493.908599998801947],[11482456.285,33476.229699999094009],[11482469.7229,33461.892700001597404],[11482488.5486,33441.807599999010563],[11482505.4364,33423.789799999445677],[11482518.6507,33409.691500000655651],[11482537.048,33390.063400000333786],[11482553.0856,33372.952899999916553],[11482563.515500001609325,33361.825100000947714],[11482565.417100001126528,33359.79619999974966],[11482567.968600001186132,33357.074099998921156],[11482581.342099998146296,33342.805700000375509],[11482598.339899998158216,33324.670699998736382],[11482611.1703,33310.981800001114607],[11482621.3816,33300.087400000542402],[11482621.783300001174212,33299.658900000154972],[11482646.2183,33273.589099999517202],[11482653.9045,33265.388599999248981],[11482683.2419,33234.088300000876188],[11482687.814800001680851,33229.209399998188019],[11482709.004099998623133,33206.602400001138449],[11482717.926399998366833,33197.083099998533726],[11482719.5938,33195.304099999368191],[11482737.486200001090765,33176.214499998837709],[11482739.9742,33173.560100000351667],[11482744.7513,33168.463500000536442],[11482768.0927,33143.560400001704693],[11482781.4166,33129.344999998807907],[11482795.0799,33114.767499998211861],[11482809.0944,33099.81529999896884],[11482820.67680000141263,33087.457899998873472],[11482833.898899998515844,33073.351100001484156],[11482851.6589,33054.402800001204014],[11482861.527399998158216,33043.874200001358986],[11482879.139899998903275,33025.083000000566244],[11482899.753400001674891,33003.090399999171495],[11482900.6001,33002.187100000679493],[11482902.6329,33000.018199998885393],[11482904.519000001251698,32998.005899999290705],[11482904.8526,32997.649999998509884],[11482905.1534,32997.329100001603365],[11482908.818999998271465,32993.418200001120567],[11482909.264899998903275,32992.942499998956919],[11482909.644299998879433,32992.537799999117851],[11482919.5088,32982.013099998235703],[11482927.0018,32974.018800001591444],[11482928.0367,32972.914700001478195],[11482942.188900001347065,32957.815499998629093],[11482954.5838,32944.5912000015378],[11482959.6135,32939.225000001490116],[11482979.413199998438358,32918.100499998778105],[11483039.8405,32853.629999998956919],[11483040.2942,32853.145899999886751],[11483064.360800001770258,32827.469000000506639],[11483106.1235,32782.911800000816584],[11483126.2824,32761.403999999165535],[11483168.1868,32716.695599999278784],[11483213.046300001442432,32668.834499999880791],[11483254.175,32624.953699998557568],[11483275.2744,32602.442499998956919],[11483287.123399998992682,32589.800599999725819],[11483332.5367,32541.348400000482798],[11483340.8917,32532.434300001710653],[11483398.281,32471.204799998551607],[11483415.166000001132488,32453.189899999648333],[11483459.276099998503923,32406.128100000321865],[11483466.109700001776218,32398.837099999189377],[11483498.749000001698732,32364.013900000602007],[11483541.1122,32318.815699998289347],[11483577.4201,32280.078200001269579],[11483624.199,32230.1689000017941],[11483629.6136,32224.3918999992311],[11483653.402399998158216,32199.011199999600649],[11483701.009799998253584,32148.2179000005126],[11483737.8473,32108.915300000458956],[11483776.921,32067.226700000464916],[11483796.171999998390675,32046.6875],[11483797.033,32045.768699999898672],[11483852.672200001776218,31986.405999999493361],[11483874.857,31962.7364999987185],[11483884.016199998557568,31952.964499998837709],[11483924.0643,31910.236200001090765],[11483935.188000001013279,31898.367899999022484],[11483960.369800001382828,31871.50109999999404],[11483966.0453,31865.445700000971556],[11483971.8041,31859.301500000059605],[11483973.076299998909235,31858.204999998211861],[11484019.088,31818.546900000423193],[11484051.1012,31790.954300001263618],[11484100.6408,31748.255399998277426],[11484124.136100001633167,31728.004399999976158],[11484157.515700001269579,31699.234099999070168],[11484165.2958,31692.528299998492002],[11484178.364100001752377,31681.264499999582767],[11484231.812399998307228,31635.196699999272823],[11484252.563900001347065,31617.310600001364946],[11484280.5513,31593.187800001353025],[11484295.1074,31580.641699999570847],[11484303.8534,31573.103300001472235],[11484323.26240000128746,31556.374499998986721],[11484336.2861,31545.149000000208616],[11484336.7036,31544.789200000464916],[11484341.9413,31540.27479999884963],[11484346.898400001227856,31536.002099998295307],[11484348.0293,31535.026399999856949],[11484348.229400001466274,31534.855000000447035],[11484348.5062,31534.616399999707937],[11484352.394499998539686,31531.265000000596046],[11484353.538400001823902,31530.279100000858307],[11484356.3699,31527.838500000536442],[11484361.851300001144409,31523.114000000059605],[11484363.104200001806021,31522.034099999815226],[11484364.409699998795986,31520.908900000154972],[11484367.852899998426437,31517.941100001335144],[11484372.6015,31513.848200000822544],[11484379.118700001388788,31508.230999998748302],[11484389.591899998486042,31499.203899998217821],[11484389.8679,31498.966099999845028],[11484423.8039,31469.716099999845028],[11484427.8158,31466.258099999278784],[11484458.697700001299381,31439.640399999916553],[11484473.6424,31426.759399998933077],[11484489.594500001519918,31413.010000001639128],[11484492.564100001007318,31410.450500000268221],[11484530.870299998670816,31377.433699999004602],[11484531.4139,31376.96510000154376],[11484533.263099998235703,31375.371100001037121],[11484554.5286,31357.042100001126528],[11484555.7815,31355.962200000882149],[11484583.143,31332.378800000995398],[11484593.474599998444319,31323.473799999803305],[11484618.920899998396635,31301.54109999909997],[11484622.5508,31298.412500001490116],[11484649.3845,31275.284000001847744],[11484650.0707,31274.692600000649691],[11484687.78770000115037,31242.183600001037121],[11484689.513,31240.69649999961257],[11484718.702,31215.537799999117851],[11484724.072,31210.909299999475479],[11484727.335099998861551,31208.096900001168251],[11484755.6974,31183.650800000876188],[11484759.114799998700619,31180.705200001597404],[11484782.953499998897314,31160.15819999948144],[11484787.4014,31156.324499998241663],[11484791.159699998795986,31153.085099998861551],[11484793.9734,31150.65989999845624],[11484797.670699998736382,31147.473200000822544],[11484801.5048,31144.168600000441074],[11484803.735100001096725,31142.246100001037121],[11484804.9894,31141.16499999910593],[11484805.6862,31140.564500000327826],[11484806.0772,31140.227400001138449],[11484806.108399998396635,31140.200500000268221],[11484806.6224,31139.757500000298023],[11484807.3501,31139.13120000064373],[11484807.5198,31138.984000001102686],[11484808.513,31138.127900000661612],[11484809.1543,31137.575199998915195],[11484810.263300001621246,31136.619500000029802],[11484810.66780000180006,31136.270700000226498],[11484811.8013,31135.293800000101328],[11484812.680599998682737,31134.535799998790026],[11484813.518199998885393,31133.813900001347065],[11484814.328200001269579,31133.115800000727177],[11484815.2645,31132.308699999004602],[11484816.8283,31130.960900001227856],[11484817.088799998164177,31130.736400000751019],[11484820.783300001174212,31127.551899999380112],[11484825.5953,31123.40430000051856],[11484826.2922,31122.803700000047684],[11484832.9773,31117.041700001806021],[11484835.142,31115.175799999386072],[11484836.320099998265505,31114.160500001162291],[11484842.9872,31108.414000000804663],[11484843.3999,31108.058200001716614],[11484850.086,31102.295400001108646],[11484851.0726,31101.445000000298023],[11484856.081799998879433,31097.127399999648333],[11484859.6837,31094.022900000214577],[11484864.966699998825788,31089.469399999827147],[11484869.183899998664856,31085.834499999880791],[11484869.985599998384714,31085.143500000238419],[11484881.938700001686811,31074.840799998492002],[11484883.9238,31073.129799999296665],[11484899.6587,31059.567600000649691],[11484901.459399998188019,31058.015599999576807],[11484904.222800001502037,31055.633600000292063],[11484913.117199998348951,31047.967399999499321],[11484915.392700001597404,31046.00620000064373],[11484915.6025,31045.825199998915195],[11484916.3387,31045.190699998289347],[11484916.5992,31044.9662000015378],[11484917.526299998164177,31044.167100001126528],[11484918.050900001078844,31043.714999999850988],[11484919.1113,31042.800900001078844],[11484919.488400001078844,31042.475999999791384],[11484920.3475,31041.735500000417233],[11484920.873,31041.282499998807907],[11484921.872900001704693,31040.420699998736382],[11484922.107900001108646,31040.218199998140335],[11484923.060899998992682,31039.396699998527765],[11484923.227000001817942,31039.253499999642372],[11484923.867600001394749,31038.701499998569489],[11484924.3526,31038.283399999141693],[11484924.482500001788139,31038.171500001102686],[11484925.4676,31037.321699999272823],[11484925.624400001019239,31037.186799999326468],[11484925.796,31037.039299998432398],[11484927.2275,31035.805500000715256],[11484928.305799998342991,31034.875999998301268],[11484928.909200001507998,31034.355900000780821],[11484930.02,31033.398600000888109],[11484930.415,31033.058100000023842],[11484931.604899998754263,31032.032499998807907],[11484931.834399998188019,31031.834699999541044],[11484932.8209,31030.984400000423193],[11484933.1226,31030.724399998784065],[11484933.331999998539686,31030.543800000101328],[11484934.661200001835823,31029.39809999987483],[11484934.854600001126528,31029.231499999761581],[11484936.129,31028.133099999278784],[11484936.4923,31027.820000000298023],[11484937.5876,31026.875900000333786],[11484938.663400001823902,31025.948600001633167],[11484940.911200001835823,31024.011100001633167],[11484943.450599998235703,31021.822399999946356],[11484952.1541,31014.320700000971556],[11484954.4219,31012.36600000038743],[11484962.2885,31005.585700001567602],[11484963.9155,31004.183299999684095],[11484971.412099998444319,30997.721799999475479],[11484972.1146,30997.116200000047684],[11484981.4091,30989.105200000107288],[11484982.5695,30988.104899998754263],[11484990.0081,30981.693399999290705],[11484992.0814,30979.906500000506639],[11485000.587900001555681,30972.574400000274181],[11485000.7242,30972.457100000232458],[11485003.8592,30969.754900000989437],[11485004.290199998766184,30969.383400000631809],[11485005.814599998295307,30968.069499999284744],[11485007.1105,30966.952500000596046],[11485009.346500001847744,30965.025299999862909],[11485010.7223,30963.839400000870228],[11485011.109900001436472,30963.505399998277426],[11485011.122900001704693,30963.494100000709295],[11485011.8046,30962.906599998474121],[11485011.902199998497963,30962.822500001639128],[11485012.4932,30962.313000001013279],[11485012.6705,30962.160199999809265],[11485013.2086,30961.69649999961257],[11485013.2256,30961.681800000369549],[11485013.337900001555681,30961.584600001573563],[11485014.0319,30960.986800000071526],[11485014.134799998253584,30960.897999998182058],[11485014.7396,30960.376899998635054],[11485014.9456,30960.199400000274181],[11485015.083099998533726,30960.080800000578165],[11485015.496599998325109,30959.724300000816584],[11485015.6034,30959.63230000063777],[11485015.932300001382828,30959.348799999803305],[11485016.3686,30958.972800001502037],[11485016.3816,30958.961500000208616],[11485017.0559,30958.380300000309944],[11485017.217,30958.241500001400709],[11485017.7427,30957.788400001823902],[11485018.0275,30957.542899999767542],[11485018.595600001513958,30957.053300000727177],[11485018.914700001478195,30956.778200000524521],[11485019.1409,30956.583299998193979],[11485019.5016999989748,30956.272300001233816],[11485020.0093,30955.834800001233816],[11485020.599800001829863,30955.325800001621246],[11485021.6732,30954.400600001215935],[11485022.244600001722574,30953.908100001513958],[11485023.0663,30953.199799999594688],[11485023.7533,30952.607700001448393],[11485025.890500001609325,30950.765700001269579],[11485027.846099998801947,30949.079999998211861],[11485028.5148,30948.503600001335144],[11485029.22239999845624,30947.893699999898672],[11485035.8607,30942.171999998390675],[11485036.710900001227856,30941.439300000667572],[11485039.827100001275539,30938.753400001674891],[11485042.452100001275539,30936.490800000727177],[11485045.087900001555681,30934.218899998813868],[11485050.053,30929.939500000327826],[11485057.412999998778105,30923.59569999948144],[11485060.095400001853704,30921.283599998801947],[11485060.2502,30921.150299999862909],[11485060.3981,30921.022799998521805],[11485063.621100001037121,30918.244699999690056],[11485063.710900001227856,30918.167300000786781],[11485066.516600001603365,30915.749099999666214],[11485067.112,30915.235800001770258],[11485067.474399998784065,30914.923500001430511],[11485068.069200001657009,30914.410900000482798],[11485070.158,30912.610500000417233],[11485079.861000001430511,30904.24720000103116],[11485090.2989999987185,30895.250399999320507],[11485092.607099998742342,30893.260999999940395],[11485098.2799,30888.371500000357628],[11485103.4304,30883.932199999690056],[11485103.702799998223782,30883.697399999946356],[11485114.1025,30874.733600001782179],[11485115.5348,30873.499200001358986],[11485128.039900001138449,30862.720800001174212],[11485128.7702,30862.091299999505281],[11485139.2346,30853.071800000965595],[11485141.836,30850.829500000923872],[11485153.005800001323223,30841.202100001275539],[11485153.5323,30840.748199999332428],[11485165.859000001102686,30830.123599998652935],[11485165.979899998754263,30830.019400000572205],[11485177.5563,30820.041299998760223],[11485177.736699998378754,30819.885800000280142],[11485189.5123,30809.736099999397993],[11485192.4853,30807.173700001090765],[11485200.603999998420477,30800.175999999046326],[11485203.1385000012815,30797.991399999707937],[11485211.400400001555681,30790.870299998670816],[11485211.9853,30790.366099998354912],[11485222.7364999987185,30781.099500000476837],[11485223.3376,30780.581399999558926],[11485224.870900001376867,30779.259799998253584],[11485225.329599998891354,30778.864399999380112],[11485227.1554,30777.290699999779463],[11485227.209199998527765,30777.244300000369549],[11485229.505399998277426,30775.265099998563528],[11485229.5585,30775.219500001519918],[11485231.726100001484156,30773.351199999451637],[11485232.7619,30772.458299998193979],[11485232.8196,30772.408300001174212],[11485234.304200001060963,30771.128899998962879],[11485235.1334,30770.414299998432398],[11485237.0092,30768.797400001436472],[11485238.0715,30767.881900001317263],[11485238.665,30767.370299998670816],[11485240.0753,30766.154699999839067],[11485240.1864,30766.059000000357628],[11485242.4551,30764.103500001132488],[11485243.434999998658895,30763.258900001645088],[11485245.281100001186132,30761.66780000180006],[11485246.186299998313189,30760.887499999254942],[11485247.1805,30760.030499998480082],[11485248.1547,30759.190900001674891],[11485249.858399998396635,30757.72239999845624],[11485252.1932,30755.71000000089407],[11485255.3061,30753.026900000870228],[11485261.797899998724461,30747.431400001049042],[11485263.201299998909235,30746.221900001168251],[11485269.7588,30740.56980000063777],[11485271.2815,30739.257399998605251],[11485278.537300001829863,30733.003400001674891],[11485280.3409,30731.448800001293421],[11485286.363200001418591,30726.258099999278784],[11485289.894900001585484,30723.213899999856949],[11485295.467799998819828,30718.410599999129772],[11485299.489799998700619,30714.943900000303984],[11485304.412500001490116,30710.700899999588728],[11485305.4817,30709.77930000051856],[11485312.302299998700619,30703.900499999523163],[11485312.9021,30703.383499998599291],[11485314.846099998801947,30701.707899998873472],[11485318.6505,30698.428800001740456],[11485317.421,30696.993900001049042],[11485315.8433,30695.152800001204014],[11485312.6233000010252,30691.394999999552965],[11485293.5876,30669.179800000041723],[11485258.9271,30628.730500001460314],[11485256.521899998188019,30625.923599999397993],[11485212.7722,30574.86710000038147],[11485200.4485,30560.485199999064207],[11485156.3536,30509.025699999183416],[11485154.2936,30506.621700000017881],[11485100.897100001573563,30444.307100001722574],[11485099.596500001847744,30442.789200000464916],[11485053.1338,30388.566599998623133],[11485042.4186,30376.061799999326468],[11484998.5568,30324.874600000679493],[11484994.655299998819828,30320.321400001645088],[11484942.6602,30259.642499998211861],[11484940.078200001269579,30256.629299998283386],[11484888.385200001299381,30196.30290000140667],[11484884.1816,30191.397300001233816],[11484839.3079,30139.029100000858307],[11484829.9067,30128.057700000703335],[11484787.010899998247623,30077.997999999672174],[11484780.829300001263618,30070.784000001847744],[11484740.6776,30023.926500000059605],[11484728.5323,30009.752900000661612],[11484691.4098,29966.430500000715256],[11484682.199099998921156,29955.681499999016523],[11484647.339000001549721,29914.999499998986721],[11484632.931200001388788,29898.185499999672174],[11484609.29280000180006,29870.59910000115633],[11484588.8605,29846.75450000166893],[11484552.2597,29804.041200000792742],[11484550.8141999989748,29802.354299999773502],[11484522.9802,29769.871700000017881],[11484526.560899998992682,29766.719099998474121],[11484548.7313,29747.199099998921156],[11484551.5883,29744.683699999004602],[11484561.670899998396635,29735.806499999016523],[11484582.5271,29717.443599998950958],[11484585.431400001049042,29714.886500000953674],[11484592.0861,29709.027399998158216],[11484595.738899998366833,29705.811299998313189],[11484596.4457,29705.188900001347065],[11484596.6402,29705.017700001597404],[11484598.5383,29703.346400000154972],[11484604.2231,29698.3412000015378],[11484605.5288,29697.191599998623133],[11484610.017299998551607,29693.239700000733137],[11484612.6413,29690.929400000721216],[11485953.3387,28510.500300001353025],[11485960.333500001579523,28504.341699998825788],[11488208.469,26532.102899998426437],[11488209.831300001591444,26530.907800000160933],[11488226.272599998861551,26539.053700000047684],[11488547.44990000128746,26534.834399998188019],[11489595.6439,26531.775600001215935],[11490514.8979,26522.905600000172853],[11491235.737799998372793,26487.915699999779463],[11491313.8864,26484.122299998998642],[11491328.125,26483.543800000101328],[11491575.2779,26473.502300001680851],[11491743.544,26451.150600001215935],[11491792.9419,26458.808100000023842],[11491908.62950000166893,26476.741500001400709],[11492289.5953,26545.508499998599291],[11492619.237100001424551,26604.147799998521805],[11493018.1946,26675.04839999973774],[11493409.2157,26745.415199998766184],[11493792.8301,26813.117899999022484],[11494344.1776,26912.271899998188019],[11494384.1547,26919.774000000208616],[11494506.0898,26942.657000001519918],[11494508.5394,26943.571400001645088],[11494555.3935,26961.060699999332428],[11494632.2328,26989.74269999936223],[11495164.2183,27188.318999998271465],[11495754.66270000115037,27406.958500001579523],[11495662.226300001144409,27030.633000001311302],[11495786.7232,26813.769400000572205],[11496317.6409,25888.946899998933077],[11497253.9382,26463.240200001746416],[11496710.044,27447.705400001257658],[11496584.9434,27674.139899998903275],[11497551.767700001597404,27923.032499998807907],[11498099.7333,28064.097100000828505],[11499050.904,26644.185899998992682],[11499023.219099998474121,26533.875900000333786],[11499003.7469,26456.289299998432398],[11498990.6356,26404.047600001096725],[11498949.8919,26241.705699998885393],[11498933.8156,26177.650499999523163],[11498889.937800001353025,26002.821299999952316],[11498190.1853,23214.768899999558926],[11498185.68299999833107,23196.470100000500679],[11497970.863000001758337,22323.386999998241663],[11497941.3088,22245.673000000417233],[11497930.4142,22217.025400001555681],[11497837.5548,21972.849399998784065],[11497738.704300001263618,21718.499000001698732],[11497506.919,21187.068599998950958],[11497364.9591,20744.465199999511242],[11497362.1103,20735.583099998533726],[11497333.7062,20725.648200001567602],[11497135.1158,20656.187199998646975],[11497109.61259999871254,20647.428100001066923],[11497103.809300001710653,20645.434900000691414],[11497032.512699998915195,20620.947599999606609],[11496575.037999998778105,20463.825300000607967],[11496572.317899998277426,20472.325100000947714],[11496472.7991,20783.306000001728535],[11496431.363200001418591,20912.786899998784065],[11496340.557,21196.540100000798702],[11496308.993500001728535,21189.922200001776218],[11495846.518,21092.956900000572205],[11495711.4232,21064.632100000977516],[11495823.068599998950958,20678.307500001043081],[11495973.4349,20157.993700001388788],[11495722.752500001341105,20160.626800000667572],[11495096.874699998646975,20167.200500000268221],[11495011.525400001555681,20393.072700001299381],[11494883.313299998641014,20732.377399999648333],[11494674.311999998986721,20655.647399999201298],[11494543.6048,20764.83839999884367],[11494393.272599998861551,20692.972699999809265],[11494388.561700001358986,20690.72069999948144],[11494222.2055,21148.492199998348951],[11493896.736699998378754,22044.092399999499321],[11493896.718899998813868,22044.141100000590086],[11493439.035100001841784,21882.151799999177456],[11493456.7654,21839.537799999117851],[11493430.309999998658895,21827.815699998289347],[11493427.734700001776218,21830.008900001645088],[11493402.7927,21851.251600001007318],[11492926.993900001049042,21818.883900001645088],[11492900.85530000180006,21817.105799999088049],[11492616.447,21818.673700001090765],[11492416.702100001275539,21799.741900000721216],[11492179.124400001019239,22460.559900000691414],[11492163.123799998313189,22463.471200000494719],[11491616.22239999845624,22562.979100000113249],[11491603.90989999845624,22559.422200001776218],[11491163.426600001752377,22432.169300001114607],[11491160.0576,22431.195900000631809],[11491139.7416,22425.326799999922514],[11490968.253899998962879,22888.218199998140335],[11490961.857900001108646,22908.996399998664856],[11490915.1582,23060.707800000905991],[11490900.1279,23109.535900000482798],[11490889.385499998927116,23144.434799998998642],[11490767.5211,23108.4206000007689],[11490663.984700001776218,23077.822700001299381],[11490659.2462,23076.633099999278784],[11490601.686,23062.184399999678135],[11490509.9815,23039.164599999785423],[11490494.14,23035.188200000673532],[11489910.6468,22835.285100001841784],[11489901.542399998754263,22832.166000001132488],[11490409.126200001686811,21972.528499998152256],[11490424.3679,21946.715199999511242],[11490438.960099998861551,21922.001899998635054],[11490442.859499998390675,21915.397900000214577],[11490479.6651,21853.064100001007318],[11490485.506299998611212,21843.171599999070168],[11490490.5214,21834.677999999374151],[11490502.1582,21814.193799998611212],[11490505.902399998158216,21807.602899998426437],[11490510.499699998646975,21799.510299999266863],[11490511.146200001239777,21798.372299998998642],[11490535.354200001806021,21755.75899999961257],[11490861.168000001460314,21182.228000000119209],[11490865.7403,21174.179400000721216],[11490867.5887,21171.134500000625849],[11490871.5159,21164.664299998432398],[11491143.5062,20716.558499999344349],[11491300.117800001055002,20458.497000001370907],[11490909.006900001317263,20150.014699999243021],[11490555.83839999884367,19871.459499999880791],[11490555.2273,19870.977400001138449],[11490554.2775,19870.100499998778105],[11490551.92790000140667,19867.931200001388788],[11490547.7636,19864.086100000888109],[11490305.6017,19640.497800000011921],[11490249.7174,19593.2162000015378],[11490200.776700001209974,19558.58669999986887],[11490197.6415,19556.635099999606609],[11490182.5891,19547.265299998223782],[11490035.763999998569489,19475.337900001555681],[11489952.761799998581409,19432.049100000411272],[11489930.606199998408556,19415.067499998956919],[11489853.62049999833107,19346.99720000103116],[11489846.1884,19343.472600001841784],[11489829.8310999982059,19335.715300001204014],[11489815.1664,19328.760800000280142],[11489782.5233,19276.454900000244379],[11489754.326299998909235,19231.272999998182058],[11489744.802700001746416,19224.347100000828505],[11489689.244199998676777,19230.734099999070168],[11489598.2407,19171.597100000828505],[11489360.6681,19033.249899998307228],[11489290.8372,18992.584899999201298],[11488967.033300001174212,18792.796799998730421],[11488962.50279999896884,18798.290899999439716],[11488956.524300001561642,18805.540699999779463],[11488744.7779,19062.315600000321865],[11488533.1061,19315.853999998420477],[11488166.4941,18969.347300000488758],[11487825.162099998444319,18646.735300000756979],[11487807.267499998211861,18634.290500000119209],[11487479.670200001448393,18406.463199999183416],[11487390.17680000141263,18331.299199998378754],[11486997.8926,18001.827300000935793],[11486654.2476,17713.207499999552965],[11486650.2251,17709.829100001603365],[11486648.638799998909235,17708.496800001710653],[11486648.310400001704693,17708.221099998801947],[11486647.472,17707.516800001263618],[11486646.397599998861551,17706.61430000141263],[11486646.2328,17706.475999999791384],[11486646.1706,17706.423900000751019],[11486644.8024,17705.27479999884963],[11486644.6963,17705.185400001704693],[11486644.3865,17704.925400000065565],[11486640.5746,17701.723799999803305],[11486640.428599998354912,17701.601199999451637],[11486638.3972,17699.894900001585484],[11486638.286400001496077,17699.801899999380112],[11486638.1008,17699.646099999547005],[11486636.6179,17698.400699999183416],[11486636.375300001353025,17698.197000000625849],[11486635.9456,17697.836100000888109],[11486635.812600001692772,17697.724399998784065],[11486634.2619,17696.421900000423193],[11486633.4718,17695.758400000631809],[11486633.2687,17695.587900001555681],[11486633.1483,17695.486600000411272],[11486633.074499998241663,17695.424600001424551],[11486632.1844,17694.677200000733137],[11486632.134,17694.634899999946356],[11486631.960900001227856,17694.48930000141263],[11486631.6327,17694.213899999856949],[11486631.6063,17694.191500000655651],[11486331.906399998813868,17444.584800001233816],[11486148.031,17291.443300001323223],[11485964.3668,17140.294900000095367],[11485652.8163,16883.902100000530481],[11485512.3,16769.28489999845624],[11485159.7181,16481.689500000327826],[11485025.8887,16373.092799998819828],[11484656.672400001436472,16073.489999998360872],[11484642.6151,16062.008900001645088],[11484343.4814000017941,15817.69539999961853],[11484065.2137,15590.424499999731779],[11484113.4996,15544.080699998885393],[11484195.320500001311302,15465.550299998372793],[11484224.414,15437.6266999989748],[11484569.5968,15106.325100000947714],[11484587.939599998295307,15088.719900000840425],[11484606.2824,15071.114700000733137],[11484606.2432,15071.102000001817942],[11484621.054699998348951,15039.1554000005126],[11484571.5588,14693.758699998259544],[11484550.1813,14544.580800000578165],[11484540.7982,14530.307100001722574],[11484521.0638,14500.286499999463558],[11484398.3794,14313.656599998474121],[11484233.63569999858737,14234.163800001144409],[11484182.724599998444319,14209.597899999469519],[11484045.922200001776218,14201.309000000357628],[11484038.80689999833703,14200.877900000661612],[11483870.4599,14190.677700001746416],[11483775.677499998360872,14184.93470000103116],[11483706.703000001609325,14180.755499999970198],[11483697.7315,14177.940699998289347],[11483543.571400001645088,14129.574999999254942],[11483415.607299998402596,14089.427999999374151],[11483086.499899998307228,13875.058699999004602],[11482817.9139,13550.068900000303984],[11482679.064800001680851,13382.061599999666214],[11482630.03489999845624,13343.028000000864267],[11482567.148899998515844,13292.963100001215935],[11482453.002999998629093,13202.089200001209974],[11482430.5031,13184.176600001752377],[11482382.779599998146296,13146.183100000023842],[11482317.400199998170137,13103.317099999636412],[11482300.766600001603365,13092.411400001496077],[11482297.480099998414516,13090.256700001657009],[11482272.3783,13073.798700001090765],[11482256.687600001692772,13066.774300001561642],[11482186.9509,13035.55460000038147],[11481980.33729999884963,12943.057700000703335],[11481762.5812,12845.572599999606609],[11481196.6219,12514.989100001752377],[11481196.483,12514.871100001037121],[11480783.2949,12164.532000001519918],[11480758.867800001055002,12143.82039999961853],[11480473.612,11901.954900000244379],[11480445.306200001388788,11884.558499999344349],[11480425.814,11872.578899998217821],[11480363.052700001746416,11834.006599999964237],[11480358.515500001609325,11831.217999998480082],[11480344.768199998885393,11824.510600000619888],[11480340.162099998444319,11822.263399999588728],[11480287.8191,11796.725299999117851],[11480039.5554,11675.597199998795986],[11479987.33729999884963,11650.120000001043081],[11479873.1404,11522.711199998855591],[11479804.756299998611212,11446.415399998426437],[11479789.204,11429.063900001347065],[11479782.8671,11421.99379999935627],[11479476.57319999858737,11062.682599999010563],[11479426.769000001251698,11004.25789999961853],[11479354.779599998146296,10919.80799999833107],[11479303.936700001358986,10860.164700001478195],[11479235.027199998497963,10779.328000001609325],[11479110.4047,10633.135099999606609],[11478914.2894,10403.075500000268221],[11478808.549199998378754,10231.92119999974966],[11478328.665800001472235,9455.171399999409914],[11478267.977699998766184,9356.940799999982119],[11478250.969099998474121,9329.410599999129772],[11478156.1265,9115.401900000870228],[11478111.938000001013279,9015.692099999636412],[11478061.363200001418591,8901.572399999946356],[11478076.0013,8653.771800000220537],[11478082.7377,8539.732599999755621],[11478070.4029,8522.170499999076128],[11477925.662,8316.089999999850988],[11477903.9516,8285.178899999707937],[11477898.3598,8277.217500001192093],[11477873.977200001478195,8242.501899998635054],[11477873.9663,8242.41950000077486],[11477862.8358,8202.830200001597404],[11477835.5922,8105.929800000041723],[11477755.0724,7819.536699999123812],[11477564.5658,7791.9037000015378],[11477451.19709999859333,7658.423500001430511],[11477363.361000001430511,7649.655900001525879],[11477297.932300001382828,7643.125100001692772],[11477195.535799998790026,7589.937899999320507],[11476711.6343,7338.58839999884367],[11476706.1492,7335.73930000141263],[11476700.8996,7328.274300001561642],[11476426.985,6938.767000000923872],[11476424.3823,6935.066100001335144],[11476423.6439,6934.015999998897314],[11476420.255399998277426,6929.197599999606609],[11476419.7071,6928.502099998295307],[11476418.462699998170137,6926.648400001227856],[11476410.4461,6915.24890000000596],[11476346.919100001454353,6824.913499999791384],[11475943.121800001710653,6705.220400001853704],[11475676.5766,6626.211500000208616],[11475400.606600001454353,6633.535799998790026],[11475346.530000001192093,6618.645899999886751],[11475340.4954,6616.984200000762939],[11475327.113899998366833,6613.299600001424551],[11474839.079599998891354,6478.920099999755621]],[[11468871.0546,34719.63120000064373],[11468874.577599998563528,34714.8310999982059],[11468870.765445472672582,34720.025203487857652],[11468871.0546,34719.63120000064373]]]]}}
]
}
